Date,Title,Artist
2000-01-01,Smooth,Santana Featuring Rob Thomas
2000-01-01,Back At One,Brian McKnight
2000-01-01,I Wanna Love You Forever,Jessica Simpson
2000-01-01,My Love Is Your Love,Whitney Houston
2000-01-01,I Knew I Loved You,Savage Garden
2000-01-01,I Need To Know,Marc Anthony
2000-01-01,Hot Boyz,"Missy ""Misdemeanor"" Elliott Featuring NAS, EVE & Q-Tip"
2000-01-01,U Know What's Up,Donell Jones
2000-01-01,Bring It All To Me,Blaque
2000-01-01,Girl On TV,LFO
2000-01-01,What A Girl Wants,Christina Aguilera
2000-01-01,24/7,Kevon Edmonds
2000-01-01,Blue (Da Ba Dee),Eiffel 65
2000-01-01,Then The Morning Comes,Smash Mouth
2000-01-01,He Can't Love U,Jagged Edge
2000-01-01,Waiting For Tonight,Jennifer Lopez
2000-01-01,That's The Way It Is,Celine Dion
2000-01-01,The Christmas Song (Chestnuts Roasting On An Open Fire),Christina Aguilera
2000-01-01,Dancin',Guy
2000-01-01,Steal My Sunshine,Len
2000-01-01,Get It On Tonite,Montell Jordan
2000-01-01,Learn To Fly,Foo Fighters
2000-01-01,Big Deal,LeAnn Rimes
2000-01-01,Meet Virginia,Train
2000-01-01,Unpretty,TLC
2000-01-01,Breathe,Faith Hill
2000-01-01,Back That Thang Up,Juvenile Featuring Mannie Fresh & Lil' Wayne
2000-01-01,"4, 5, 6",Sole Featuring JT Money & Kandi
2000-01-01,Stay The Night,IMx
2000-01-01,Don't Say You Love Me,M2M
2000-01-01,Where My Girls At?,702
2000-01-01,Mambo No. 5 (A Little Bit Of...),Lou Bega
2000-01-01,Hanginaround,Counting Crows
2000-01-01,Take A Picture,Filter
2000-01-01,Get Gone,Ideal
2000-01-01,Someday,Sugar Ray
2000-01-01,He Didn't Have To Be,Brad Paisley
2000-01-01,Got Your Money,Ol' Dirty Bastard Featuring Kelis
2000-01-01,Shake Your Bon-Bon,Ricky Martin
2000-01-01,If You Love Me,Mint Condition
2000-01-01,Black Balloon,Goo Goo Dolls
2000-01-01,Rhythm Divine,Enrique Iglesias
2000-01-01,Thank God I Found You,Mariah Carey Featuring Joe & 98 Degrees
2000-01-01,Satisfy You,Puff Daddy Featuring R. Kelly
2000-01-01,Amazed,Lonestar
2000-01-01,What Do You Say,Reba
2000-01-01,You Can Do It,Ice Cube Featuring Mack 10 & Ms. Toi
2000-01-01,Cowboy Take Me Away,Dixie Chicks
2000-01-01,When I Said I Do,Clint Black
2000-01-01,My Best Friend,Tim McGraw
2000-01-01,Got To Get It,Sisqo Featuring Make It Hot
2000-01-01,All The Small Things,blink-182
2000-01-01,This Gift,98 Degrees
2000-01-01,Auld Lang Syne,Kenny G
2000-01-01,Angels,Robbie Williams
2000-01-01,Say My Name,Destiny's Child
2000-01-01,Pop A Top,Alan Jackson
2000-01-01,Caught Out There,Kelis
2000-01-01,15 Minutes,Marc Nelson
2000-01-01,Heartbreaker,Mariah Carey Featuring Jay-Z
2000-01-01,Higher,Creed
2000-01-01,Bling Bling,"B.G. Featuring Baby, Turk, Mannie Fresh, Juvenile & Lil' Wayne"
2000-01-01,Will 2K,Will Smith Featuring K-Ci
2000-01-01,Deep Inside,Mary J. Blige
2000-01-01,All Things Considered,Yankee Grey
2000-01-01,I Love You,Martina McBride
2000-01-01,Sexual (Li Da Di),Amber
2000-01-01,None Of Ur Friends Business,Ginuwine
2000-01-01,Deck The Halls,SHeDAISY
2000-01-01,Left & Right,D'Angelo Featuring Method Man And Redman
2000-01-01,Smile,Lonestar
2000-01-01,The Great Beyond,R.E.M.
2000-01-01,Bug A Boo,Destiny's Child
2000-01-01,Show Me The Meaning Of Being Lonely,Backstreet Boys
2000-01-01,We Can't Be Friends,Deborah Cox With R.L.
2000-01-01,(You Drive Me) Crazy,Britney Spears
2000-01-01,One Night Stand,J-Shin Featuring LaTocha Scott
2000-01-01,N 2 Gether Now,Limp Bizkit Featuring Method Man
2000-01-01,No More Rain (In This Cloud),Angie Stone
2000-01-01,Home To You,John Michael Montgomery
2000-01-01,The Chemicals Between Us,Bush
2000-01-01,Tha Block Is Hot,Lil' Wayne Featuring Juvenile & B.G.
2000-01-01,Guerrilla Radio,Rage Against The Machine
2000-01-01,"Live, Laugh, Love",Clay Walker
2000-01-01,Notorious B.I.G.,The Notorious B.I.G. Featuring Puff Daddy & Lil' Kim
2000-01-01,She Thinks My Tractor's Sexy,Kenny Chesney
2000-01-01,Larger Than Life,Backstreet Boys
2000-01-01,There She Goes,Sixpence None The Richer
2000-01-01,The Greatest Romance Ever Sold,Prince
2000-01-01,The Rockafeller Skank,Fatboy Slim
2000-01-01,Give You What You Want (Fa Sure),Chico DeBarge
2000-01-01,Music Of My Heart,*NSYNC & Gloria Estefan
2000-01-01,A Country Boy Can Survive (Y2K Version),Chad Brock With Hank Williams Jr. & George Jones
2000-01-01,I Wanna Know,Joe
2000-01-01,Re-arranged,Limp Bizkit
2000-01-01,L.A. Song,Beth Hart
2000-01-01,Gotta Man,Eve
2000-01-01,The Quittin' Kind,Joe Diffie
2000-01-01,Steam,Ty Herndon
2000-01-01,NAStradamus,Nas
2000-01-08,G'd Up,Snoop Dogg Presents Tha Eastsidaz
2000-01-08,All I Want For Christmas Is You,Mariah Carey
2000-01-08,Love Is Blind,Eve Featuring Faith Evans
2000-01-08,The Best Man I Can Be,"Ginuwine, R.L., Tyrese, Case"
2000-01-15,Falls Apart,Sugar Ray
2000-01-15,Back At One,Mark Wills
2000-01-15,Do It Again (Put Ya Hands Up),Jay-Z Featuring Beanie Sigel & Amil
2000-01-15,What's My Name,DMX
2000-01-22,Never Let You Go,Third Eye Blind
2000-01-22,It Feels So Good,Sonique
2000-01-22,Everything You Want,Vertical Horizon
2000-01-22,Breathe And Stop,Q-Tip
2000-01-22,Forgot About Dre,Dr. Dre Featuring Eminem
2000-01-22,Untitled (How Does It Feel),D'Angelo
2000-01-22,Smoke Rings In The Dark,Gary Allan
2000-01-29,Bye Bye Bye,*NSYNC
2000-01-29,The Best Day,George Strait
2000-01-29,Thong Song,Sisqo
2000-01-29,"Tricky, Tricky",Lou Bega
2000-01-29,From The Bottom Of My Broken Heart,Britney Spears
2000-01-29,How Do You Like Me Now?!,Toby Keith
2000-01-29,Lessons Learned,Tracy Lawrence
2000-01-29,Put Your Hand In Mine,Tracy Byrd
2000-01-29,Because You Love Me,Jo Dee Messina
2000-01-29,I Don't Wanna,Aaliyah
2000-01-29,I Like It,Sammie
2000-02-05,Love's The Only House,Martina McBride
2000-02-05,This Woman Needs,SHeDAISY
2000-02-05,U Understand,Juvenile
2000-02-05,Candy,Mandy Moore
2000-02-05,Still D.R.E.,Dr. Dre Featuring Snoop Dogg
2000-02-12,Maria Maria,Santana Featuring The Product G&B
2000-02-12,Dear Lie,TLC
2000-02-12,Best Friend,Puff Daddy Featuring Mario Winans & Hezekiah Walker & The Love Fe
2000-02-12,Otherside,Red Hot Chili Peppers
2000-02-12,No Leaf Clover,Metallica
2000-02-12,Freakin' It,Will Smith
2000-02-12,"Left, Right, Left",Drama
2000-02-19,American Pie,Madonna
2000-02-19,Only God Knows Why,Kid Rock
2000-02-19,I Try,Macy Gray
2000-02-19,Another Dumb Blonde,Hoku
2000-02-19,I Need A Hot Girl,Hot Boys
2000-02-19,Feelin' So Good,Jennifer Lopez Featuring Big Pun & Fat Joe
2000-02-19,I Learned From The Best,Whitney Houston
2000-02-19,Do What You Gotta Do,Garth Brooks
2000-02-19,Been There,Clint Black With Steve Wariner
2000-02-26,Anything,JAY-Z
2000-02-26,You Sang To Me,Marc Anthony
2000-02-26,Baby Don't Cry (Keep Ya Head Up II),2Pac + Outlawz
2000-02-26,Party Up (Up In Here),DMX
2000-02-26,That's What I'm Looking For,Da Brat
2000-02-26,Stay Or Let It Go,Brian McKnight
2000-03-04,There You Go,P!nk
2000-03-04,Carlene,Phil Vassar
2000-03-04,Whoa!,Black Rob
2000-03-04,U Don't Love Me,Kumbia Kings Featuring A.B. Quintanilla
2000-03-04,It Was,Chely Wright
2000-03-04,Daddy Won't Sell The Farm,Montgomery Gentry
2000-03-04,Still In My Heart,Tracie Spencer
2000-03-04,Get Up,Amel Larrieux
2000-03-11,Private Emotion,Ricky Martin Featuring Meja
2000-03-11,Buy Me A Rose,Kenny Rogers With Alison Krauss & Billy Dean
2000-03-11,The Way You Love Me,Faith Hill
2000-03-11,She's More,Andy Griggs
2000-03-18,Goodbye Earl,Dixie Chicks
2000-03-18,Try Again,Aaliyah
2000-03-18,He Wasn't Man Enough,Toni Braxton
2000-03-18,The Bad Touch,Bloodhound Gang
2000-03-18,Mr. Too Damn Good,Gerald Levert
2000-03-18,"Ryde Or Die, Chick",The Lox Featuring Timbaland And EVE
2000-03-18,Couldn't Last A Moment,Collin Raye
2000-03-18,Whistle While You Twurk,Ying Yang Twins
2000-03-18,No Mercy,Ty Herndon
2000-03-25,You Owe Me,NAS Featuring Ginuwine
2000-03-25,I Wish,Carl Thomas
2000-03-25,I Belong To You,Lenny Kravitz
2000-03-25,Can't Stay,Dave Hollister
2000-03-25,Shackles (Praise You),Mary Mary
2000-03-25,Unconditional,Clay Davidson
2000-03-25,If You Don't Wanna Love Me,Tamar Braxton
2000-04-01,Be With You,Enrique Iglesias
2000-04-01,Where You Are,Jessica Simpson Featuring Nick Lachey
2000-04-01,What I Need To Do,Kenny Chesney
2000-04-01,Real Live Woman,Trisha Yearwood
2000-04-01,Mirror Mirror,M2M
2000-04-01,I'm Outta Love,Anastacia
2000-04-01,Swear It Again,Westlife
2000-04-08,Crash And Burn,Savage Garden
2000-04-08,Better Off Alone,Alice Deejay
2000-04-08,Purest Of Pain (A Puro Dolor),Son By Four
2000-04-08,Kryptonite,3 Doors Down
2000-04-08,Yes!,Chad Brock
2000-04-15,I Turn To You,Christina Aguilera
2000-04-15,Wobble Wobble,504 Boyz
2000-04-15,I Don't Wanna Kiss You Goodnight,LFO
2000-04-15,The Chain Of Love,Clay Walker
2000-04-15,Graduation (Friends Forever),Vitamin C
2000-04-15,Best Of Me,Mya Featuring Jadakiss
2000-04-15,Give Me You,Mary J. Blige
2000-04-22,This Time Around,Hanson
2000-04-22,Someday Out Of The Blue,Elton John
2000-04-22,Oops!...I Did It Again,Britney Spears
2000-04-22,Big Pimpin',Jay-Z Featuring UGK
2000-04-22,Broadway,Goo Goo Dolls
2000-04-22,Where I Wanna Be,Donell Jones
2000-04-22,It's So Hard,Big Punisher Featuring Donell Jones
2000-04-29,Bent,matchbox twenty
2000-04-29,Separated,Avant
2000-04-29,More,Trace Adkins
2000-04-29,Another Nine Minutes,Yankee Grey
2000-04-29,Flowers On The Wall,Eric Heatherly
2000-04-29,Back Here,BBMak
2000-04-29,(Hot S**t) Country Grammar,Nelly
2000-05-06,The Real Slim Shady,Eminem
2000-05-06,Let's Get Married,Jagged Edge
2000-05-06,It's Gonna Be Me,*NSYNC
2000-05-06,Absolutely (Story Of A Girl),Nine Days
2000-05-06,Prayin' For Daylight,Rascal Flatts
2000-05-13,Nothing As It Seems,Pearl Jam
2000-05-13,"Jumpin', Jumpin'",Destiny's Child
2000-05-13,Some Things Never Change,Tim McGraw
2000-05-13,I Hope You Dance,Lee Ann Womack
2000-05-13,With Arms Wide Open,Creed
2000-05-13,I Disappear,Metallica
2000-05-13,Me Neither,Brad Paisley
2000-05-13,I'll Be,Reba McEntire
2000-05-13,Love Sets You Free,Kelly Price & Friends
2000-05-13,Desert Rose,Sting Featuring Cheb Mami
2000-05-20,Dance Tonight,Lucy Pearl
2000-05-20,Monica,Before Dark
2000-05-20,Shut Up,"Trick Daddy Featuring Duece Poppito, Trina, Co"
2000-05-27,The One,Backstreet Boys
2000-05-27,I Need You,LeAnn Rimes
2000-05-27,The Next Episode,Dr. Dre Featuring Snoop Dogg
2000-05-27,Wifey,Next
2000-06-03,What'Chu Like,Da Brat Featuring Tyrese
2000-06-03,3 Little Words,Nu Flavor
2000-06-10,I Think God Can Explain,Splender
2000-06-10,Whatever,Ideal Featuring Lil' Mo
2000-06-10,No Me Dejes De Querer,Gloria Estefan
2000-06-10,What About Now,Lonestar
2000-06-10,I Will Love Again,Lara Fabian
2000-06-10,You'll Always Be Loved By Me,Brooks & Dunn
2000-06-10,When You Need My Love,Darryl Worley
2000-06-17,Doesn't Really Matter,Janet
2000-06-17,I Wanna Be With You,Mandy Moore
2000-06-17,"Same Script, Different Cast",Whitney Houston & Deborah Cox
2000-06-17,Could I Have This Kiss Forever,Whitney Houston & Enrique Iglesias
2000-06-17,One Voice,Billy Gilman
2000-06-17,Riddle,En Vogue
2000-06-24,Crybaby,Mariah Carey Featuring Snoop Dogg
2000-06-24,It Must Be Love,Alan Jackson
2000-06-24,Incomplete,Sisqo
2000-06-24,That's The Way,Jo Dee Messina
2000-06-24,Taking You Home,Don Henley
2000-06-24,Cold Day In July,Dixie Chicks
2000-06-24,Take That,"Torrey Carter Featuring Missy ""Misdemeanor"" Elliott"
2000-07-01,Simple Kind Of Life,No Doubt
2000-07-01,I Think I'm In Love With You,Jessica Simpson
2000-07-01,No More,Ruff Endz
2000-07-01,What You Want,DMX Featuring Sisqo
2000-07-01,Got Beef,Snoop Dogg Presents Tha Eastsidaz Featuring Jayo Felony And Blaqthoven
2000-07-08,Wonderful,Everclear
2000-07-08,Sour Girl,Stone Temple Pilots
2000-07-08,Faded,SoulDecision Featuring Thrust
2000-07-08,Dancing Queen,A*Teens
2000-07-08,Don't Call Me Baby,Madison Avenue
2000-07-15,Change Your Mind,Sister Hazel
2000-07-15,I Will...But,SHeDAISY
2000-07-15,No Matter What They Say,Lil' Kim
2000-07-15,Your Everything,Keith Urban
2000-07-15,As We Lay,Kelly Price
2000-07-15,Got It All,Eve & Jadakiss
2000-07-22,Who Let The Dogs Out,Baha Men
2000-07-29,Californication,Red Hot Chili Peppers
2000-07-29,Last Resort,Papa Roach
2000-07-29,Just Be A Man About It,Toni Braxton
2000-07-29,Callin' Me,Lil' Zane Featuring 112
2000-07-29,Dance With Me,Debelah Morgan
2000-08-05,Come On Over Baby (All I Want Is You),Christina Aguilera
2000-08-05,Don't Think I'm Not,Kandi
2000-08-05,The Light,Common
2000-08-05,Treat Her Like A Lady,Joe
2000-08-05,Country Comes To Town,Toby Keith
2000-08-05,West Side Story,LFO
2000-08-05,Cherchez LaGhost,Ghostface Killah
2000-08-12,Music,Madonna
2000-08-12,Lucky,Britney Spears
2000-08-12,It's My Life,Bon Jovi
2000-08-12,It's Always Somethin',Joe Diffie
2000-08-12,Let's Make Love,Faith Hill With Tim McGraw
2000-08-12,Most Girls,P!nk
2000-08-12,Shake Ya Ass,Mystikal
2000-08-12,Hey Papi,Jay-Z Featuring Memphis Bleek & Amil
2000-08-12,Imagine That,LL Cool J
2000-08-12,Ta Da,Lil' Mo
2000-08-19,Bounce With Me,Lil Bow Wow Featuring Xscape
2000-08-19,Give Me Just One Night (Una Noche),98 Degrees
2000-08-19,Bag Lady,Erykah Badu
2000-08-19,Case Of The Ex (Whatcha Gonna Do),Mya
2000-08-19,Baby U Are,Gerald Levert
2000-08-19,Best Of Intentions,Travis Tritt
2000-08-26,You're A God,Vertical Horizon
2000-08-26,Go On,George Strait
2000-08-26,Kiss This,Aaron Tippin
2000-08-26,Open My Heart,Yolanda Adams
2000-08-26,The Way I Am,Eminem
2000-08-26,Aaron's Party (Come Get It),Aaron Carter
2000-09-02,Deep Inside Of You,Third Eye Blind
2000-09-02,Feels Like Love,Vince Gill
2000-09-02,The Hardest Part Of Breaking Up (Is Getting Back Your Stuff),2Gether
2000-09-02,Kernkraft 400,Zombie Nation
2000-09-09,Pinch Me,Barenaked Ladies
2000-09-09,There You Are,Martina McBride
2000-09-09,The Little Girl,John Michael Montgomery
2000-09-09,Can't Fight The Moonlight,LeAnn Rimes
2000-09-09,Gotta Tell You,Samantha Mumba
2000-09-09,Bad Boyz,Shyne Featuring Barrington Levy
2000-09-09,Pull Over,Trina
2000-09-16,Liar,Profyle
2000-09-16,My Baby You,Marc Anthony
2000-09-16,Between Me And You,Ja Rule Featuring Christina Milian
2000-09-16,Can't Go For That,Tamia
2000-09-16,That's The Kind Of Mood I'm In,Patty Loveless
2000-09-23,Independent Women Part I,Destiny's Child
2000-09-23,Summer Rain,Carl Thomas
2000-09-23,You Should've Told Me,Kelly Price
2000-09-23,You Won't Be Lonely Now,Billy Ray Cyrus
2000-09-30,This I Promise You,*NSYNC
2000-09-30,I Wish,R. Kelly
2000-09-30,That Other Woman,Changing Faces
2000-09-30,Just Another Day In Paradise,Phil Vassar
2000-09-30,What's Your Fantasy,Ludacris Featuring Shawnna
2000-09-30,He Loves U Not,Dream
2000-10-07,She Bangs,Ricky Martin
2000-10-07,E.I.,Nelly
2000-10-07,Beautiful Day,U2
2000-10-07,911,Wyclef Jean Featuring Mary J. Blige
2000-10-07,Without You,Dixie Chicks
2000-10-14,Shape Of My Heart,Backstreet Boys
2000-10-14,We Danced,Brad Paisley
2000-10-14,Just Friends (Sunny),Musiq
2000-10-14,What Means The World To You,Cam'Ron
2000-10-21,If You're Gone,matchbox twenty
2000-10-21,Girls Dem Sugar,Beenie Man Featuring Mya
2000-10-21,My Next Thirty Years,Tim McGraw
2000-10-21,I Lost It,Kenny Chesney
2000-10-21,Loser,3 Doors Down
2000-10-21,Born To Fly,Sara Evans
2000-10-21,My Love Goes On And On,Chris Cagle
2000-10-28,I Just Wanna Love U (Give It 2 Me),JAY-Z
2000-10-28,Sleepwalker,The Wallflowers
2000-10-28,Hemorrhage (In My Hands),Fuel
2000-10-28,Straight Up,Chante Moore
2000-10-28,Toca's Miracle,Fragma
2000-11-04,It Wasn't Me,"Shaggy Feat. Ricardo ""RikRok"" Ducent"
2000-11-04,Crazy For This Girl,Evan And Jaron
2000-11-04,Pop Ya Collar,Usher
2000-11-04,My First Love,Avant Featuring KeKe Wyatt
2000-11-04,www.memory,Alan Jackson
2000-11-04,Stan,Eminem Featuring Dido
2000-11-04,No More (Baby I'ma Do Right),3LW
2000-11-11,Ms. Jackson,OutKast
2000-11-11,Rollin',Limp Bizkit
2000-11-11,Do You,Funkmaster Flex Featuring DMX
2000-11-11,Oklahoma,Billy Gilman
2000-11-11,Where I Wanna Be,Damizza Presents Shade Sheist Featuring Nate Dogg & Kurupt
2000-11-18,Again,Lenny Kravitz
2000-11-18,Tell Her,Lonestar
2000-11-18,Meanwhile Back At The Ranch,The Clark Family Experience
2000-11-18,Souljas,Master P
2000-11-25,Original Prankster,The Offspring
2000-11-25,Emotional,Carl Thomas
2000-11-25,How Many Licks?,Lil' Kim Featuring Sisqo
2000-11-25,So In Love With Two,Mikaila
2000-11-25,Bow Wow (That's My Name),Lil Bow Wow
2000-12-02,If I Am,Nine Days
2000-12-02,Stronger,Britney Spears
2000-12-02,Babylon,David Gray
2000-12-02,Burn,Jo Dee Messina
2000-12-02,The Itch,Vitamin C
2000-12-02,South Side,Moby Featuring Gwen Stefani
2000-12-02,Spanish Guitar,Toni Braxton
2000-12-09,Love Don't Cost A Thing,Jennifer Lopez
2000-12-09,My Everything,98 Degrees
2000-12-09,Crazy,K-Ci & JoJo
2000-12-09,Ashes By Now,Lee Ann Womack
2000-12-09,Don't Tell Me,Madonna
2000-12-09,It's Over Now,112
2000-12-09,One Woman Man,Dave Hollister
2000-12-16,Project Chick,Cash Money Millionaires
2000-12-16,A Little Gasoline,Terri Clark
2000-12-16,Danger (Been So Long),Mystikal Featuring Nivea
2000-12-16,Is That Your Chick,Memphis Bleek Featuring Jay-Z & Missy Elliott
2000-12-16,Could It Be,Jaheim
2000-12-23,Liquid Dreams,O-Town
2000-12-23,Mamacita,Public Announcement
2000-12-23,There Is No Arizona,Jamie O'Neal
2000-12-23,Promise,Jagged Edge
2000-12-23,This Everyday Love,Rascal Flatts
2000-12-23,Wild Horses,Garth Brooks
2000-12-23,But For The Grace Of God,Keith Urban
2000-12-23,Put It On Me,Ja Rule Featuring Lil' Mo & Vita
2000-12-23,All Good?,De La Soul Featuring Chaka Khan
2000-12-23,Oh No,Mos Def & Pharoahe Monch Featuring Nate Dogg
2000-12-30,The Christmas Shoes,NewSong
2000-12-30,Still On Your Side,BBMak
2000-12-30,You Shouldn't Kiss Me Like This,Toby Keith
2000-12-30,X,Xzibit
2000-12-30,Angel,Shaggy Featuring Rayvon
2000-12-30,Thank You In Advance,Boyz II Men
2000-12-30,I Know,Sunday
2001-01-01,Where Are You Christmas?,Faith Hill
2001-01-01,You Make Me Sick,P!nk
2001-01-01,Stutter,Joe Featuring Mystikal
2001-01-01,Butterfly,Crazy Town
2001-01-01,Bouncing Off The Ceiling (Upside Down),A*Teens
2001-01-01,Lady (Hear Me Tonight),Modjo
2001-01-01,Cha-Cha Slide,Mr. C The Slide Man
2001-01-08,Stranger In My House,Tamia
2001-01-08,Thank You,Dido
2001-01-08,After Party,Koffee Brown
2001-01-15,By Your Side,Sade
2001-01-15,A Good Day To Run,Darryl Worley
2001-01-15,One More Day,Diamond Rio
2001-01-15,Southern Hospitality,Ludacris
2001-01-22,Jaded,Aerosmith
2001-01-22,Nobody Wants To Be Lonely,Ricky Martin Duet With Christina Aguilera
2001-01-22,I Did It,Dave Matthews Band
2001-01-22,Who I Am,Jessica Andrews
2001-01-22,Breathless,The Corrs
2001-01-22,Outside,Aaron Lewis Of Staind With Fred Durst
2001-01-22,Soul Sista,Bilal
2001-01-22,Georgia,Carolyn Dawn Johnson
2001-01-29,Free,Mya
2001-01-29,Snoop Dogg,Snoop Dogg
2001-01-29,If My Heart Had Wings,Faith Hill
2001-01-29,Pour Me,Trick Pony
2001-01-29,You All Dat,Baha Men With Imani Coppola
2001-01-29,Change The Game,"Jay-Z, Beanie Sigel And Memphis Bleek"
2001-02-05,Around The World (La La La La La),ATC
2001-02-05,Hanging By A Moment,Lifehouse
2001-02-05,A Long Walk,Jill Scott
2001-02-05,One Step Closer,Linkin Park
2001-02-05,One More Time,Daft Punk
2001-02-05,Missing You,Case
2001-02-12,The Call,Backstreet Boys
2001-02-12,Thank You For Loving Me,Bon Jovi
2001-02-12,Who's That Girl?,Eve
2001-02-12,Drive,Incubus
2001-02-12,Love,Musiq Soulchild
2001-02-12,Don't Talk,Jon B
2001-02-12,Get Crunked Up,Iconz Featuring Tony Manshino
2001-02-19,Ride Wit Me,Nelly Featuring City Spud
2001-02-19,Just Another Girl,Monica
2001-02-19,Look At Us,Sarina Paris
2001-02-26,Never Had A Dream Come True,S Club 7
2001-02-26,Best I Ever Had (Grey Sky Morning),Vertical Horizon
2001-02-26,I'm Like A Bird,Nelly Furtado
2001-02-26,"So Fresh, So Clean",OutKast
2001-02-26,Oochie Wally,QB Finest Featuring Nas & Bravehearts
2001-02-26,It's A Great Day To Be Alive,Travis Tritt
2001-02-26,Chickenhead,Project Pat
2001-02-26,Cross The Border,Philly's Most Wanted
2001-03-05,Heard It All Before,Sunshine Anderson
2001-03-05,Follow Me,Uncle Kracker
2001-03-05,Yellow,Coldplay
2001-03-05,Ain't Nothing 'Bout You,Brooks & Dunn
2001-03-05,Don't Happen Twice,Kenny Chesney
2001-03-05,Take It To Da House,Trick Daddy Featuring The SNS Express
2001-03-12,All For You,Janet
2001-03-12,Survivor,Destiny's Child
2001-03-12,Maybe I Deserve,Tank
2001-03-12,She Misses Him,Tim Rushlow
2001-03-12,If I Fall You're Going Down With Me,Dixie Chicks
2001-03-12,Drops Of Jupiter (Tell Me),Train
2001-03-12,Lucky 4 You (Tonight I'm Just Me),SHeDAISY
2001-03-12,Bizounce,Olivia
2001-03-19,Get Ur Freak On,"Missy ""Misdemeanor"" Elliott"
2001-03-19,Lay Low,"Snoop Dogg Featuring Master P, Nate Dogg, Butch Cassidy & Tha Eastsidaz"
2001-03-19,Mrs. Steven Rudy,Mark McGuinn
2001-03-19,What Would You Do?,City High
2001-03-26,Get Over Yourself,Eden's Crush
2001-03-26,Grown Men Don't Cry,Tim McGraw
2001-03-26,Fiesta,R. Kelly Featuring Jay-Z
2001-03-26,Request Line,The Black Eyed Peas Featuring Macy Gray
2001-03-26,Video,India.Arie
2001-03-26,Superwoman Pt. II,Lil' Mo Featuring Fabolous
2001-04-02,Play,Jennifer Lopez
2001-04-02,There It Is,Ginuwine
2001-04-02,Right Where I Need To Be,Gary Allan
2001-04-02,Too Little Too Late,Barenaked Ladies
2001-04-02,I Like Them Girls,Tyrese
2001-04-02,She Couldn't Change Me,Montgomery Gentry
2001-04-02,La Bomba,Azul Azul
2001-04-02,Guilty Until Proven Innocent,Jay-Z Featuring R. Kelly
2001-04-09,Lady Marmalade,"Christina Aguilera, Lil' Kim, Mya & P!nk"
2001-04-09,Peaches & Cream,112
2001-04-09,If You Can Do Anything Else,George Strait
2001-04-09,It's Been Awhile,Staind
2001-04-09,Puppy Love,Lil Bow Wow Featuring Jagged Edge
2001-04-16,Until The End Of Time,2Pac
2001-04-16,I Could Not Ask For More,Sara Evans
2001-04-23,Two People Fell In Love,Brad Paisley
2001-04-23,Let Me Blow Ya Mind,Eve Featuring Gwen Stefani
2001-04-23,My Way,Limp Bizkit
2001-04-23,Rose Bouquet,Phil Vassar
2001-04-23,When Somebody Loves You,Alan Jackson
2001-04-23,That's How I Beat Shaq,Aaron Carter
2001-04-23,"Like, Wow!",Leslie Carter
2001-04-30,Mad Season,matchbox twenty
2001-04-30,I'm Already There,Lonestar
2001-04-30,Angel,Lionel Richie
2001-04-30,What It Feels Like For A Girl,Madonna
2001-04-30,Hit 'Em Up Style (Oops!),Blu Cantrell
2001-04-30,Can't Believe,Faith Evans Featuring Carl Thomas
2001-04-30,I Cry,Ja Rule Featuring Lil' Mo
2001-05-07,This Is Me,Dream
2001-05-07,"Baby, Come Over (This Is Our Night)",Samantha Mumba
2001-05-07,Dream On,Depeche Mode
2001-05-07,Everybody Doesn't,Amanda
2001-05-07,There She Goes,Babyface
2001-05-14,My Baby,Lil' Romeo
2001-05-14,Irresistible,Jessica Simpson
2001-05-14,The Space Between,Dave Matthews Band
2001-05-14,Let's Get Dirty (I Can't Get In Da Club),Redman Featuring DJ Kool
2001-05-21,There You'll Be,Faith Hill
2001-05-21,More Than That,Backstreet Boys
2001-05-21,Wait A Minute,Ray J Featuring Lil' Kim
2001-05-21,Let's Get It,"Three The... G. Dep, P. Diddy & Black Rob"
2001-05-21,Imitation Of Life,R.E.M.
2001-05-21,Austin,Blake Shelton
2001-05-28,Pop,*NSYNC
2001-05-28,Music,Erick Sermon Featuring Marvin Gaye
2001-05-28,Where The Party At,Jagged Edge With Nelly
2001-05-28,When It's Over,Sugar Ray
2001-05-28,We Need A Resolution,Aaliyah Featuring Timbaland
2001-05-28,I Do!!,Toya
2001-05-28,Playas Gon' Play,3LW
2001-05-28,What I Really Meant To Say,Cyndi Thomson
2001-06-04,All Or Nothing,O-Town
2001-06-04,Bootylicious,Destiny's Child
2001-06-04,Fill Me In,Craig David
2001-06-04,Here's To The Night,Eve 6
2001-06-04,When I Think About Angels,Jamie O'Neal
2001-06-04,I Wanna Be Bad,Willa Ford
2001-06-11,U Remind Me,Usher
2001-06-11,Downtime,Jo Dee Messina
2001-06-11,Where The Blacktop Ends,Keith Urban
2001-06-11,I'm Just Talkin' About Tonight,Toby Keith
2001-06-11,She's All I Got,Jimmy Cozier
2001-06-11,Loaded,Ricky Martin
2001-06-11,Fallin',Alicia Keys
2001-06-18,Flavor Of The Weak,American Hi-Fi
2001-06-18,Someone To Call My Lover,Janet
2001-06-18,Loverboy,Mariah Carey Featuring Cameo
2001-06-18,Schism,Tool
2001-06-18,Purple Hills,D12
2001-06-25,While You Loved Me,Rascal Flatts
2001-06-25,Just In Case,Jaheim
2001-06-25,What It Is,Violator Featuring Busta Rhymes
2001-06-25,Midwest Swing,St. Lunatics
2001-07-02,I'm Real,Jennifer Lopez Featuring Ja Rule
2001-07-02,Laredo,Chris Cagle
2001-07-02,The Way,Jill Scott
2001-07-09,Contagious,The Isley Brothers Featuring Ronald Isley
2001-07-09,One Minute Man,"Missy ""Misdemeanor"" Elliott"
2001-07-09,Only Time,Enya
2001-07-09,Area Codes,Ludacris Featuring Nate Dogg
2001-07-09,Miss California,Dante Thomas Featuring Pras
2001-07-09,Just A Baby Boy,Snoop Dogg Featuring Tyrese & Mr. Tan
2001-07-16,Take You Out,Luther Vandross
2001-07-16,Only In America,Brooks & Dunn
2001-07-16,I'm A Believer,Smash Mouth
2001-07-16,Why They Call It Falling,Lee Ann Womack
2001-07-16,Sandstorm,Darude
2001-07-16,Can't Deny It,Fabolous Featuring Nate Dogg
2001-07-16,I'm A Thug,Trick Daddy
2001-07-23,Izzo (H.O.V.A.),JAY-Z
2001-07-23,Bad Boy For Life,"P. Diddy, Black Rob & Mark Curry"
2001-07-23,Be Like That,3 Doors Down
2001-07-23,Bad Day,Fuel
2001-07-23,The Rock Show,blink-182
2001-07-23,Family Affair,Mary J. Blige
2001-07-23,Differences,Ginuwine
2001-07-23,On A Night Like This,Trick Pony
2001-07-30,Start The Commotion,The Wiseguys
2001-07-30,I Would've Loved You Anyway,Trisha Yearwood
2001-07-30,I'll Fly With You (L'amour Toujours),Gigi D'Agostino
2001-07-30,My Projects,Coo Coo Cal
2001-07-30,Castles In The Sky,Ian Van Dahl Featuring Marsha
2001-08-06,Set It Off,Juvenile
2001-08-06,Six-Pack Summer,Phil Vassar
2001-08-06,Crawling,Linkin Park
2001-08-06,Raise Up,Petey Pablo
2001-08-13,Because I Got High,Afroman
2001-08-13,Turn Off The Light,Nelly Furtado
2001-08-13,Angry All The Time,Tim McGraw
2001-08-13,Don't Mess With The Radio,Nivea
2001-08-13,Ghetto Girls,Lil Bow Wow
2001-08-20,Every Other Time,LFO
2001-08-20,Clint Eastwood,Gorillaz
2001-08-20,Feelin' On Yo Booty,R. Kelly
2001-08-20,Where I Come From,Alan Jackson
2001-08-20,Smooth Criminal,Alien Ant Farm
2001-08-20,Girl Next Door,Musiq Soulchild Featuring Ayana
2001-08-20,Bia' Bia',"Lil Jon & The East Side Boyz Featuring Ludacris, Too Short, Big Kap & Chyna Whyte"
2001-08-20,AM To PM,Christina Milian
2001-08-27,Everywhere,Michelle Branch
2001-08-27,Superman (It's Not Easy),Five For Fighting
2001-08-27,Fat Lip,Sum 41
2001-08-27,Livin' It Up,Ja Rule Featuring Case
2001-08-27,Ugly,Bubba Sparxxx
2001-09-03,You Rock My World,Michael Jackson
2001-09-03,Rock The Boat,Aaliyah
2001-09-03,Lifetime,Maxwell
2001-09-03,How You Remind Me,Nickelback
2001-09-03,So Complicated,Carolyn Dawn Johnson
2001-09-10,When God-Fearin' Women Get The Blues,Martina McBride
2001-09-10,Dance With Me,112
2001-09-10,Love Of My Life,Brian McKnight
2001-09-10,Love Of A Woman,Travis Tritt
2001-09-10,I'm A Survivor,Reba
2001-09-17,Gone,*NSYNC
2001-09-17,Wish You Were Here,Incubus
2001-09-17,U Got It Bad,Usher
2001-09-17,What If,Babyface
2001-09-17,Shine,"Lil' Wayne Featuring Baby, Mack 10 & Mickey"
2001-09-24,God Bless The USA,Lee Greenwood
2001-09-24,Hero,Enrique Iglesias
2001-09-24,The Star Spangled Banner,Whitney Houston
2001-09-24,Stuck In A Moment You Can't Get Out Of,U2
2001-09-24,Emotion,Destiny's Child
2001-09-24,What Am I Gonna Do,Tyrese
2001-09-24,John Doe,Public Announcement Featuring LeLe
2001-10-01,What's Going On,All Star Tribute
2001-10-01,You Gets No Love,Faith Evans
2001-10-01,Angels In Waiting,Tammy Cochran
2001-10-01,Do U Wanna Roll (Dolittle Theme),"R.L., Snoop Dogg & Lil' Kim"
2001-10-08,"Girls, Girls, Girls",JAY-Z
2001-10-08,Caramel,City High Featuring Eve
2001-10-08,I Wanna Talk About Me,Toby Keith
2001-10-08,Dig In,Lenny Kravitz
2001-10-08,Control,Puddle Of Mudd
2001-10-08,Who We Be,DMX
2001-10-08,"Lights, Camera, Action!",Mr. Cheeks
2001-10-15,Drowning,Backstreet Boys
2001-10-15,Where The Stars And Stripes And The Eagle Fly,Aaron Tippin
2001-10-15,I'm A Slave 4 U,Britney Spears
2001-10-15,#1,Nelly
2001-10-15,Fade,Staind
2001-10-15,I'm Tryin',Trace Adkins
2001-10-15,Ballin' Out Of Control,Jermaine Dupri Featuring Nate Dogg
2001-10-22,My Sacrifice,Creed
2001-10-22,Get The Party Started,P!nk
2001-10-22,Run,George Strait
2001-10-22,Riding With Private Malone,David Ball
2001-10-22,"Whenever, Wherever",Shakira
2001-10-22,With Me,Lonestar
2001-10-22,Wrapped Up In You,Garth Brooks
2001-10-22,We Thuggin',Fat Joe Featuring R. Kelly
2001-10-22,Diddy,P. Diddy Featuring The Neptunes
2001-10-22,A Woman's Worth,Alicia Keys
2001-10-29,Alive,P.O.D.
2001-10-29,In The End,Linkin Park
2001-10-29,Fatty Girl,"Ludacris, LL Cool J & Keith Murray"
2001-11-05,Wherever You Will Go,The Calling
2001-11-05,Brotha,Angie Stone
2001-11-05,Break Ya Neck,Busta Rhymes
2001-11-05,Roll Out (My Business),Ludacris
2001-11-05,From Her Mama (Mama Got A**),Juvenile
2001-11-12,Butterflies,Michael Jackson
2001-11-12,Standing Still,Jewel
2001-11-12,Goodbye,Jagged Edge
2001-11-12,Wrapped Around,Brad Paisley
2001-11-12,Always On Time,Ja Rule Featuring Ashanti
2001-11-19,Where Were You (When The World Stopped Turning),Alan Jackson
2001-11-19,Son Of A Gun,"Janet Featuring Missy Elliott, P. Diddy & Carly Simon"
2001-11-26,Good Morning Beautiful,Steve Holy
2001-11-26,Don't You Forget It,Glenn Lewis
2001-11-26,Young'n (Holla Back),Fabolous
2001-12-03,7 Days,Craig David
2001-12-03,Hey Baby,No Doubt Featuring Bounty Killer
2001-12-03,Bring On The Rain,Jo Dee Messina With Tim McGraw
2001-12-10,Take Away,"Missy ""Misdemeanor"" Elliott Featuring Ginuwine & Tweet"
2001-12-10,Bouncin' Back (Bumpin' Me Against The Wall),Mystikal
2001-12-10,No More Drama,Mary J. Blige
2001-12-10,Freedom,Paul McCartney
2001-12-10,Round And Round,Jonell & Method Man
2001-12-10,Got Ur Self A...,Nas
2001-12-17,The Whole World,OutKast Featuring Killer Mike
2001-12-17,Let's Stay Home Tonight,Joe
2001-12-17,Blurry,Puddle Of Mudd
2001-12-17,The Long Goodbye,Brooks & Dunn
2001-12-17,Part II,Method Man & Redman
2001-12-24,The World's Greatest,R. Kelly
2001-12-24,Ooohhhwee,Master P Featuring Weebie
2001-12-24,Welcome To Atlanta,Jermaine Dupri & Ludacris
2001-12-24,Ain't It Funny,Jennifer Lopez Featuring Ja Rule
2001-12-24,Never Too Far/Hero Medley,Mariah Carey
2001-12-24,God Bless America,Daniel Rodriguez
2001-12-31,Uh Huh,B2K
2001-12-31,Nothing In This World,KeKe Wyatt Featuring Avant
2001-12-31,Chop Suey,System Of A Down
2001-12-31,Defy You,The Offspring
2001-12-31,Wasting My Time,Default
2001-12-31,Thank You,Lil Bow Wow Featuring Jagged Edge & Fundisha
2002-01-08,The Cowboy In Me,Tim McGraw
2002-01-08,Blessed,Martina McBride
2002-01-08,Just Let Me Be In Love,Tracy Byrd
2002-01-15,Some Days You Gotta Dance,Dixie Chicks
2002-01-15,In Another World,Joe Diffie
2002-01-15,Runaway,NB Ridaz Featuring Angelina
2002-01-15,Burn,Mobb Deep Featuring Vita & Noyd
2002-01-22,What About Us?,Brandy
2002-01-22,Can't Get You Out Of My Head,Kylie Minogue
2002-01-22,Hey Luv (Anything),Mobb Deep Featuring 112
2002-01-22,Jigga,JAY-Z
2002-01-22,I Love You,Faith Evans
2002-01-22,Hush Lil' Lady,Corey Featuring Lil' Romeo
2002-01-29,Hands Clean,Alanis Morissette
2002-01-29,More Than A Woman,Aaliyah
2002-01-29,I'm Movin' On,Rascal Flatts
2002-01-29,My Sweet Lord,George Harrison
2002-01-29,I Miss You,DMX Featuring Faith Evans
2002-01-29,That's Just Jessie,Kevin Denney
2002-02-05,Oops (Oh My),Tweet
2002-02-05,U Don't Have To Call,Usher
2002-02-05,Girlfriend,*NSYNC Featuring Nelly
2002-02-05,Young,Kenny Chesney
2002-02-05,Youth Of The Nation,P.O.D.
2002-02-05,"I Breathe In, I Breathe Out",Chris Cagle
2002-02-05,Any Other Night,Sharissa
2002-02-12,What's Luv?,Fat Joe Featuring Ashanti
2002-02-12,My List,Toby Keith
2002-02-12,Foolish,Ashanti
2002-02-12,Never,Amanda Perez
2002-02-12,Saturday (Oooh! Ooooh!),Ludacris Featuring Sleepy Brown
2002-02-12,Rapture (Tastes So Sweet),iio
2002-02-19,All You Wanted,Michelle Branch
2002-02-19,Escape,Enrique Iglesias
2002-02-19,Roc The Mic,Beanie Sigel & Freeway
2002-02-19,Anything,Jaheim Featuring Next
2002-02-19,What If She's An Angel,Tommy Shane Steiner
2002-02-19,That's When I Love You,Phil Vassar
2002-02-26,Wrong Impression,Natalie Imbruglia
2002-02-26,A New Day Has Come,Celine Dion
2002-02-26,For You,Staind
2002-02-26,Crawling In The Dark,Hoobastank
2002-02-26,A Thousand Miles,Vanessa Carlton
2002-02-26,Insatiable,Darren Hayes
2002-02-26,Pass The Courvoisier Part II,Busta Rhymes Featuring P. Diddy & Pharrell
2002-03-05,Don't Let Me Get Me,P!nk
2002-03-05,It's Goin' Down,X-Ecutioners
2002-03-05,Awnaw,Nappy Roots
2002-03-05,Knoc,"Knoc-Turn'Al With Dr. Dre & Missy ""Misdemeanor"" Elliott"
2002-03-12,Underneath Your Clothes,Shakira
2002-03-12,The Middle,Jimmy Eat World
2002-03-12,I Need A Girl (Part One),P. Diddy Featuring Usher & Loon
2002-03-12,This Woman's Work,Maxwell
2002-03-12,Drive (For Daddy Gene),Alan Jackson
2002-03-12,Too Bad,Nickelback
2002-03-12,I Should Be Sleeping,Emerson Drive
2002-03-12,No Matta What (Party All Night),Toya
2002-03-19,Here Is Gone,Goo Goo Dolls
2002-03-19,Makin' Good Love,Avant
2002-03-19,halfcrazy,Musiq
2002-03-19,Wish I Didn't Miss You,Angie Stone
2002-03-19,Give It To Her,Tanto Metro & Devonte
2002-03-26,Rainy Dayz,Mary J. Blige Featuring Ja Rule
2002-03-26,Modern Day Bonnie And Clyde,Travis Tritt
2002-03-26,Feels Good (Don't Worry Bout A Thing),Naughty By Nature Featuring 3LW
2002-03-26,Take You Home With Me a.k.a. Body,R. Kelly & Jay-Z
2002-03-26,Feel The Girl,Ms. Jade
2002-04-02,I Don't Have To Be Me ('til Monday),Steve Azar
2002-04-02,How Come You Don't Call Me,Alicia Keys
2002-04-02,Living And Living Well,George Strait
2002-04-02,Song For The Lonely,Cher
2002-04-02,Closet Freak,Cee-Lo
2002-04-09,Soak Up The Sun,Sheryl Crow
2002-04-09,Take Ya Home,Lil Bow Wow
2002-04-09,Down A** Chick,"Ja Rule Featuring Charli ""Chuck"" Baltimore"
2002-04-09,Still Fly,Big Tymers
2002-04-16,Hella Good,No Doubt
2002-04-16,Addictive,Truth Hurts Featuring Rakim
2002-04-16,Oh Boy,Cam'Ron Featuring Juelz Santana
2002-04-16,One Mic,Nas
2002-04-16,Tell Me What's It Gonna Be,Brian McKnight Featuring Jermaine Dupri
2002-04-23,I'm Gonna Be Alright,Jennifer Lopez Featuring Nas
2002-04-23,Gots Ta Be,B2K
2002-04-23,You Know That I Love You,Donell Jones
2002-04-23,Overprotected,Britney Spears
2002-04-23,Take A Message,Remy Shand
2002-04-23,Be Here,Raphael Saadiq Featuring D'Angelo
2002-04-30,Hot In Herre,Nelly
2002-04-30,I'm Gonna Miss Her (The Fishin' Song),Brad Paisley
2002-04-30,Full Moon,Brandy
2002-04-30,Say I Yi Yi,Ying Yang Twins
2002-04-30,Toxicity,System Of A Down
2002-04-30,Don't Say Goodbye,Paulina Rubio
2002-04-30,Gimme The Light,Sean Paul
2002-04-30,I Told Y'all,Petey Pablo
2002-05-07,Without Me,Eminem
2002-05-07,Someone To Love You,Ruff Endz
2002-05-07,I Don't Want You To Go,Carolyn Dawn Johnson
2002-05-07,Not A Day Goes By,Lonestar
2002-05-07,What If A Woman,Joe
2002-05-07,Days Go By,Dirty Vegas
2002-05-14,Hero,Chad Kroeger Featuring Josey Scott
2002-05-14,The One,Gary Allan
2002-05-14,Guess Who's Back,Scarface Featuring Jay-Z & Beanie Sigel
2002-05-14,Whoa Now,B Rich
2002-05-21,Walking Away,Craig David
2002-05-21,Here To Stay,Korn
2002-05-21,Quitame Ese Hombre,Pilar Montenegro
2002-05-21,My Heart Is Lost To You,Brooks & Dunn
2002-05-21,Drift & Die,Puddle Of Mudd
2002-05-21,Nothin',N.O.R.E.
2002-05-21,"My Neck, My Back",Khia Featuring DSD
2002-05-21,Just A Friend 2002,Mario
2002-05-21,Sugarhigh,Jade Anderson
2002-05-21,Grindin',Clipse
2002-05-28,No Such Thing,John Mayer
2002-05-28,Call Me,Tweet
2002-05-28,Complicated,Avril Lavigne
2002-05-28,When You Lie Next To Me,Kellie Coffey
2002-05-28,Happy,Ashanti
2002-05-28,Heaven,DJ Sammy & Yanou Featuring Do
2002-05-28,The Impossible,Joe Nichols
2002-06-04,I Need A Girl (Part Two),"P. Diddy & Ginuwine Featuring Loon, Mario Winans & Tammy Ruggeri"
2002-06-04,The Good Stuff,Kenny Chesney
2002-06-04,Why Don't We Fall In Love,Amerie
2002-06-04,One Last Breath,Creed
2002-06-04,"Courtesy Of The Red, White And Blue (The Angry American)",Toby Keith
2002-06-04,Move B***h,Ludacris Featuring Mystikal & Infamous 2.0
2002-06-04,Day + Night,Isyss Featuring Jadakiss
2002-06-11,By The Way,Red Hot Chili Peppers
2002-06-11,I Miss My Friend,Darryl Worley
2002-06-11,Where Are You Going,Dave Matthews Band
2002-06-18,Long Time Gone,Dixie Chicks
2002-06-18,Down 4 U,"Irv Gotti Presents The Inc. Featuring Ja Rule, Ashanti, Charli Baltimore & Vita"
2002-06-18,If I Could Go!,Angie Martinez Featuring Lil' Mo & Sacario
2002-06-18,For All Time,Soluna
2002-06-25,Tonight I Wanna Be Your Man,Andy Griggs
2002-06-25,Black Suits Comin' (Nod Ya Head),Will Smith Featuring Tra-Knox
2002-06-25,Love At First Sight,Kylie Minogue
2002-07-02,Just Like A Pill,P!nk
2002-07-02,Unbroken,Tim McGraw
2002-07-02,Ten Rounds With Jose Cuervo,Tracy Byrd
2002-07-02,Running Away,Hoobastank
2002-07-02,I've Got You,Marc Anthony
2002-07-02,Way Of Life,Lil Wayne
2002-07-09,A Little Less Conversation,Elvis Presley vs JXL
2002-07-09,Dilemma,Nelly Featuring Kelly Rowland
2002-07-09,Gangsta Lovin',Eve Featuring Alicia Keys
2002-07-09,Papa Don't Preach,Kelly Osbourne
2002-07-09,Two Wrongs,Wyclef Jean Featuring Claudette Ortiz
2002-07-09,In Da Wind,Trick Daddy Featuring Cee-Lo & Big Boi
2002-07-16,I Keep Looking,Sara Evans
2002-07-16,Good Times,Styles
2002-07-16,She Loves Me Not,Papa Roach
2002-07-16,Help Me Understand,Trace Adkins
2002-07-16,Hate To Say I Told You So,The Hives
2002-07-16,Tainted,Slum Village Featuring Dwele
2002-07-16,Po' Folks,Nappy Roots Featuring Anthony Hamilton
2002-07-23,Baby,Ashanti
2002-07-23,Gotta Get Thru This,Daniel Bedingfield
2002-07-23,Where Do We Go From Here,Filter
2002-07-30,The Rising,Bruce Springsteen
2002-07-30,Cleanin' Out My Closet,Eminem
2002-07-30,Feel It Boy,Beenie Man Featuring Janet
2002-07-30,Stingy,Ginuwine
2002-07-30,Flake,Jack Johnson
2002-07-30,Sweetness,Jimmy Eat World
2002-07-30,I Do (Wanna Get Close To You),3LW Featuring P. Diddy & Loon
2002-08-06,All Eyez On Me,Monica
2002-08-06,She Was,Mark Chesnutt
2002-08-06,Beautiful Mess,Diamond Rio
2002-08-06,Don't Mess With My Man,Nivea Featuring Brian & Brandon Casey
2002-08-13,Burnin' Up,"Faith Evans Featuring Missy ""Misdemeanor"" Elliott"
2002-08-13,Aerials,System Of A Down
2002-08-13,Out Of My Heart (Into Your Head),BBMak
2002-08-13,Trade It All,Fabolous Featuring P. Diddy & Jagged Edge
2002-08-13,Somebody Like You,Keith Urban
2002-08-13,Blue Jeans,Yasmeen Featuring Ghostface Killah
2002-08-20,I Care 4 U,Aaliyah
2002-08-20,Ordinary Day,Vanessa Carlton
2002-08-20,Somewhere Out There,Our Lady Peace
2002-08-20,Work In Progress,Alan Jackson
2002-08-20,American Child,Phil Vassar
2002-08-20,Luv U Better,LL Cool J
2002-08-20,Whatchulookinat,Whitney Houston
2002-08-27,Hey Ma,"Cam'Ron Featuring Juelz Santana, Freekey Zekey & Toya"
2002-08-27,Underneath It All,No Doubt Featuring Lady Saw
2002-08-27,Goodbye To You,Michelle Branch
2002-08-27,Cry,Faith Hill
2002-08-27,Oh Yeah!,"Big Tymers Featuring Tateeze, Boo & Gotti"
2002-09-03,Like I Love You,Justin Timberlake
2002-09-03,Objection (Tango),Shakira
2002-09-03,Big Machine,Goo Goo Dolls
2002-09-03,dontchange,Musiq
2002-09-03,Where Would You Be,Martina McBride
2002-09-03,Love Of My Life (An Ode To Hip Hop),Erykah Badu Featuring Common
2002-09-03,My Friends Over You,New Found Glory
2002-09-10,Sk8er Boi,Avril Lavigne
2002-09-10,Work It,"Missy ""Misdemeanor"" Elliott"
2002-09-10,When The Last Time,Clipse
2002-09-10,I'd Rather,Luther Vandross
2002-09-10,Steve McQueen,Sheryl Crow
2002-09-10,Put Me Down,Donell Jones
2002-09-17,A Moment Like This,Kelly Clarkson
2002-09-17,Dirrty,Christina Aguilera Featuring Redman
2002-09-17,Landslide,Dixie Chicks
2002-09-24,My Town,Montgomery Gentry
2002-09-24,Prayer,Disturbed
2002-09-24,Stole,Kelly Rowland
2002-09-24,Electrical Storm,U2
2002-09-24,Don't Know Why,Norah Jones
2002-09-24,Little Things,India.Arie
2002-09-24,The Streets,WC Featuring Nate Dogg
2002-09-24,"Don't Say No, Just Say Yes",Avant
2002-10-01,Lose Yourself,Eminem
2002-10-01,The Game Of Love,Santana Featuring Michelle Branch
2002-10-01,These Days,Rascal Flatts
2002-10-01,She'll Leave You With A Smile,George Strait
2002-10-01,Who's Your Daddy?,Toby Keith
2002-10-01,Are We Cuttin',Pastor Troy Featuring Ms. Jade
2002-10-08,Jenny From The Block,Jennifer Lopez Featuring Styles & Jadakiss
2002-10-08,Red Rag Top,Tim McGraw
2002-10-08,She Hates Me,Puddle Of Mudd
2002-10-08,I Am Mine,Pearl Jam
2002-10-08,Braid My Hair,Mario
2002-10-08,The Ketchup Song (Hey Hah),Las Ketchup
2002-10-08,Rock The Party,Benzino
2002-10-15,Die Another Day,Madonna
2002-10-15,You Know You're Right,Nirvana
2002-10-15,Starry Eyed Surprise,Oakenfold Featuring Shifty Shellshock
2002-10-15,I'm Gonna Getcha Good!,Shania Twain
2002-10-15,Disease,matchbox twenty
2002-10-15,React,Erick Sermon Featuring Redman
2002-10-15,Crush Tonight,Fat Joe Featuring Ginuwine
2002-10-15,Downfall,TRUSTcompany
2002-10-22,'03 Bonnie & Clyde,Jay-Z Featuring Beyonce Knowles
2002-10-22,Girl Talk,TLC
2002-10-22,Single For The Rest Of My Life,Isyss
2002-10-22,He Is,Heather Headley
2002-10-22,The One You Love,Paulina Rubio
2002-10-29,Your Body Is A Wonderland,John Mayer
2002-10-29,In A Little While,Uncle Kracker
2002-10-29,All My Life,Foo Fighters
2002-10-29,Why I Love You,B2K
2002-10-29,Bother,Stone Sour
2002-10-29,Something,Lasgo
2002-11-05,Air Force Ones,"Nelly Featuring Kyjuan, Ali & Murphy Lee"
2002-11-05,The Zephyr Song,Red Hot Chili Peppers
2002-11-05,Forgive,Rebecca Lynn Howard
2002-11-05,I Just Wanna Be Mad,Terri Clark
2002-11-05,Hit The Freeway,Toni Braxton Featuring Loon
2002-11-05,From Tha Chuuuch To Da Palace,Snoop Dogg
2002-11-05,Ignition,R. Kelly
2002-11-05,Make It Clap,Busta Rhymes Featuring Spliff Star
2002-11-12,Family Portrait,P!nk
2002-11-12,Fabulous,Jaheim Featuring Tha Rayne
2002-11-12,Fall Into Me,Emerson Drive
2002-11-12,Spin,Lifehouse
2002-11-12,Do That...,Baby Featuring P. Diddy
2002-11-12,One Of Those Days,Whitney Houston
2002-11-19,Beautiful,Christina Aguilera
2002-11-19,When I'm Gone,3 Doors Down
2002-11-19,19 Somethin',Mark Wills
2002-11-19,Thug Lovin',Ja Rule Featuring Bobby Brown
2002-11-19,Cochise,Audioslave
2002-11-26,Miss You,Aaliyah
2002-11-26,Satisfaction,Eve
2002-11-26,"Bump, Bump, Bump",B2K & P. Diddy
2002-11-26,Wanksta,50 Cent
2002-11-26,A Lot Of Things Different,Kenny Chesney
2002-11-26,The Red,Chevelle
2002-11-26,Picture,Kid Rock Featuring Sheryl Crow Or Allison Moorer
2002-12-03,Thugz Mansion,2Pac
2002-12-03,I'm With You,Avril Lavigne
2002-12-03,These Are The Days,O-Town
2002-12-03,Talkin' To Me,Amerie
2002-12-03,I Should Be...,Dru Hill
2002-12-03,Every River,Brooks & Dunn
2002-12-03,The Baby,Blake Shelton
2002-12-10,Lifestyles Of The Rich And Famous,Good Charlotte
2002-12-10,Always,Saliva
2002-12-10,Paradise,LL Cool J Featuring Amerie
2002-12-10,Sick Of Being Lonely,Field Mob
2002-12-10,Come Into My World,Kylie Minogue
2002-12-17,Cry Me A River,Justin Timberlake
2002-12-17,Made You Look,Nas
2002-12-17,Thug Holiday,Trick Daddy Featuring LaTocha Scott
2002-12-17,Come Close To Me,Common Featuring Mary J. Blige
2002-12-24,All I Have,Jennifer Lopez Featuring LL Cool J
2002-12-24,Mesmerize,Ja Rule Featuring Ashanti
2002-12-24,You Can't Hide Beautiful,Aaron Lines
2002-12-24,Fine Again,Seether
2002-12-24,Gossip Folks,"Missy ""Misdemeanor"" Elliott Featuring Ludacris"
2002-12-24,No One Knows,Queens Of The Stone Age
2002-12-24,Through The Rain,Mariah Carey
2002-12-24,Breathe,Telepopmusik
2002-12-31,Tell Me (What's Goin' On),Smilez & Southstar
2002-12-31,How You Gonna Act Like That,Tyrese
2002-12-31,Man To Man,Gary Allan
2002-12-31,All The Things She Said,t.A.T.u.
2002-12-31,Blowin' Me Up (With Her Love),JC Chasez
2003-01-08,In Da Club,50 Cent
2003-01-08,No Letting Go,Wayne Wonder
2003-01-08,B R Right,Trina Featuring Ludacris
2003-01-15,I Wish You'd Stay,Brad Paisley
2003-01-15,Beautiful Goodbye,Jennifer Hanson
2003-01-22,Unusually Unusual,Lonestar
2003-01-22,Brokenheartsville,Joe Nichols
2003-01-22,Take You Home,Angie Martinez Featuring Kelis
2003-01-29,Superman,Eminem
2003-01-29,Angel,Amanda Perez
2003-01-29,Clocks,Coldplay
2003-01-29,Travelin' Soldier,Dixie Chicks
2003-01-29,Up!,Shania Twain
2003-01-29,Can't Stop Loving You,Phil Collins
2003-02-05,The Jump Off,Lil' Kim Featuring Mr. Cheeks
2003-02-05,Can't Stop,Red Hot Chili Peppers
2003-02-05,Beautiful,Snoop Dogg Featuring Pharrell & Uncle Charlie Wilson
2003-02-05,That'd Be Alright,Alan Jackson
2003-02-05,X Gon' Give It To Ya,DMX
2003-02-05,What We Do,Freeway Featuring Jay-Z & Beanie Sigel
2003-02-12,Excuse Me Miss,JAY-Z
2003-02-12,I'd Do Anything,Simple Plan
2003-02-12,I Drove All Night,Celine Dion
2003-02-12,A.D.I.D.A.S.,Killer Mike Featuring Big Boi
2003-02-12,What Happened To That Boy,Baby Featuring Clipse
2003-02-12,Emotional Rollercoaster,Vivian Green
2003-02-12,"Ma, I Don't Love Her",Clipse Featuring Faith Evans
2003-02-12,All I Need,Fat Joe Featuring Tony Sunshine & Armageddon
2003-02-19,Hell Yeah,Ginuwine Featuring Baby
2003-02-19,Big Star,Kenny Chesney
2003-02-19,Laundromat,Nivea
2003-02-19,Get Busy,Sean Paul
2003-02-26,I Can,Nas
2003-02-26,Like A Stone,Audioslave
2003-02-26,Chrome,Trace Adkins
2003-02-26,She's My Kind Of Rain,Tim McGraw
2003-02-26,Breathe,Blu Cantrell Featuring Sean Paul
2003-03-05,I Know What You Want,Busta Rhymes & Mariah Carey Featuring The Flipmode Squad
2003-03-05,That Girl,Marques Houston
2003-03-05,Can't Let You Go,Fabolous Featuring Mike Shorey & Lil' Mo
2003-03-05,Times Like These,Foo Fighters
2003-03-05,Girlfriend,B2K
2003-03-05,Choppa Style,Choppa Featuring Master P
2003-03-05,Can't Nobody,Kelly Rowland
2003-03-12,Somewhere I Belong,Linkin Park
2003-03-12,Have You Forgotten?,Darryl Worley
2003-03-12,Bring Me To Life,Evanescence Featuring Paul McCoy
2003-03-12,Concrete Angel,Martina McBride
2003-03-12,Raining On Sunday,Keith Urban
2003-03-12,Rock You Baby,Toby Keith
2003-03-12,Break You Off,The Roots Featuring Musiq
2003-03-19,Unwell,matchbox twenty
2003-03-19,Rock Your Body,Justin Timberlake
2003-03-19,I Believe,Diamond Rio
2003-03-19,21 Questions,50 Cent Featuring Nate Dogg
2003-03-19,Put That Woman First,Jaheim
2003-03-19,Don't Dream It's Over,Sixpence None The Richer
2003-03-19,The Wreckoning,Boomkat
2003-03-19,4 Ever,Lil' Mo Featuring Fabolous
2003-03-19,Speed,Montgomery Gentry
2003-03-26,The Anthem,Good Charlotte
2003-03-26,Damaged,TLC
2003-03-26,Running,No Doubt
2003-03-26,Big Yellow Taxi,Counting Crows Featuring Vanessa Carlton
2003-03-26,Girl All The Bad Guys Want,Bowling For Soup
2003-03-26,What A Beautiful Day,Chris Cagle
2003-03-26,Say Yes,Floetry
2003-03-26,Drift Away,Uncle Kracker Featuring Dobie Gray
2003-03-26,Peacekeeper,Fleetwood Mac
2003-03-26,Get By,Talib Kweli
2003-04-02,Sing For The Moment,Eminem
2003-04-02,If You're Not The One,Daniel Bedingfield
2003-04-02,Headstrong,Trapt
2003-04-02,Love You Out Loud,Rascal Flatts
2003-04-02,Three Wooden Crosses,Randy Travis
2003-04-02,What Would You Do?,The Isley Brothers Featuring Ronald Isley
2003-04-02,Still Ballin,2Pac Featuring Trick Daddy
2003-04-02,American Life,Madonna
2003-04-02,Never Scared,Bone Crusher Featuring Killer Mike & T.I.
2003-04-09,Fighter,Christina Aguilera
2003-04-09,Pimp Juice,Nelly
2003-04-09,Don't Wanna Try,Frankie J
2003-04-09,No One's Gonna Change You,Reina
2003-04-09,Beware Of The Boys (Mundian To Bach Ke),Panjabi MC Featuring Jay-Z
2003-04-16,Straight Out Of Line,Godsmack
2003-04-16,My Front Porch Looking In,Lonestar
2003-04-16,Pump It Up,Joe Budden
2003-04-16,Soldier's Heart,R. Kelly
2003-04-16,Stupid Girl,Cold
2003-04-16,Yeah Yeah U Know It,Keith Murray Featuring Def Squad
2003-04-23,So Gone,Monica
2003-04-23,Snake,R. Kelly Featuring Big Tigger
2003-04-23,Price To Play,Staind
2003-04-23,Losing Grip,Avril Lavigne
2003-04-23,Magic Stick,Lil' Kim Featuring 50 Cent
2003-04-23,Stay Gone,Jimmy Wayne
2003-04-23,In Love Wit Chu,Da Brat Featuring Cherish
2003-04-23,Like A Pimp,David Banner Featuring Lil' Flip
2003-04-23,Try It On My Own,Whitney Houston
2003-04-30,God Bless The U.S.A.,American Idol Finalists
2003-04-30,I'm Glad,Jennifer Lopez
2003-04-30,The Remedy (I Won't Worry),Jason Mraz
2003-04-30,Beer For My Horses,Toby Keith Duet With Willie Nelson
2003-04-30,I Wish I Wasn't,Heather Headley
2003-04-30,Roll Wit M.V.P. (We Be Like! The La La Song),Stagga Lee
2003-04-30,I Love You,Dru Hill
2003-04-30,Get Low,Lil Jon & The East Side Boyz Featuring Ying Yang Twins
2003-05-07,Rock Wit U (Awww Baby),Ashanti
2003-05-07,Intuition,Jewel
2003-05-07,P***ycat,"Missy ""Misdemeanor"" Elliott"
2003-05-07,Send The Pain Below,Chevelle
2003-05-14,Miss Independent,Kelly Clarkson
2003-05-14,Stuck,Stacie Orrico
2003-05-14,Step Daddy,Hitman Sammy Sam
2003-05-14,Right Thurr,Chingy
2003-05-14,How You Want That,Loon Featuring Kelis
2003-05-21,Crazy In Love,Beyonce Featuring Jay Z
2003-05-21,The Love Song,Jeff Bates
2003-05-21,Calling All Angels,Train
2003-05-21,Forever And For Always,Shania Twain
2003-05-21,Seven Nation Army,The White Stripes
2003-05-28,"Never Leave You - Uh Ooh, Uh Oooh!",Lumidee
2003-05-28,Red Dirt Road,Brooks & Dunn
2003-05-28,P.I.M.P.,50 Cent
2003-05-28,Almost Home,Craig Morgan
2003-05-28,Tal Vez,Ricky Martin
2003-05-28,Are You Happy Now?,Michelle Branch
2003-06-04,Act A Fool,Ludacris
2003-06-04,Like Glue,Sean Paul
2003-06-04,Flipside,Freeway Featuring Peedi Crakk
2003-06-04,Make Me A Song,Kiley Dean
2003-06-11,Into You,Fabolous Featuring Tamia Or Ashanti
2003-06-11,Where Is The Love?,The Black Eyed Peas
2003-06-11,I Want You,Thalia Featuring Fat Joe
2003-06-11,In Those Jeans,Ginuwine
2003-06-11,Celebrity,Brad Paisley
2003-06-11,Come Over,Aaliyah
2003-06-11,Frontin',Pharrell Featuring Jay-Z
2003-06-18,"Swing, Swing",The All-American Rejects
2003-06-18,Tell Me Something Bad About Tulsa,George Strait
2003-06-18,Help Pour Out The Rain (Lacey's Song),Buddy Jewell
2003-06-18,What Was I Thinkin',Dierks Bentley
2003-06-25,This Is The Night,Clay Aiken
2003-06-25,Flying Without Wings,Ruben Studdard
2003-06-25,Shake Ya Tailfeather,"Nelly, P. Diddy & Murphy Lee"
2003-06-25,Feel Good Time,P!nk Featuring William Orbit
2003-06-25,Dance With My Father,Luther Vandross
2003-06-25,Addicted,Simple Plan
2003-06-25,It's Five O'Clock Somewhere,Alan Jackson & Jimmy Buffett
2003-06-25,"No Shoes, No Shirt, No Problems",Kenny Chesney
2003-06-25,My Love Is Like... Wo,Mya
2003-07-02,Love At 1st Sight,Mary J. Blige Featuring Method Man
2003-07-02,The Truth About Men,Tracy Byrd
2003-07-02,What The World Needs,Wynonna
2003-07-02,Let's Get Down,Bow Wow Featuring Baby
2003-07-09,99.9% Sure (I've Never Been Here Before),Brian McComas
2003-07-09,Real Good Man,Tim McGraw
2003-07-16,Thoia Thoing,R. Kelly
2003-07-16,Then They Do,Trace Adkins
2003-07-16,"Pon De River, Pon De Bank",Elephant Man
2003-07-23,Signs Of Love Makin',Tyrese
2003-07-23,The Boys Of Summer,The Ataris
2003-07-23,Just Because,Jane's Addiction
2003-07-23,Faint,Linkin Park
2003-07-23,Girls And Boys,Good Charlotte
2003-07-23,Why Don't You & I,Santana Featuring Alex Band Or Chad Kroeger
2003-07-30,Senorita,Justin Timberlake
2003-07-30,Can't Hold Us Down,Christina Aguilera Featuring Lil' Kim
2003-07-30,Hole In The World,Eagles
2003-07-30,So Far Away,Staind
2003-07-30,Officially Missing You,Tamia
2003-07-30,24's,T.I.
2003-08-06,Did My Time,Korn
2003-08-06,Light Your A** On Fire,Busta Rhymes
2003-08-06,"Can't Stop, Won't Stop",Young Gunz
2003-08-06,This One's For The Girls,Martina McBride
2003-08-06,A Few Questions,Clay Walker
2003-08-06,Damn!,YoungBloodZ Featuring Lil Jon
2003-08-06,Na Na Na,112 Featuring Super Cat
2003-08-06,Amazing,Josh Kelley
2003-08-13,So Yesterday,Hilary Duff
2003-08-13,Baby Boy,Beyonce Featuring Sean Paul
2003-08-13,Who Wouldn't Wanna Be Me,Keith Urban
2003-08-13,Show Me How To Live,Audioslave
2003-08-13,She Only Smokes When She Drinks,Joe Nichols
2003-08-13,Feelin' Freaky,Nick Cannon Featuring B2K
2003-08-13,Crazy,Javier
2003-08-20,Step In The Name Of Love,R. Kelly
2003-08-20,Suga Suga,Baby Bash Featuring Frankie J
2003-08-20,Tough Little Boys,Gary Allan
2003-08-20,Harder To Breathe,Maroon 5
2003-08-20,I Melt,Rascal Flatts
2003-08-20,Someday,Nickelback
2003-08-20,Where The Hood At,DMX
2003-08-20,Walk A Little Straighter,Billy Currington
2003-08-20,Danger,Erykah Badu
2003-08-20,Cop That Sh#!,Timbaland & Magoo Featuring Missy Elliott
2003-08-20,Lovin' All Night,Patty Loveless
2003-08-20,Never (Past Tense),The Roc Project Featuring Tina Arena
2003-08-27,Here Without You,3 Doors Down
2003-08-27,Bigger Than My Body,John Mayer
2003-08-27,Wave On Wave,Pat Green
2003-08-27,Rain On Me,Ashanti
2003-08-27,Heaven,Live
2003-08-27,Roun' The Globe,Nappy Roots
2003-09-03,Ooh!,Mary J. Blige
2003-09-03,Walked Outta Heaven,Jagged Edge
2003-09-03,Clubbin,Marques Houston Featuring Joe Budden & Pied Piper
2003-09-03,Stand Up,Ludacris Featuring Shawnna
2003-09-03,I Love This Bar,Toby Keith
2003-09-03,Got Some Teeth,Obie Trice
2003-09-10,Simply Being Loved (Somnambulist),BT
2003-09-17,Holidae In,Chingy Featuring Ludacris & Snoop Dogg
2003-09-17,Low,Kelly Clarkson
2003-09-17,White Flag,Dido
2003-09-17,Why Can't I?,Liz Phair
2003-09-17,(There's Gotta Be) More To Life,Stacie Orrico
2003-09-17,Find A Way,Dwele
2003-09-24,Bright Lights,matchbox twenty
2003-09-24,Weak And Powerless,A Perfect Circle
2003-09-24,The Way You Move,OutKast Featuring Sleepy Brown
2003-09-24,Knock Knock,Monica
2003-09-24,Rest In Pieces,Saliva
2003-09-24,Rubberneckin',Elvis Presley
2003-09-24,Naggin,Ying Yang Twins
2003-10-01,Read Your Mind,Avant
2003-10-01,Cowboys Like Us,George Strait
2003-10-01,If I Can't,50 Cent
2003-10-01,Honesty (Write Me A List),Rodney Atkins
2003-10-01,Milkshake,Kelis
2003-10-01,Sympathy For The Devil (Remixes),The Rolling Stones
2003-10-08,Stacy's Mom,Fountains Of Wayne
2003-10-08,Wat Da Hook Gon Be,Murphy Lee Featuring Jermaine Dupri
2003-10-08,I Can Only Imagine,MercyMe
2003-10-15,Pass That Dutch,Missy Elliott
2003-10-15,Hey Ya!,OutKast
2003-10-15,Trouble,P!nk
2003-10-15,Runnin (Dying To Live),Tupac Featuring The Notorious B.I.G.
2003-10-15,Hot & Wet,112 Featuring Ludacris
2003-10-15,Party To Damascus,Wyclef Jean Featuring Missy Elliott
2003-10-15,"Roc Ya Body ""Mic Check 1,2""",M.V.P. (Most Valuable Playas) Featuring Stagga Lee
2003-10-15,Another Postcard (Chimps),Barenaked Ladies
2003-10-15,Waiting For You,Seal
2003-10-22,Me Against The Music,Britney Spears Featuring Madonna
2003-10-22,Bad Boy This Bad Boy That,Bad Boy's Da Band
2003-10-22,Fallen,Sarah McLachlan
2003-10-22,The First Cut Is The Deepest,Sheryl Crow
2003-10-22,Clap Back,Ja Rule
2003-10-29,It's My Life,No Doubt
2003-10-29,Perfect,Simple Plan
2003-10-29,Chicks Dig It,Chris Cagle
2003-10-29,Hell Yeah,Montgomery Gentry
2003-10-29,Stunt 101,G Unit
2003-10-29,Love You More,Ginuwine
2003-10-29,This Is How We Do,Big Tymers
2003-11-05,Breathe,Michelle Branch
2003-11-05,Numb,Linkin Park
2003-11-05,Walking In Memphis,Lonestar
2003-11-05,You Can't Take The Honky Tonk Out Of The Girl,Brooks & Dunn
2003-11-05,There Goes My Life,Kenny Chesney
2003-11-05,Forthenight,Musiq
2003-11-12,Change Clothes,JAY-Z
2003-11-12,You Don't Know My Name,Alicia Keys
2003-11-12,Still Frame,Trapt
2003-11-12,"Me, Myself And I",Beyonce
2003-11-12,Salt Shaker,Ying Yang Twins Featuring Lil Jon & The East Side Boyz
2003-11-12,Gigolo,Nick Cannon Featuring R. Kelly
2003-11-12,Take Me Away,Fefe Dobson
2003-11-19,Invisible,Clay Aiken
2003-11-19,Away From Me,Puddle Of Mudd
2003-11-19,More & More,Joe
2003-11-19,Shake That Monkey,Too Short Featuring Lil Jon & The East Side Boyz
2003-11-19,I Can't Take You Anywhere,Scotty Emerick With Toby Keith
2003-11-26,The Voice Within,Christina Aguilera
2003-11-26,Fallen,Mya
2003-11-26,Drinkin' Bone,Tracy Byrd
2003-11-26,(I Hate) Everything About You,Three Days Grace
2003-11-26,Through The Wire,Kanye West
2003-11-26,I Need You Now,Smokie Norful
2003-12-03,Slow Jamz,Twista Featuring Kanye West & Jamie Foxx
2003-12-03,My Baby,Bow Wow Featuring Jagged Edge
2003-12-03,She's Not Just A Pretty Face,Shania Twain
2003-12-03,Gangsta Nation,Westside Connection Featuring Nate Dogg
2003-12-03,One More Chance,Michael Jackson
2003-12-03,F**k It (I Don't Want You Back),Eamon
2003-12-10,Remember When,Alan Jackson
2003-12-10,Not Today,Mary J. Blige Featuring Eve
2003-12-10,I Wanna Do It All,Terri Clark
2003-12-10,Watch The Wind Blow By,Tim McGraw
2003-12-10,Long Black Train,Josh Turner
2003-12-10,Pop That Booty,"Marques Houston Featuring Jermaine ""JD"" Dupri"
2003-12-17,Are You Gonna Be My Girl,Jet
2003-12-17,Hit That,The Offspring
2003-12-17,Little Moments,Brad Paisley
2003-12-17,Hotel,Cassidy Featuring R. Kelly
2003-12-17,Badaboom,B2K Featuring Fabolous
2003-12-17,Neva Eva,Trillville
2003-12-24,With You,Jessica Simpson
2003-12-24,American Soldier,Toby Keith
2003-12-24,You,Ryan Duarte
2003-12-24,Alone,Lasgo
2003-12-24,Gangsta Girl,Big Tymers Featuring R. Kelly
2003-12-31,Sorry 2004,Ruben Studdard
2003-12-31,Splash Waterfalls,Ludacris
2003-12-31,Megalomaniac,Incubus
2003-12-31,I'm Still In Love With You,Sean Paul Featuring Sasha
2003-12-31,In My Life,Juvenile Featuring Mannie Fresh
2003-12-31,Freek-A-Leek,Petey Pablo
2004-01-08,Yeah!,Usher Featuring Lil Jon & Ludacris
2004-01-08,My Immortal,Evanescence
2004-01-08,I Am The Highway,Audioslave
2004-01-08,The Set Up,Obie Trice Featuring Nate Dogg
2004-01-08,Rubber Band Man,T.I.
2004-01-15,In My Daughter's Eyes,Martina McBride
2004-01-15,Tipsy,J-Kwon
2004-01-22,Dirt Off Your Shoulder,JAY-Z
2004-01-22,Perfect,Sara Evans
2004-01-22,Hot Mama,Trace Adkins
2004-01-22,I Love You This Much,Jimmy Wayne
2004-01-22,I Wish,Jo Dee Messina
2004-01-29,Toxic,Britney Spears
2004-01-29,One Call Away,Chingy Featuring J. Weav
2004-01-29,No Better Love,Young Gunz Featuring Rell
2004-01-29,Some Girls (Dance With Women),JC Chasez Featuring Dirt McGirt
2004-02-05,Falls On Me,Fuel
2004-02-05,Sweet Southern Comfort,Buddy Jewell
2004-02-05,When I Look To The Sky,Train
2004-02-05,Figured You Out,Nickelback
2004-02-05,One Day At A Time,Tupac With Eminem Featuring The Outlawz
2004-02-05,Dude,Beenie Man Featuring Ms. Thing
2004-02-12,Wanna Get To Know You,G-Unit Featuring Joe
2004-02-12,Hold On,Good Charlotte
2004-02-12,This Love,Maroon 5
2004-02-12,You'll Think Of Me,Keith Urban
2004-02-12,100 Years,Five For Fighting
2004-02-12,I'm Really Hot,Missy Elliott
2004-02-19,Just A Little While,Janet Jackson
2004-02-19,I Can't Wait,Sleepy Brown Featuring OutKast
2004-02-19,When The Sun Goes Down,Kenny Chesney & Uncle Kracker
2004-02-19,I Don't Wanna Know,Mario Winans Featuring Enya & P. Diddy
2004-02-19,Mayberry,Rascal Flatts
2004-02-19,Slow,Kylie Minogue
2004-02-19,Gal Yuh Ah Lead,T.O.K.
2004-02-26,Come Clean,Hilary Duff
2004-02-26,Love's Divine,Seal
2004-02-26,Wild West Show,Big & Rich
2004-03-04,If I Ain't Got You,Alicia Keys
2004-03-04,Bounce,Sarah Connor
2004-03-04,Work It (Reinvention),Nelly
2004-03-04,Behind Blue Eyes,Limp Bizkit
2004-03-04,Songs About Rain,Gary Allan
2004-03-04,Something Happened On The Way To Heaven,Deborah Cox
2004-03-11,Burn,Usher
2004-03-11,Game Over (Flip),Lil' Flip
2004-03-11,Don't Take Your Love Away,Avant
2004-03-11,All Falls Down,Kanye West Featuring Syleena Johnson
2004-03-11,Roses,OutKast
2004-03-11,Ride Wit U,Joe Featuring G-Unit
2004-03-11,Maps,Yeah Yeah Yeahs
2004-03-18,The Reason,Hoobastank
2004-03-18,Letters From Home,John Michael Montgomery
2004-03-18,F.U.R.B. (F U Right Back),Frankee
2004-03-18,I Miss You,blink-182
2004-03-18,My Band,D12
2004-03-18,You Raise Me Up,Josh Groban
2004-03-18,Love Me Right (Oh Sheila),Angel City Featuring Lara McAllen
2004-03-18,Pull Up,Mr. Vegas
2004-03-25,Overnight Celebrity,Twista
2004-03-25,Naughty Girl,Beyonce
2004-03-25,Desperately,George Strait
2004-03-25,8th World Wonder,Kimberley Locke
2004-04-01,Solitaire,Clay Aiken
2004-04-01,Take My Breath Away,Jessica Simpson
2004-04-01,Don't Tell Me,Avril Lavigne
2004-04-01,Paint Me A Birmingham,Tracy Lawrence
2004-04-01,Baby I Love U,Jennifer Lopez
2004-04-01,I Want You,Janet Jackson
2004-04-01,Meant To Live,Switchfoot
2004-04-01,Cold Hard Bitch,Jet
2004-04-01,Good Little Girls,Blue County
2004-04-08,Hey Mama,The Black Eyed Peas
2004-04-08,Let's Be Us Again,Lonestar
2004-04-08,That's What She Gets For Loving Me,Brooks & Dunn
2004-04-08,Redneck Woman,Gretchen Wilson
2004-04-08,Lying From You,Linkin Park
2004-04-08,Happy People,R. Kelly
2004-04-08,Leave (Get Out),JoJo
2004-04-15,If You Ever Stop Loving Me,Montgomery Gentry
2004-04-15,Simple Life,Carolyn Dawn Johnson
2004-04-15,Got It Twisted,Mobb Deep
2004-04-22,whoknows,Musiq
2004-04-22,Culo,Pitbull Featuring Lil Jon
2004-04-22,Dip It Low,Christina Milian
2004-04-22,Tear It Up,"Yung Wun Featuring DMX, Lil' Flip & David Banner"
2004-04-22,Jook Gal (Wine Wine),Elephant Man
2004-04-29,Confessions Part II,Usher
2004-04-29,Whiskey Girl,Toby Keith
2004-04-29,Slow Motion,Juvenile Featuring Soulja Slim
2004-04-29,Love Song,311
2004-04-29,Move Ya Body,Nina Sky Featuring Jabba
2004-04-29,Last Train Home,Lostprophets
2004-04-29,What's It Like,Jagged Edge
2004-04-29,Last One Standing,Emerson Drive
2004-04-29,Just For You,Lionel Richie
2004-05-06,Jesus Walks,Kanye West
2004-05-06,Loco,David Lee Murphy
2004-05-06,It Only Hurts When I'm Breathing,Shania Twain
2004-05-06,Time's Up!,Jadakiss Featuring Nate Dogg
2004-05-06,99 Problems,JAY-Z
2004-05-06,Get No Better,Cassidy Featuring Mashonda
2004-05-06,Whats Happnin!,Ying Yang Twins Featuring Trick Daddy
2004-05-13,Slither,Velvet Revolver
2004-05-13,On Fire,Lloyd Banks
2004-05-13,Heaven,Los Lonely Boys
2004-05-13,Ch-Check It Out,Beastie Boys
2004-05-13,Ocean Avenue,Yellowcard
2004-05-13,Passenger Seat,SHeDAISY
2004-05-13,The Outsider,A Perfect Circle
2004-05-13,Talk About Our Love,Brandy Featuring Kanye West
2004-05-20,Everytime,Britney Spears
2004-05-20,Southside,Lloyd Featuring Ashanti
2004-05-20,I Can't Sleep,Clay Walker
2004-05-20,Scandalous,Mis-Teeq
2004-05-20,Turn Me On,Kevin Lyttle Featuring Spragga Benz
2004-05-20,Selfish,Slum Village Featuring Kanye West & John Legend
2004-05-27,Where Are We Runnin'?,Lenny Kravitz
2004-05-27,Still In Love,Teena Marie Featuring Baby
2004-05-27,This Way,Dilated Peoples Featuring Kanye West
2004-05-27,Float On,Modest Mouse
2004-05-27,I'm Ready,Cherie
2004-06-03,Welcome Back,Mase
2004-06-03,U Should've Known Better,Monica
2004-06-03,Everything,Alanis Morissette
2004-06-10,I Go Back,Kenny Chesney
2004-06-10,Live Like You Were Dying,Tim McGraw
2004-06-10,Somebody,Reba McEntire
2004-06-10,You're The Only One,Maria Mena
2004-06-10,Locked Up,Akon Featuring Styles P.
2004-06-10,Hole In The Head,Sugababes
2004-06-17,Diary,Alicia Keys Featuring Tony! Toni! Tone!
2004-06-17,Hey Good Lookin',"Jimmy Buffett With Clint Black, Kenny Chesney, Alan Jackson, Toby Keith & George Strait"
2004-06-17,Whiskey Lullaby,Brad Paisley Featuring Alison Krauss
2004-06-17,I Like That,"Houston Featuring Chingy, Nate Dogg & I-20"
2004-06-17,Sunshine,Lil' Flip Featuring Lea
2004-06-24,Lean Back,Terror Squad
2004-06-24,Accidentally In Love,Counting Crows
2004-06-24,I Got A Feelin',Billy Currington
2004-06-24,So Sexy,Twista Featuring R. Kelly
2004-06-24,So Fly,NB Ridaz Featuring Gemini
2004-06-24,Goodies,Ciara Featuring Petey Pablo
2004-06-24,Coo-Coo Chee,Ric-A-Che Featuring Darija
2004-07-01,Pieces Of Me,Ashlee Simpson
2004-07-01,Away From The Sun,3 Doors Down
2004-07-01,How Come,D12
2004-07-01,Feelin' Way Too Damn Good,Nickelback
2004-07-01,I Want To Live,Josh Gracin
2004-07-01,New Day,Patti LaBelle
2004-07-01,Take Me Out,Franz Ferdinand
2004-07-08,I Believe,Fantasia
2004-07-08,Freaks,Play-N-Skillz Featuring Krayzie Bone & Adina Howard
2004-07-08,How Far,Martina McBride
2004-07-08,Girls Lie Too,Terri Clark
2004-07-08,Let's Get Away,T.I.
2004-07-08,Headsprung,LL Cool J
2004-07-15,Dreams,Diana DeGarmo
2004-07-15,Why?,Jadakiss Featuring Anthony Hamilton
2004-07-15,No Problem,Lil Scrappy
2004-07-15,Diamond In The Back,Ludacris
2004-07-15,Break Down Here,Julie Roberts
2004-07-22,She Will Be Loved,Maroon 5
2004-07-22,One Thing,Finger Eleven
2004-07-22,My Place,Nelly Featuring Jaheim
2004-07-22,Days Go By,Keith Urban
2004-07-22,Let Me In,Young Buck
2004-07-22,Breaking The Habit,Linkin Park
2004-07-29,My Happy Ending,Avril Lavigne
2004-07-29,Save A Horse (Ride A Cowboy),Big & Rich
2004-07-29,She Thinks She Needs Me,Andy Griggs
2004-07-29,U Saved Me,R. Kelly
2004-07-29,Just Like You,Three Days Grace
2004-07-29,Shake That Sh**,Shawnna Featuring Ludacris
2004-07-29,On The Way Down,Ryan Cabrera
2004-08-05,Let's Get It Started,The Black Eyed Peas
2004-08-05,Too Much Of A Good Thing,Alan Jackson
2004-08-05,Here For The Party,Gretchen Wilson
2004-08-05,Suds In The Bucket,Sara Evans
2004-08-05,Cold,Crossfade
2004-08-12,I Hate Everything,George Strait
2004-08-12,Outrageous,Britney Spears
2004-08-12,Hot 2Nite,New Edition
2004-08-19,If Nobody Believed In You,Joe Nichols
2004-08-19,Feels Like Today,Rascal Flatts
2004-08-19,You're My Everything,Anita Baker
2004-08-19,Call My Name,Prince
2004-08-19,American Idiot,Green Day
2004-08-19,Knuck If You Buck,Crime Mob Featuring Lil Scrappy
2004-08-26,Breakaway,Kelly Clarkson
2004-08-26,Stays In Mexico,Toby Keith
2004-08-26,"Breathe, Stretch, Shake",Mase Featuring P. Diddy
2004-08-26,Nolia Clap,"Juvenile, Wacko & Skip"
2004-08-26,That's What It's All About,Brooks & Dunn
2004-08-26,Who Is She 2 U,Brandy
2004-08-26,Oye Mi Canto,"N.O.R.E. Featuring Daddy Yankee, Nina Sky, Gem Star & Big Mato"
2004-08-26,Storm,Lenny Kravitz Featuring Jay-Z
2004-09-02,Broken,Seether Featuring Amy Lee
2004-09-02,Flap Your Wings,Nelly
2004-09-02,In A Real Love,Phil Vassar
2004-09-02,Charlene,Anthony Hamilton
2004-09-02,Somebody Told Me,The Killers
2004-09-02,King Of The Dancehall,Beenie Man
2004-09-02,White Tee's,Dem Franchize Boyz
2004-09-02,How Did You Know?,Mynt Featuring Kim Sozzi
2004-09-09,My Boo,Usher And Alicia Keys
2004-09-09,1985,Bowling For Soup
2004-09-09,Car Wash,Christina Aguilera Featuring Missy Elliott
2004-09-09,So Cold,Breaking Benjamin
2004-09-16,Mr. Mom,Lonestar
2004-09-16,Let's Go,Trick Daddy Featuring Lil Jon & Twista
2004-09-16,You & Me,J-Kwon Featuring Sadiyyah
2004-09-16,Nothing On But The Radio,Gary Allan
2004-09-16,Dangerously In Love,Beyonce
2004-09-16,Breathe,Fabolous
2004-09-16,Nasty Girl,Nitty
2004-09-23,Lose My Breath,Destiny's Child
2004-09-23,Hush,LL Cool J Featuring 7 Aurelius
2004-09-23,Tilt Ya Head Back,Nelly & Christina Aguilera
2004-09-23,Fall To Pieces,Velvet Revolver
2004-09-30,Drop It Like It's Hot,Snoop Dogg Featuring Pharrell
2004-09-30,Dare You To Move,Switchfoot
2004-09-30,Shadow,Ashlee Simpson
2004-09-30,Go D.J.,Lil Wayne
2004-09-30,Used To Love U,John Legend
2004-10-07,Just Lose It,Eminem
2004-10-07,Vertigo,U2
2004-10-07,Balla Baby,Chingy
2004-10-07,Baby It's You,JoJo Featuring Bow Wow
2004-10-07,Tempted To Touch,Rupee
2004-10-07,Whatever U Want,Christina Milian Featuring Joe Budden
2004-10-14,Over And Over,Nelly Featuring Tim McGraw
2004-10-14,Shorty Wanna Ride,Young Buck
2004-10-14,Wonderful,Ja Rule Featuring R. Kelly & Ashanti
2004-10-14,The Woman With You,Kenny Chesney
2004-10-14,What You Waiting For?,Gwen Stefani
2004-10-14,Real Big,Mannie Fresh
2004-10-14,Westside Story,The Game Featuring 50 Cent
2004-10-14,White Houses,Vanessa Carlton
2004-10-21,Big Chips,R. Kelly & Jay-Z
2004-10-21,How Am I Doin',Dierks Bentley
2004-10-21,I Don't Want To Be,Gavin DeGraw
2004-10-21,Back When,Tim McGraw
2004-10-21,Getting Away With Murder,Papa Roach
2004-10-21,Take Me Home,Terror Squad
2004-10-21,Let Me Love You,Mario
2004-10-28,Some Beach,Blake Shelton
2004-10-28,"1, 2 Step",Ciara Featuring Missy Elliott
2004-10-28,Rough & Ready,Trace Adkins
2004-10-28,"I Smoke, I Drank",Body Head Bangerz Featuring YoungBloodz
2004-11-04,Daughters,John Mayer
2004-11-04,Party For Two,Shania Twain With Billy Currington Or Mark McGrath
2004-11-04,What U Gon' Do,Lil Jon & The East Side Boyz Featuring Lil Scrappy
2004-11-04,(Reach Up For The) Sunrise,Duran Duran
2004-11-11,Welcome To My Life,Simple Plan
2004-11-11,"Awful, Beautiful Life",Darryl Worley
2004-11-11,Nothin 'Bout Love Makes Sense,LeAnn Rimes
2004-11-11,So Sexy Chapter II (Like This),Twista Featuring R. Kelly
2004-11-11,Gasolina,Daddy Yankee
2004-11-18,Encore,"Eminem, Dr. Dre & 50 Cent"
2004-11-18,Only U,Ashanti
2004-11-18,Get Back,Ludacris
2004-11-18,Karma,Lloyd Banks Featuring Avant
2004-11-18,New York,Ja Rule Featuring Fat Joe & Jadakiss
2004-11-18,U Make Me Wanna,Jadakiss Featuring Mariah Carey
2004-11-18,Vitamin R (Leading Us Along),Chevelle
2004-11-18,Bridging The Gap,Nas Featuring Olu Dara
2004-11-25,Lovers And Friends,Lil Jon & The East Side Boyz Featuring Usher & Ludacris
2004-11-25,Soldier,Destiny's Child Featuring T.I. & Lil Wayne
2004-11-25,How We Do,The Game Featuring 50 Cent
2004-11-25,Boulevard Of Broken Dreams,Green Day
2004-11-25,I Changed My Mind,Keyshia Cole Featuring Shyne
2004-11-25,Give A Little Bit,Goo Goo Dolls
2004-11-25,Numb/Encore,Jay-Z/Linkin Park
2004-11-25,Bring Em Out,T.I.
2004-11-25,Karma,Alicia Keys
2004-11-25,You're The One,Guerilla Black Featuring Mario Winans
2004-12-02,Mud On The Tires,Brad Paisley
2004-12-02,You're My Better Half,Keith Urban
2004-12-02,Monday Morning Church,Alan Jackson
2004-12-02,Hey Now (Mean Muggin),Xzibit Featuring Keri Hilson
2004-12-09,True,Ryan Cabrera
2004-12-09,Disco Inferno,50 Cent
2004-12-09,When I Think About Cheatin',Gretchen Wilson
2004-12-09,Nobody's Home,Avril Lavigne
2004-12-09,Beautiful Soul,Jesse McCartney
2004-12-09,Lady,Lenny Kravitz
2004-12-09,Come Home Soon,SHeDAISY
2004-12-09,Caught Up,Usher
2004-12-09,Gotta Go Solo,Patti LaBelle Featuring Ron Isley
2004-12-09,Baby Girl,Sugarland
2004-12-16,Bless The Broken Road,Rascal Flatts
2004-12-16,Since U Been Gone,Kelly Clarkson
2004-12-16,He Gets That From Me,Reba McEntire
2004-12-23,Some Cut,Trillville Featuring Cutty
2004-12-23,Rich Girl,Gwen Stefani Featuring Eve
2004-12-23,Okay,Nivea Featuring Lil Jon & YoungBloodZ
2004-12-23,Perdidos,Monchy & Alexandra
2004-12-30,Mockingbird,Eminem
2004-12-30,Holy Water,Big & Rich
2004-12-30,A Rose By Any Other Name,Teena Marie Featuring Gerald Levert
2004-12-30,Thugs Get Lonely Too,2Pac Featuring Nate Dogg
2005-01-08,Ordinary People,John Legend
2005-01-08,Sunday Morning,Maroon 5
2005-01-08,Let's Get Blown,Snoop Dogg
2005-01-08,Ghetto,Akon
2005-01-08,Hold You Down,"The Alchemist Featuring Prodigy, Illa Ghee & Nina Sky"
2005-01-15,I'll Be Around,Daryl Hall  John Oates
2005-01-22,Get Right,Jennifer Lopez
2005-01-22,O,Omarion
2005-01-22,Nothin' To Lose,Josh Gracin
2005-01-22,Truth Is,Fantasia
2005-01-22,U Don't Know Me,T.I.
2005-01-22,Baby,Fabolous Featuring Mike Shorey
2005-01-22,Sugar (Gimme Some),"Trick Daddy Featuring Ludacris, Lil' Kim & Cee-Lo"
2005-01-29,It's Like That,Mariah Carey
2005-01-29,Obsession (No Es Amor),Frankie J Featuring Baby Bash
2005-01-29,Like Toy Soldiers,Eminem
2005-01-29,Look What You've Done,Jet
2005-01-29,I May Hate Myself In The Morning,Lee Ann Womack
2005-01-29,Let Them Be Little,Billy Dean
2005-02-05,Candy Shop,50 Cent Featuring Olivia
2005-02-05,Hope,Twista Featuring Faith Evans
2005-02-05,N Dey Say,Nelly
2005-02-05,Let Me Go,3 Doors Down
2005-02-05,That's What I Love About Sunday,Craig Morgan
2005-02-05,Gone,Montgomery Gentry
2005-02-12,Mr. Brightside,The Killers
2005-02-12,I Just Wanna Live,Good Charlotte
2005-02-12,Scars,Papa Roach
2005-02-12,Somewhere Only We Know,Keane
2005-02-12,Collide,Howie Day
2005-02-12,Goin' Crazy,Natalie
2005-02-12,It's Getting Better All The Time,Brooks & Dunn
2005-02-12,Anything But Mine,Kenny Chesney
2005-02-12,Hate It Or Love It,The Game Featuring 50 Cent
2005-02-12,I'm Not Okay (I Promise),My Chemical Romance
2005-02-12,Little Sister,Queens Of The Stone Age
2005-02-12,If Heaven,Andy Griggs
2005-02-12,You And Me,Lifehouse
2005-02-12,Pain,Jimmy Eat World
2005-02-12,Home,Three Days Grace
2005-02-12,La La,Ashlee Simpson
2005-02-12,Baby Mama,Fantasia
2005-02-12,1 Thing,Amerie
2005-02-19,Lonely No More,Rob Thomas
2005-02-19,Signs,Snoop Dogg Featuring Charlie Wilson & Justin Timberlake
2005-02-19,My Give A Damn's Busted,Jo Dee Messina
2005-02-19,Down And Out,Cam'Ron Featuring Kanye West & Syleena Johnson
2005-02-19,Almost,Bowling For Soup
2005-02-19,Landed,Ben Folds
2005-02-19,Trying To Find Atlantis,Jamie O'Neal
2005-02-26,We Will Become Silhouettes,The Postal Service
2005-02-26,Lonely,Akon
2005-02-26,Honkytonk U,Toby Keith
2005-02-26,Wait (The Whisper Song),Ying Yang Twins
2005-02-26,Jerk It Out,Caesars
2005-02-26,Baby I'm Back,Baby Bash Featuring Akon
2005-02-26,What's A Guy Gotta Do,Joe Nichols
2005-03-05,Across The Universe,Various Artists
2005-03-05,Number One Spot,Ludacris
2005-03-05,"Sitting, Waiting, Wishing",Jack Johnson
2005-03-05,Switch,Will Smith
2005-03-05,Slow Down,Bobby Valentino
2005-03-05,In The Kitchen,R. Kelly
2005-03-05,Girlfight,Brooke Valentine Featuring Lil Jon & Big Boi
2005-03-05,U Already Know,112 Featuring Foxy Brown
2005-03-05,Shut Up,Simple Plan
2005-03-12,God's Will,Martina McBride
2005-03-19,Still Tippin',Mike Jones Featuring Slim Thug & Paul Wall
2005-03-19,Hold You Down,Jennifer Lopez Featuring Fat Joe
2005-03-19,I'm A Hustla,Cassidy
2005-03-19,How Do You Get That Lonely,Blaine Larsen
2005-03-19,How Could You,Mario
2005-03-19,The Widow,The Mars Volta
2005-03-26,Oh,Ciara Featuring Ludacris
2005-03-26,E-Pro,Beck
2005-03-26,Just A Lil Bit,50 Cent
2005-03-26,Piggy Bank,50 Cent
2005-03-26,Again,Faith Evans
2005-03-26,Homewrecker,Gretchen Wilson
2005-03-26,Why Do You Love Me,Garbage
2005-03-26,Drugs Or Jesus,Tim McGraw
2005-03-26,Songs About Me,Trace Adkins
2005-03-26,Be Yourself,Audioslave
2005-04-02,Cry Baby/Piece Of My Heart,Melissa Etheridge & Joss Stone
2005-04-02,Bitches Ain't S**t,Ben Folds
2005-04-02,Hollaback Girl,Gwen Stefani
2005-04-02,Girl,Destiny's Child
2005-04-02,Lot Of Leavin' Left To Do,Dierks Bentley
2005-04-02,Sooner Or Later,Breaking Benjamin
2005-04-09,The Hand That Feeds,Nine Inch Nails
2005-04-09,So What The Fuss,Stevie Wonder
2005-04-09,La Camisa Negra,Juanes
2005-04-09,Holiday,Green Day
2005-04-16,Beverly Hills,Weezer
2005-04-16,Devils & Dust,Bruce Springsteen
2005-04-16,B.Y.O.B.,System Of A Down
2005-04-16,We Belong Together,Mariah Carey
2005-04-16,Grind With Me,Pretty Ricky
2005-04-16,Chariot,Gavin DeGraw
2005-04-16,So Much More,Fat Joe
2005-04-16,Sometimes You Can't Make It On Your Own,U2
2005-04-16,Do Somethin',Britney Spears
2005-04-23,Incomplete,Backstreet Boys
2005-04-23,Behind These Hazel Eyes,Kelly Clarkson
2005-04-23,Making Memories Of Us,Keith Urban
2005-04-23,You'll Be There,George Strait
2005-04-23,Don't Phunk With My Heart,The Black Eyed Peas
2005-04-30,Under Pressure,The Used And My Chemical Romance
2005-04-30,Hello Tomorrow,Squeak E. Clean Featuring Karen O
2005-04-30,MJB Da MVP,Mary J. Blige Featuring The Game & 50 Cent
2005-04-30,Happy?,Mudvayne
2005-04-30,Breathe (2 AM),Anna Nalick
2005-04-30,Cater 2 U,Destiny's Child
2005-04-30,I'll Take That As A Yes (The Hot Tub Song),Phil Vassar
2005-04-30,Class Reunion (That Used To Be Us),Lonestar
2005-04-30,Free Yourself,Fantasia
2005-05-07,Speed Of Sound,Coldplay
2005-05-07,When You Tell Me That You Love Me,American Idol Finalists Season 4
2005-05-07,Blue Orchid,The White Stripes
2005-05-07,Fast Cars And Freedom,Rascal Flatts
2005-05-07,All Because Of You,Marques Houston Featuring Young Rome
2005-05-07,Don't Cha,The Pussycat Dolls Featuring Busta Rhymes
2005-05-07,La Tortura,Shakira Feat. Alejandro Sanz
2005-05-07,Give Me That,Webbie Featuring Bun B
2005-05-07,Trapped In The Closet,R. Kelly
2005-05-14,American Baby,Dave Matthews Band
2005-05-14,Best Of You,Foo Fighters
2005-05-21,Lose Control,Missy Elliott Featuring Ciara & Fat Man Scoop
2005-05-21,She's No You,Jesse McCartney
2005-05-21,Diamonds From Sierra Leone,Kanye West
2005-05-21,Untitled (How Can This Happen To Me?),Simple Plan
2005-05-21,I Can't Stop Loving You,Kem
2005-05-21,Home,Michael Buble
2005-05-21,Something More,Sugarland
2005-05-28,Errtime,Nelly Featuring Jung Tru & King Jacob
2005-05-28,Feel Good Inc,Gorillaz
2005-05-28,Let Me Hold You,Bow Wow Featuring Omarion
2005-05-28,How To Deal,Frankie J
2005-05-28,Must Be Nice,Lyfe Jennings
2005-05-28,If Something Should Happen,Darryl Worley
2005-06-04,As Good As I Once Was,Toby Keith
2005-06-04,Listen To Your Heart,D.H.T.
2005-06-04,Get It Poppin',Fat Joe Featuring Nelly
2005-06-04,Back Then,Mike Jones
2005-06-04,Keg In The Closet,Kenny Chesney
2005-06-04,Dreams,The Game
2005-06-04,Make Her Feel Good,Teairra Mari
2005-06-04,Pickin' Wildflowers,Keith Anderson
2005-06-11,Pimpin' All Over The World,Ludacris Featuring Bobby Valentino
2005-06-11,Mississippi Girl,Faith Hill
2005-06-11,Goodbye Time,Blake Shelton
2005-06-11,Pon de Replay,Rihanna
2005-06-11,Don't Ask Me How I Know,Bobby Pinson
2005-06-18,Ass Like That,Eminem
2005-06-18,ASAP,T.I.
2005-06-18,Energy,Natalie Featuring Baby Bash
2005-06-18,Like You,Daddy Yankee
2005-06-25,So Seductive,Tony Yayo Featuring 50 Cent
2005-06-25,Right Here,Staind
2005-06-25,Summer Nights,Lil Rob
2005-06-25,Pump It,The Black Eyed Peas
2005-06-25,Dem Boyz,Boyz N Da Hood
2005-06-25,Touch,Omarion
2005-07-02,Inside Your Heaven,Carrie Underwood
2005-07-02,Alcohol,Brad Paisley
2005-07-02,Don't Worry 'Bout A Thing,SHeDAISY
2005-07-02,Play Something Country,Brooks & Dunn
2005-07-02,"Sugar, We're Goin' Down",Fall Out Boy
2005-07-02,These Words,Natasha Bedingfield
2005-07-09,Inside Your Heaven,Bo Bice
2005-07-09,Go!,Common
2005-07-09,Playa's Only,R. Kelly Featuring The Game
2005-07-09,My Sister,Reba McEntire
2005-07-09,An Honest Mistake,The Bravery
2005-07-09,Helena (So Long & Goodnight),My Chemical Romance
2005-07-09,A Real Fine Place To Start,Sara Evans
2005-07-09,The Talkin' Song Repair Blues,Alan Jackson
2005-07-16,These Boots Are Made For Walkin',Jessica Simpson
2005-07-16,Tell Me,Bobby Valentino
2005-07-16,Cool,Gwen Stefani
2005-07-16,Do You Want Fries With That,Tim McGraw
2005-07-16,Help Somebody,Van Zant
2005-07-16,Badd,Ying Yang Twins Featuring Mike Jones & Mr. ColliPark
2005-07-16,Wordplay,Jason Mraz
2005-07-16,This Is How A Heart Breaks,Rob Thomas
2005-07-16,Gotta Getcha,Jermaine Dupri
2005-07-23,Sgt. Pepper's Lonely Hearts Club Band,Paul McCartney With U2
2005-07-23,Play,David Banner
2005-07-23,And Then What,Young Jeezy Featuring Mannie Fresh
2005-07-23,Notice Me,NB Ridaz Featuring Angelina
2005-07-23,Outta Control (Remix),50 Cent Feat. Mobb Deep
2005-07-30,Shake It Off,Mariah Carey
2005-07-30,Just The Girl,The Click Five
2005-07-30,Be My Escape,Relient K
2005-07-30,Gold Digger,Kanye West Featuring Jamie Foxx
2005-07-30,Welcome To Jamrock,"Damian ""Jr. Gong"" Marley"
2005-07-30,Somebody's Hero,Jamie O'Neal
2005-07-30,Remedy,Seether
2005-08-06,Like You,Bow Wow Featuring Ciara
2005-08-06,Dirty Little Secret,The All-American Rejects
2005-08-06,Your Body,Pretty Ricky
2005-08-06,I'm A King,P$C Featuring T.I. & Lil Scrappy
2005-08-06,Charlie Last Name: Wilson,Charlie Wilson
2005-08-06,Something To Be Proud Of,Montgomery Gentry
2005-08-06,Georgia Rain,Trisha Yearwood
2005-08-06,Wake Me Up When September Ends,Green Day
2005-08-06,Redneck Yacht Club,Craig Morgan
2005-08-13,Don't Lie,The Black Eyed Peas
2005-08-13,Gotta Make It,Trey Songz Featuring Twista
2005-08-13,Belly Dancer (Bananza),Akon
2005-08-13,Stay With Me (Brass Bed),Josh Gracin
2005-08-13,Hicktown,Jason Aldean
2005-08-20,Seasons Of Love,Cast Of Rent
2005-08-20,Axel F,Crazy Frog
2005-08-20,My Humps,The Black Eyed Peas
2005-08-20,All Jacked Up,Gretchen Wilson
2005-08-20,Girl,Beck
2005-08-27,Naked,Marques Houston
2005-08-27,Nada Es Para Siempre,Luis Fonsi
2005-08-27,Run It!,Chris Brown
2005-08-27,All These Things That I've Done,The Killers
2005-08-27,Sittin' Sidewayz,Paul Wall Featuring Big Pokey
2005-08-27,I'm Sprung,T-Pain
2005-09-03,Wake Up,Hilary Duff
2005-09-03,Soul Survivor,Young Jeezy Featuring Akon
2005-09-03,Just Want You To Know,Backstreet Boys
2005-09-03,Shake,Ying Yang Twins Featuring Pitbull
2005-09-03,Probably Wouldn't Be This Way,LeAnn Rimes
2005-09-03,Best I Ever Had,Gary Allan
2005-09-03,Because Of You,Kelly Clarkson
2005-09-10,Photograph,Nickelback
2005-09-10,Do You Want To,Franz Ferdinand
2005-09-10,Footprints,T.O.K.
2005-09-10,Better Life,Keith Urban
2005-09-10,Girl Tonite,Twista Featuring Trey Songz
2005-09-17,We Be Burnin',Sean Paul
2005-09-17,Outta Control,50 Cent
2005-09-17,More Than Words,Frankie J
2005-09-17,Doesn't Remind Me,Audioslave
2005-09-24,Boyfriend,Ashlee Simpson
2005-09-24,Skin (Sarabeth),Rascal Flatts
2005-09-24,If You Were Mine,Marcos Hernandez
2005-09-24,I Think They Like Me,"Dem Franchize Boyz Featuring Jermaine Dupri, Da Brat & Bow Wow"
2005-09-24,Stay Fly,Three 6 Mafia Featuring Young Buck & Eightball & MJG
2005-09-24,You're Like Comin' Home,Lonestar
2005-09-24,Come A Little Closer,Dierks Bentley
2005-09-24,Lighters Up,Lil' Kim
2005-10-01,Unbreakable,Alicia Keys
2005-10-01,Stars,Switchfoot
2005-10-01,Fix You,Coldplay
2005-10-01,Good Is Good,Sheryl Crow
2005-10-01,Who Did You Think I Was,John Mayer Trio
2005-10-01,Good Times,Tommy Lee
2005-10-01,I'm Feeling You,Santana Featuring Michelle Branch & The Wreckers
2005-10-01,Laffy Taffy,D4L
2005-10-08,Better Days,Goo Goo Dolls
2005-10-08,Have A Nice Day,Bon Jovi
2005-10-08,Who You'd Be Today,Kenny Chesney
2005-10-08,One Wish,Ray J
2005-10-08,I Should Have Cheated,Keyshia Cole
2005-10-08,Here We Go,Trina Featuring Kelly Rowland
2005-10-08,Shine On,Ryan Cabrera
2005-10-08,Stricken,Disturbed
2005-10-08,Like We Never Loved At All,Faith Hill
2005-10-08,Billy's Got His Beer Goggles On,Neal McCoy
2005-10-08,Soul Meets Body,Death Cab For Cutie
2005-10-15,There It Go! (The Whistle Song),Juelz Santana
2005-10-15,Big Blue Note,Toby Keith
2005-10-15,Tequila Makes Her Clothes Fall Off,Joe Nichols
2005-10-15,Twisted Transistor,Korn
2005-10-15,I Don't Care,Ricky Martin Featuring Fat Joe & Amerie
2005-10-15,Presidential,YoungBloodZ
2005-10-22,Pretty Vegas,INXS
2005-10-22,Don't Forget About Us,Mariah Carey
2005-10-22,Stickwitu,The Pussycat Dolls
2005-10-22,Good Ride Cowboy,Garth Brooks
2005-10-22,If It's Lovin' That You Want,Rihanna
2005-10-22,Juicebox,The Strokes
2005-10-22,Must Be Doin' Somethin' Right,Billy Currington
2005-10-29,Boondocks,Little Big Town
2005-10-29,Only,Nine Inch Nails
2005-10-29,Miss Me Baby,Chris Cagle
2005-10-29,And I,Ciara
2005-10-29,Precious,Depeche Mode
2005-10-29,Heard 'Em Say,Kanye West Featuring Adam Levine
2005-11-05,Hung Up,Madonna
2005-11-05,"Dance, Dance",Fall Out Boy
2005-11-05,Hustler's Ambition,50 Cent
2005-11-05,Don't Bother,Shakira
2005-11-05,L.O.V.E.,Ashlee Simpson
2005-11-05,Luxurious,Gwen Stefani
2005-11-05,Honky Tonk Badonkadonk,Trace Adkins
2005-11-05,Hypnotize,System Of A Down
2005-11-05,Turn It Up,Chamillionaire Featuring Lil' Flip
2005-11-05,Can I Have It Like That,Pharrell Featuring Gwen Stefani
2005-11-05,She Let Herself Go,George Strait
2005-11-12,Window Shopper,50 Cent
2005-11-12,DOA,Foo Fighters
2005-11-12,Bat Country,Avenged Sevenfold
2005-11-12,You're Beautiful,James Blunt
2005-11-19,"Jesus, Take The Wheel",Carrie Underwood
2005-11-19,Check On It,Beyonce Featuring Slim Thug
2005-11-19,Grillz,"Nelly Featuring Paul Wall, Ali & Gipp"
2005-11-19,Fireman,Lil Wayne
2005-11-19,Save Me,Shinedown
2005-11-26,Confessions Of A Broken Heart (Daughter To Father),Lindsay Lohan
2005-11-26,When I'm Gone,Eminem
2005-11-26,Kryptonite (I'm On It),Purple Ribbon All-Stars
2005-11-26,Be Without You,Mary J. Blige
2005-12-03,Comin' To Your City,Big & Rich
2005-12-03,When I Get Where I'm Going,Brad Paisley Featuring Dolly Parton
2005-12-03,Rompe,Daddy Yankee
2005-12-03,Just Might (Make Me Believe),Sugarland
2005-12-03,Gotta Go,Trey Songz
2005-12-03,My Old Friend,Tim McGraw
2005-12-03,(I Never Promised You A) Rose Garden,Martina McBride
2005-12-03,Unpredictable,Jamie Foxx Featuring Ludacris
2005-12-10,Unwritten,Natasha Bedingfield
2005-12-10,So Sick,Ne-Yo
2005-12-10,Looking For You,Kirk Franklin
2005-12-10,Rodeo,Juvenile
2005-12-10,Rakata,Wisin & Yandel
2005-12-17,Everytime We Touch,Cascada
2005-12-17,Nasty Girl,"The Notorious B.I.G. Featuring Diddy, Nelly, Jagged Edge & Avery Storm"
2005-12-17,Hit The Floor,Twista Featuring Pitbull
2005-12-17,Ella Y Yo,Aventura Featuring Don Omar
2005-12-17,Kerosene,Miranda Lambert
2005-12-17,Welcome 2 Detroit,Trick-Trick Featuring Eminem
2005-12-24,Shake That,Eminem Featuring Nate Dogg
2005-12-24,Amor Eterno,Cristian Castro
2005-12-24,Fresh Azimiz,Bow Wow Featuring J-Kwon & Jermaine Dupri
2005-12-24,Touch It,Busta Rhymes
2005-12-24,Perfect Situation,Weezer
2005-12-24,Your Man,Josh Turner
2005-12-24,Believe,Brooks & Dunn
2005-12-31,Georgia,Ludacris & Field Mob Featuring Jamie Foxx
2005-12-31,Tonight I Wanna Cry,Keith Urban
2005-12-31,I'm N Luv (Wit A Stripper),T-Pain Featuring Mike Jones
2005-12-31,Yo (Excuse Me Miss),Chris Brown
2005-12-31,She Don't Tell Me To,Montgomery Gentry
2006-01-01,Who I Am Hates Who I've Been,Relient K
2006-01-01,Dare,Gorillaz Featuring Shaun Ryder
2006-01-01,My Hood,Young Jeezy
2006-01-08,The Ghost Of You,My Chemical Romance
2006-01-15,Temperature,Sean Paul
2006-01-15,"Lean Wit It, Rock Wit It",Dem Franchize Boyz Featuring Lil Peanut & Charlay
2006-01-15,Ever The Same,Rob Thomas
2006-01-15,Get Drunk And Be Somebody,Toby Keith
2006-01-15,Walk Away,Kelly Clarkson
2006-01-22,We Belong Together,Gavin DeGraw
2006-01-22,Upside Down,Jack Johnson
2006-01-22,Cheatin',Sara Evans
2006-01-22,Living In Fast Forward,Kenny Chesney
2006-01-22,Who Says You Can't Go Home,Bon Jovi
2006-01-22,Oh Yes (aka 'Postman'),Juelz Santana
2006-01-22,Nobody But Me,Blake Shelton
2006-01-29,Lights And Sounds,Yellowcard
2006-01-29,Love,Keyshia Cole
2006-01-29,Breaking Free,"Zac Efron, Andrew Seeley & Vanessa Anne Hudgens"
2006-01-29,Ms. New Booty,Bubba Sparxxx Featuring Ying Yang Twins & Mr. ColliPark
2006-01-29,Beep,The Pussycat Dolls Featuring will.i.am
2006-01-29,King Without A Crown,Matisyahu
2006-01-29,Get'cha Head In The Game,Andrew Seeley
2006-02-05,Start Of Something New,"Zac Efron, Andrew Seeley & Vanessa Anne Hudgens"
2006-02-05,We're All In This Together,High School Musical Cast
2006-02-05,What I've Been Looking For,Lucas Grabeel & Ashley Tisdale
2006-02-05,Stick To The Status Quo,High School Musical Cast
2006-02-05,Goodbye For Now,P.O.D.
2006-02-05,Bop To The Top,Lucas Grabeel & Ashley Tisdale
2006-02-05,What I've Been Looking For (Reprise),Andrew Seeley & Vanessa Anne Hudgens
2006-02-05,When There Was Me And You,Vanessa Anne Hudgens
2006-02-05,Crash,Gwen Stefani
2006-02-05,Move Along,The All-American Rejects
2006-02-12,For You I Will (Confidence),Teddy Geiger
2006-02-12,In My Mind,Heather Headley
2006-02-12,What Hurts The Most,Rascal Flatts
2006-02-12,Betcha Can't Do It Like Me,D4L
2006-02-12,Goodbye My Lover,James Blunt
2006-02-19,Stupid Girls,P!nk
2006-02-19,Bad Day,Daniel Powter
2006-02-19,In The Sun,Michael Stipe
2006-02-19,SOS,Rihanna
2006-02-19,Touch The Sky,Kanye West Featuring Lupe Fiasco
2006-02-19,Girl Next Door,Saving Jane
2006-02-19,Talk,Coldplay
2006-02-19,Over My Head (Cable Car),The Fray
2006-02-19,Animals,Nickelback
2006-02-19,Bring Out The Freak In You,Lil Rob
2006-02-26,Cowboys Are Frequently Secretly (Fond Of Each Other),Willie Nelson
2006-02-26,Ridin',Chamillionaire Featuring Krayzie Bone
2006-02-26,Poppin' My Collar,Three 6 Mafia
2006-02-26,Rush,Aly & AJ
2006-02-26,Tell Me When To Go,E-40 Featuring Keak Da Sneak
2006-03-05,Black Sweat,Prince
2006-03-05,Sorry,Madonna
2006-03-05,Best Friend,50 Cent & Olivia
2006-03-05,What's Left Of Me,Nick Lachey
2006-03-05,Control Myself,LL Cool J Featuring Jennifer Lopez
2006-03-05,Wings Of A Butterfly,HIM
2006-03-12,Always On Your Side,Sheryl Crow & Sting
2006-03-12,What You Know,T.I.
2006-03-12,Can't Let Go,Anthony Hamilton
2006-03-12,Savin' Me,Nickelback
2006-03-12,Girl,Paul Wall
2006-03-12,Why,Jason Aldean
2006-03-12,I Write Sins Not Tragedies,Panic! At The Disco
2006-03-12,When You're Mad,Ne-Yo
2006-03-19,In The Deep,Bird York
2006-03-19,Black Horse & The Cherry Tree,KT Tunstall
2006-03-19,4 Minutes,Avant
2006-03-19,Wherever You Are,Jack Ingram
2006-03-19,The Real Thing,Bo Bice
2006-03-19,Something's Gotta Give,LeAnn Rimes
2006-03-26,World Wide Suicide,Pearl Jam
2006-03-26,Hips Don't Lie,Shakira Featuring Wyclef Jean
2006-03-26,The Only Difference Between Martyrdom And Suicide Is Press Coverage,Panic! At The Disco
2006-03-26,Settle For A Slowdown,Dierks Bentley
2006-03-26,Conceited (There's Something About Remy),Remy Ma
2006-03-26,Wasteland,10 Years
2006-03-26,Gettin' Some,Shawnna
2006-03-26,Gold Lion,Yeah Yeah Yeahs
2006-04-02,Beautiful Love,The Afters
2006-04-02,"A Little Less Sixteen Candles, A Little More Touch Me",Fall Out Boy
2006-04-02,The Lucky One,Faith Hill
2006-04-02,Snap Yo Fingers,Lil Jon Featuring E-40 & Sean Paul Of The YoungBloodZ
2006-04-02,Llame Pa' Verte,Wisin & Yandel
2006-04-09,When The Stars Go Blue,Tim McGraw
2006-04-09,Back Like That,Ghostface Killah Featuring Ne-Yo
2006-04-09,Lo Que Son Las Cosas,Anais
2006-04-09,Speak,Godsmack
2006-04-09,How To Save A Life,The Fray
2006-04-09,Lo Que Me Gusta A Mi,Juanes
2006-04-09,It's Goin' Down,Yung Joc
2006-04-09,Say I,Christina Milian Featuring Young Jeezy
2006-04-09,Size Matters (Someday),Joe Nichols
2006-04-16,Dani California,Red Hot Chili Peppers
2006-04-16,Every Day Is Exactly The Same,Nine Inch Nails
2006-04-16,Gimme That,Chris Brown Featuring Lil Wayne
2006-04-16,Where'd You Go,Fort Minor Featuring Holly Brook
2006-04-16,So What,Field Mob Featuring Ciara
2006-04-16,Stay With You,Goo Goo Dolls
2006-04-16,Enough Cryin,Mary J. Blige Featuring Brook-Lyn
2006-04-16,Every Time I Hear Your Name,Keith Anderson
2006-04-16,Good Luck Charm,Jagged Edge
2006-04-23,Let U Go,Ashley Parker Angel
2006-04-23,Why You Wanna,T.I.
2006-04-23,The Seashores Of Old Mexico,George Strait
2006-04-23,Hate Me,Blue October
2006-04-23,The Adventure,Angels & Airwaves
2006-04-23,Say Somethin',Mariah Carey Featuring Snoop Dogg
2006-04-23,Me & U,Cassie
2006-04-23,Hustler Musik,Lil Wayne
2006-04-23,Summertime,Kenny Chesney
2006-04-23,Save The Last Dance For Me,Michael Buble
2006-04-30,Not Ready To Make Nice,Dixie Chicks
2006-04-30,We Run This,Missy Elliott
2006-04-30,MakeDamnSure,Taking Back Sunday
2006-04-30,DJ Play A Love Song,Jamie Foxx Featuring Twista
2006-04-30,Torn,LeToya
2006-04-30,Animal I Have Become,Three Days Grace
2006-04-30,Don't Forget To Remember Me,Carrie Underwood
2006-04-30,The World,Brad Paisley
2006-05-07,Unfaithful,Rihanna
2006-05-07,Last Day Of My Life,Phil Vassar
2006-05-07,Miss Murder,AFI
2006-05-14,Promiscuous,Nelly Furtado Featuring Timbaland
2006-05-14,Again And Again,Jewel
2006-05-14,Do It To It,Cherish Featuring Sean Paul Of The YoungBloodZ
2006-05-14,Doing Too Much,Paula DeAnda Featuring Baby Bash
2006-05-14,I Dare You,Shinedown
2006-05-14,Hustlin',Rick Ross
2006-05-14,Crazy,Gnarls Barkley
2006-05-14,Bossy,Kelis Featuring Too $hort
2006-05-14,Life Ain't Always Beautiful,Gary Allan
2006-05-14,Crazy Bitch,Buckcherry
2006-05-21,Buttons,The Pussycat Dolls Featuring Snoop Dogg
2006-05-21,"Steady, As She Goes",The Raconteurs
2006-05-21,Me And My Gang,Rascal Flatts
2006-05-21,U And Dat,E-40 Featuring T-Pain & Kandi Girl
2006-05-28,Chasing Cars,Snow Patrol
2006-05-28,Soundtrack To Your Life,Ashley Parker Angel
2006-05-28,A Little Too Late,Toby Keith
2006-05-28,If You're Going Through Hell (Before The Devil Even Knows),Rodney Atkins
2006-05-28,I Am Not My Hair,India.Arie
2006-05-28,Snow ((Hey Oh)),Red Hot Chili Peppers
2006-05-28,I Got You,Craig Morgan
2006-06-04,Wanted Dead Or Alive,Chris Daughtry
2006-06-04,Leave The Pieces,The Wreckers
2006-06-04,Takin' It To The Streets,Taylor Hicks
2006-06-04,Don't Wait,Dashboard Confessional
2006-06-04,Ridin' Rims,Dem Franchize Boyz
2006-06-04,Bring It On Home,Little Big Town
2006-06-04,(When You Gonna) Give It Up To Me,Sean Paul Feat. Keyshia Cole
2006-06-04,I Love My B****,Busta Rhymes Featuring will.i.am & Kelis
2006-06-11,Life Is A Highway,Rascal Flatts
2006-06-11,Kick Push,Lupe Fiasco
2006-06-11,One,Mary J. Blige And U2
2006-06-11,Shoulder Lean,Young Dro Featuring T.I.
2006-06-11,I Can't Unlove You,Kenny Rogers
2006-06-18,Ain't No Other Man,Christina Aguilera
2006-06-18,Holla At Me,"DJ Khaled Featuring Lil Wayne, Paul Wall, Fat Joe, Rick Ross & Pitbull"
2006-06-18,Single,Natasha Bedingfield
2006-06-18,"Mighty ""O""",OutKast
2006-06-18,Down,RKM & Ken-Y
2006-06-18,Why We Thugs,Ice Cube
2006-06-18,Crowded,Jeannie Ortega Featuring Papoose
2006-06-18,Sexy Love,Ne-Yo
2006-06-18,Angelito,Don Omar
2006-06-18,High,James Blunt
2006-06-25,Do I Make You Proud,Taylor Hicks
2006-06-25,Deja Vu,Beyonce Featuring Jay Z
2006-06-25,Pullin' Me Back,Chingy Featuring Tyrese
2006-06-25,Ghetto Story Chapter 2,Cham Featuring Alicia Keys
2006-06-25,Brand New Girlfriend,Steve Holy
2006-07-02,Stars Are Blind,Paris Hilton
2006-07-02,Call On Me,Janet & Nelly
2006-07-02,Coming Undone,Korn
2006-07-02,Is It Any Wonder?,Keane
2006-07-02,Hanging On,Cheyenne Kimball
2006-07-02,Swing,Trace Adkins
2006-07-09,Somewhere Over The Rainbow,Katharine McPhee
2006-07-09,A Public Affair,Jessica Simpson
2006-07-09,My Destiny,Katharine McPhee
2006-07-09,Put Your Records On,Corinne Bailey Rae
2006-07-09,I Know You See It,Yung Joc Featuring Brandy 'Ms. B.' Hambrick
2006-07-09,Would You Go With Me,Josh Turner
2006-07-09,Yee Haw,Jake Owen
2006-07-16,SexyBack,Justin Timberlake
2006-07-16,Bojangles,Pitbull
2006-07-16,8th Of November,Big & Rich
2006-07-16,How 'Bout You,Eric Church
2006-07-16,Saving Grace,Tom Petty
2006-07-23,Waiting On The World To Change,John Mayer
2006-07-23,Scotty Doesn't Know,Lustra
2006-07-23,Suddenly I See,KT Tunstall
2006-07-23,Sunshine And Summertime,Faith Hill
2006-07-23,The Riddle,Five For Fighting
2006-07-23,Lips Of An Angel,Hinder
2006-07-23,Gallery,Mario Vazquez
2006-07-30,Invisible,Ashlee Simpson
2006-07-30,Far Away,Nickelback
2006-07-30,Original Fire,Audioslave
2006-07-30,Labios Compartidos,Mana
2006-07-30,London Bridge,Fergie
2006-07-30,The Kill (Bury Me),30 Seconds To Mars
2006-07-30,Building Bridges,Brooks & Dunn With Sheryl Crow & Vince Gill
2006-07-30,Who Said,Hannah Montana
2006-07-30,Face Down,The Red Jumpsuit Apparatus
2006-07-30,I Call It Love,Lionel Richie
2006-07-30,Number One,Pharrell Featuring Kanye West
2006-07-30,S.E.X.,Lyfe Jennings
2006-07-30,"Why, Why, Why",Billy Currington
2006-08-06,The Diary Of Jane,Breaking Benjamin
2006-08-06,Need A Boss,Shareefa Featuring Ludacris
2006-08-06,Best Of Both Worlds,Hannah Montana
2006-08-06,Get Up,Ciara Featuring Chamillionaire
2006-08-13,About Us,Brooke Hogan Featuring Paul Wall
2006-08-13,Chain Hang Low,Jibbs
2006-08-13,Through Glass,Stone Sour
2006-08-13,Everytime Tha Beat Drop,Monica Featuring Dem Franchize Boyz
2006-08-13,Give It Away,George Strait
2006-08-20,When You Were Young,The Killers
2006-08-20,I Loved Her First,Heartland
2006-08-20,Say Goodbye,Chris Brown
2006-08-20,Entourage,Omarion
2006-08-20,Every Mile A Memory,Dierks Bentley
2006-08-20,Money Maker,Ludacris Featuring Pharrell
2006-08-20,That Girl,Frankie J Featuring Mannie Fresh & Chamillionaire
2006-08-27,Show Stopper,Danity Kane
2006-08-27,Call Me When You're Sober,Evanescence
2006-08-27,Show Me The Money,Petey Pablo
2006-08-27,Tell Me Baby,Red Hot Chili Peppers
2006-08-27,It's Okay (One Blood),The Game Featuring Junior Reid
2006-08-27,Too Little Too Late,JoJo
2006-09-03,Strut,The Cheetah Girls
2006-09-03,Sleep On It,Danity Kane
2006-09-03,Ride For You,Danity Kane
2006-09-03,Feels Just Like It Should,Pat Green
2006-09-03,Mountains,Lonestar
2006-09-03,The Party's Just Begun,The Cheetah Girls
2006-09-03,Morris Brown,OutKast Featuring Scar & Sleepy Brown
2006-09-10,Vans,The Pack
2006-09-10,Once In A Lifetime,Keith Urban
2006-09-10,You Save Me,Kenny Chesney
2006-09-10,Hands Up,Lloyd Banks Featuring 50 Cent
2006-09-10,Here It Goes Again,OK Go
2006-09-10,Before He Cheats,Carrie Underwood
2006-09-10,Come To Me,Diddy Featuring Nicole Scherzinger
2006-09-10,Stuntin' Like My Daddy,Birdman & Lil Wayne
2006-09-10,Push It,Rick Ross
2006-09-10,Idlewild Blue (Don'tchu Worry 'Bout Me),OutKast
2006-09-17,Ring The Alarm,Beyonce
2006-09-17,Right Where You Want Me,Jesse McCartney
2006-09-17,Tim McGraw,Taylor Swift
2006-09-17,I Can't Hate You Anymore,Nick Lachey
2006-09-17,My Love,Justin Timberlake Featuring T.I.
2006-09-17,Chicken Noodle Soup.,Webstar & Young B Featuring The Voice Of Harlem
2006-09-17,Walk It Out,Unk
2006-09-17,My Wish,Rascal Flatts
2006-09-24,Maneater,Nelly Furtado
2006-09-24,Remember The Name,Fort Minor Featuring Styles Of Beyond
2006-09-24,Chemicals React,Aly & AJ
2006-09-24,Welcome To The Black Parade,My Chemical Romance
2006-09-24,Come Back To Me,Vanessa Hudgens
2006-09-24,Ni Una Sola Palabra,Paulina Rubio
2006-09-24,My Little Girl,Tim McGraw
2006-09-24,Money In The Bank,Lil Scrappy Featuring Young Buck
2006-10-01,Want To,Sugarland
2006-10-01,Streetcorner Symphony,Rob Thomas
2006-10-01,Fergalicious,Fergie
2006-10-01,Nothing Left To Lose,Mat Kearney
2006-10-01,Smack That,Akon Featuring Eminem
2006-10-01,Like Red On A Rose,Alan Jackson
2006-10-01,Take Me As I Am,Mary J. Blige
2006-10-01,Superman,Brown Boy
2006-10-08,White & Nerdy,"""Weird Al"" Yankovic"
2006-10-08,So Excited,Janet Featuring Khia
2006-10-08,Rockstar,Nickelback
2006-10-08,I Wanna Love You,Akon Featuring Snoop Dogg
2006-10-08,It Ends Tonight,The All-American Rejects
2006-10-08,Unappreciated,Cherish
2006-10-08,Hurt,Christina Aguilera
2006-10-15,Shortie Like Mine,Bow Wow Featuring Chris Brown & Johnta Austin
2006-10-15,Canadian Idiot,"""Weird Al"" Yankovic"
2006-10-15,We Fly High,Jim Jones
2006-10-15,Boston,Augustana
2006-10-15,Show Me What You Got,JAY-Z
2006-10-15,Walk Away (Remember Me),Paula DeAnda Featuring The DEY
2006-10-15,She's Everything,Brad Paisley
2006-10-22,Love Me Or Hate Me (F**k You!!!!),Lady Sovereign
2006-10-22,Some People Change,Montgomery Gentry
2006-10-22,Love You,Jack Ingram
2006-10-22,Amarillo Sky,Jason Aldean
2006-10-29,Tell Me,Diddy Featuring Christina Aguilera
2006-10-29,The Pick Of Destiny,Tenacious D
2006-10-29,Irreplaceable,Beyonce
2006-10-29,Long Way 2 Go,Cassie
2006-10-29,Tu Amor,RBD
2006-11-05,If We Were A Movie,Hannah Montana
2006-11-05,Save Room,John Legend
2006-11-05,I Got Nerve,Hannah Montana
2006-11-05,Pumpin' Up The Party,Hannah Montana
2006-11-05,The Other Side Of Me,Hannah Montana
2006-11-05,Our Country,John Mellencamp
2006-11-05,This Is The Life,Hannah Montana
2006-11-05,Just Like You,Hannah Montana
2006-11-12,Wind It Up,Gwen Stefani
2006-11-12,Make It Rain,Fat Joe Featuring Lil Wayne
2006-11-12,Hate (I Really Don't Like You),Plain White T's
2006-11-12,It Just Comes Natural,George Strait
2006-11-12,Watching You,Rodney Atkins
2006-11-12,Upgrade U,Beyonce Featuring Jay Z
2006-11-12,Dem Jeans,Chingy Featuring Jermaine Dupri
2006-11-12,Change Me,Ruben Studdard
2006-11-12,Crash Here Tonight,Toby Keith
2006-11-12,Here (In Your Arms),Hellogoodbye
2006-11-12,Red High Heels,Kellie Pickler
2006-11-12,Tengo Un Amor,Toby Love Featuring Rakim & Ken-Y
2006-11-19,Promise,Ciara
2006-11-19,Wait A Minute,The Pussycat Dolls Featuring Timbaland
2006-11-19,Say It Right,Nelly Furtado
2006-11-19,You,Lloyd Featuring Lil Wayne
2006-11-19,High School Never Ends,Bowling For Soup
2006-11-19,A La Primera Persona,Alejandro Sanz
2006-11-26,Let's Ride,The Game
2006-11-26,The Saints Are Coming,U2 & Green Day
2006-11-26,That's That,Snoop Dogg Featuring R. Kelly
2006-11-26,When Your Heart Stops Beating,(+44)
2006-11-26,Runaway Love,Ludacris Featuring Mary J. Blige
2006-11-26,I Luv It,Young Jeezy
2006-12-03,It's Not Over,Daughtry
2006-12-03,You Know My Name,Chris Cornell
2006-12-03,Break It Off,Rihanna & Sean Paul
2006-12-03,Greatest Time Of Year,Aly & AJ
2006-12-03,Ay Chico (Lengua Afuera),Pitbull
2006-12-03,Kingdom Come,JAY-Z
2006-12-10,Keep Holding On,Avril Lavigne
2006-12-10,Anna-Molly,Incubus
2006-12-10,Zoom,Lil' Boosie Featuring Yung Joc
2006-12-10,Ice Box,Omarion
2006-12-10,Poppin',Chris Brown Featuring Jay Biz
2006-12-10,Ser O Parecer,RBD
2006-12-10,Dangerous,Ying Yang Twins Featuring Wyclef
2006-12-10,Tu Recuerdo,Ricky Martin Featuring La Mari De Chambao Y Tommy Torres
2006-12-10,Pain,Three Days Grace
2006-12-10,Little Bit Of Life,Craig Morgan
2006-12-17,You Don't Know,"Eminem, 50 Cent, Lloyd Banks & Ca$his"
2006-12-17,A Great Big Sled,The Killers Featuring Toni Halliday
2006-12-17,What Goes Around...Comes Around,Justin Timberlake
2006-12-17,Lost One,Jay-Z Featuring Chrisette Michele
2006-12-17,Hip Hop Is Dead,Nas Featuring will.i.am
2006-12-17,River,Sarah McLachlan
2006-12-17,Into The Ocean,Blue October
2006-12-17,Top Back,T.I.
2006-12-17,Ladies Love Country Boys,Trace Adkins
2006-12-17,Lost Without U,Robin Thicke
2006-12-17,Stupid Boy,Keith Urban
2006-12-17,One Wing In The Fire,Trent Tomlinson
2006-12-17,Throw Some D's,Rich Boy Featuring Polow Da Don
2006-12-24,Happy Xmas (War Is Over),The Fray
2006-12-24,The Carpal Tunnel Of Love,Fall Out Boy
2006-12-24,Love Like Winter,AFI
2006-12-24,The Sweet Escape,Gwen Stefani Featuring Akon
2006-12-24,I'll Be Home For Christmas (Live),Josh Groban
2006-12-24,Fidelity,Regina Spektor
2006-12-24,The Way I Live,Baby Boy Da Prince Featuring Lil Boosie
2006-12-31,Listen,Beyonce
2006-12-31,On The Hotline,Pretty Ricky
2007-01-08,Alyssa Lies,Jason Michael Carroll
2007-01-08,Honestly,Cartel
2007-01-08,U + Ur Hand,P!nk
2007-01-08,King Kong,Jibbs Featuring Chamillionaire
2007-01-08,And I Am Telling You I'm Not Going,Jennifer Hudson
2007-01-15,Doe Boy Fresh,Three 6 Mafia Featuring Chamillionaire
2007-01-15,Cupid's Chokehold/Breakfast In America,Gym Class Heroes Featuring Patrick Stump
2007-01-15,Candyman,Christina Aguilera
2007-01-22,Jump To The Rhythm,Jordan Pruitt
2007-01-22,He Said She Said,Ashley Tisdale
2007-01-22,Mr. Jones,Mike Jones
2007-01-22,"My, Oh My",The Wreckers
2007-01-22,Glamorous,Fergie Featuring Ludacris
2007-01-29,"This Ain't A Scene, It's An Arms Race",Fall Out Boy
2007-01-29,Push It To The Limit,Corbin Bleu
2007-01-29,If Everyone Cared,Nickelback
2007-01-29,Don't Matter,Akon
2007-01-29,Go Getta,Young Jeezy Featuring R. Kelly
2007-01-29,This Is Why I'm Hot,Mims
2007-01-29,She's Like The Wind,Lumidee Featuring Tony Sunshine
2007-01-29,Last Night,Diddy Featuring Keyshia Cole
2007-01-29,From Yesterday,30 Seconds To Mars
2007-02-05,Smile,Lily Allen
2007-02-05,Phantom Limb,The Shins
2007-02-05,Hillbilly Deluxe,Brooks & Dunn
2007-02-05,Famous Last Words,My Chemical Romance
2007-02-05,The River,Good Charlotte Featuring M. Shadows And Synyster Gates
2007-02-05,Beer In Mexico,Kenny Chesney
2007-02-05,Buddy,Musiq Soulchild
2007-02-12,Year 3000,Jonas Brothers
2007-02-12,Over It,Katharine McPhee
2007-02-12,Dashboard,Modest Mouse
2007-02-12,Say OK,Vanessa Hudgens
2007-02-12,Lips Of An Angel,Jack Ingram
2007-02-12,Grace Kelly,MIKA
2007-02-12,Thinking About You,Norah Jones
2007-02-12,Crazy Car,The Naked Brothers Band
2007-02-12,Wouldn't Get Far,The Game Featuring Kanye West
2007-02-12,Wasted,Carrie Underwood
2007-02-12,Be Good To Me,Ashley Tisdale
2007-02-12,Settlin',Sugarland
2007-02-12,I'll Wait For You,Joe Nichols
2007-02-12,Anyway,Martina McBride
2007-02-19,Outside Looking In,Jordan Pruitt
2007-02-19,Not Fade Away,Sheryl Crow
2007-02-19,Give It To Me,Timbaland Featuring Nelly Furtado & Justin Timberlake
2007-02-19,1st Time,Yung Joc Featuring Marques Houston & Trey Songz
2007-02-19,2 Step,Unk
2007-02-19,Rock Yo Hips,Crime Mob Featuring Lil Scrappy
2007-02-26,Like A Star,Corinne Bailey Rae
2007-02-26,Gravity,John Mayer
2007-02-26,High Maintenance Woman,Toby Keith
2007-02-26,Flathead,The Fratellis
2007-02-26,I'm A Flirt,R. Kelly Or Bow Wow (Featuring T.I. & T-Pain)
2007-02-26,Read My Mind,The Killers
2007-02-26,Stand,Rascal Flatts
2007-03-05,Break 'Em Off,Paul Wall Featuring Lil' KeKe
2007-03-05,Buy U A Drank (Shawty Snappin'),T-Pain Featuring Yung Joc
2007-03-05,Circle,Marques Houston
2007-03-05,Keep Your Mind Wide Open,AnnaSophia Robb
2007-03-05,"Pop, Lock & Drop It",Huey
2007-03-05,Long Trip Alone,Dierks Bentley
2007-03-12,Girlfriend,Avril Lavigne
2007-03-12,Movin' On,Elliott Yamin
2007-03-12,The Neighbor,Dixie Chicks
2007-03-12,Outta My System,Bow Wow Featuring T-Pain & Johnta Austin
2007-03-12,Like A Boy,Ciara
2007-03-12,Home,Daughtry
2007-03-12,Because Of You,Ne-Yo
2007-03-12,Freak On A Leash (Unplugged),Korn Featuring Amy Lee
2007-03-12,Look After You,The Fray
2007-03-12,Better Than Me,Hinder
2007-03-12,Last Dollar (Fly Away),Tim McGraw
2007-03-19,Good Directions,Billy Currington
2007-03-19,Teardrops On My Guitar,Taylor Swift
2007-03-19,Please Don't Go,Tank
2007-03-26,With Love,Hilary Duff
2007-03-26,Survivalism,Nine Inch Nails
2007-03-26,Get It Shawty,Lloyd
2007-03-26,You Know I'm No Good,Amy Winehouse
2007-03-26,Rehab,Amy Winehouse
2007-03-26,Beautiful Liar,Beyonce & Shakira
2007-03-26,Like This,Kelly Rowland Featuring Eve
2007-04-02,Everything,Michael Buble
2007-04-02,Wait For You,Elliott Yamin
2007-04-02,Lost In This Moment,Big & Rich
2007-04-02,Tell Me 'Bout It,Joss Stone
2007-04-02,Who Knew,P!nk
2007-04-02,Moments,Emerson Drive
2007-04-09,Ticks,Brad Paisley
2007-04-09,We Takin' Over,"DJ Khaled Featuring T.I., Akon, Rick Ross, Fat Joe, Lil' Wayne & Baby"
2007-04-09,Little Wonders,Rob Thomas
2007-04-09,Hey There Delilah,Plain White T's
2007-04-09,I Tried,Bone Thugs-N-Harmony Featuring Akon
2007-04-09,Get Buck,Young Buck
2007-04-09,A Woman's Love,Alan Jackson
2007-04-09,Love Today,MIKA
2007-04-09,Forever,Papa Roach
2007-04-09,Breath,Breaking Benjamin
2007-04-16,What I've Done,Linkin Park
2007-04-16,Stolen,Dashboard Confessional
2007-04-16,Kiss The Girl,Ashley Tisdale
2007-04-16,Diamonds,Fabolous Featuring Young Jeezy
2007-04-16,Makes Me Wonder,Maroon 5
2007-04-16,Release,Timbaland Featuring Justin Timberlake
2007-04-16,Find Out Who Your Friends Are,Tracy Lawrence
2007-04-16,Apologize,Timbaland Featuring OneRepublic
2007-04-16,When I See U,Fantasia
2007-04-23,Thnks Fr Th Mmrs,Fall Out Boy
2007-04-23,Summer Love,Justin Timberlake
2007-04-23,The Story (I Was Made For You),Brandi Carlile
2007-04-23,Earth Intruders,Bjork
2007-04-23,Que Hiciste,Jennifer Lopez
2007-04-23,Umbrella,Rihanna Featuring Jay-Z
2007-04-23,I'm Throwed,Paul Wall Featuring Jermaine Dupri
2007-04-23,It's Me Snitches,Swizz Beatz
2007-04-30,Big Girls Don't Cry,Fergie
2007-04-30,A Different World,Bucky Covington
2007-04-30,Party Like A Rockstar,Shop Boyz
2007-04-30,Lucky Man,Montgomery Gentry
2007-04-30,When You're Gone,Avril Lavigne
2007-04-30,Don't Make Me,Blake Shelton
2007-04-30,A Feelin' Like That,Gary Allan
2007-04-30,Wrapped,George Strait
2007-04-30,Johnny Cash,Jason Aldean
2007-04-30,Me And God,Josh Turner
2007-04-30,Dig,Incubus
2007-05-07,I'll Stand By You,Carrie Underwood
2007-05-07,Never Again,Kelly Clarkson
2007-05-07,Icky Thump,The White Stripes
2007-05-07,Up To The Mountain,Kelly Clarkson Featuring Jeff Beck
2007-05-07,Signal Fire,Snow Patrol
2007-05-07,You Raise Me Up,Josh Groban & The African Children's Choir
2007-05-07,If I Was Your Man,Joe
2007-05-07,I Don't Need A Man,The Pussycat Dolls
2007-05-07,Sexy Lady,Yung Berg Featuring Junior
2007-05-07,Wipe Me Down,Lil Boosie Featuring Foxx & Webbie
2007-05-14,(You Want To) Make A Memory,Bon Jovi
2007-05-14,Working Class Hero,Green Day
2007-05-14,Do It Just Like A Rockstar,Freak Nasty Featuring Crazy Mike
2007-05-14,Lean Like A Cholo,Down A.K.A. Kilo
2007-05-21,Straight To The Bank,50 Cent
2007-05-21,First Time,Lifehouse
2007-05-21,Anonymous,Bobby Valentino Featuring Timbaland
2007-05-21,Tambourine,Eve
2007-05-21,Same Girl,R. Kelly Duet With Usher
2007-05-21,Vulnerable,Secondhand Serenade
2007-05-21,I Don't Wanna Stop,Ozzy Osbourne
2007-05-21,Like This,Mims
2007-05-21,teachme,Musiq Soulchild
2007-05-21,I Told You So,Keith Urban
2007-05-21,Impacto,Daddy Yankee Featuring Fergie
2007-05-21,Get Me Bodied,Beyonce
2007-05-21,All Good Things (Come To An End),Nelly Furtado
2007-05-28,Do You Know? (The Ping Pong Song)/Dimelo,Enrique Iglesias
2007-05-28,Bubbly,Colbie Caillat
2007-05-28,I Need You,Tim McGraw With Faith Hill
2007-05-28,The Great Escape,Boys Like Girls
2007-05-28,Bleed It Out,Linkin Park
2007-05-28,Given Up,Linkin Park
2007-06-04,This Is My Now,Jordin Sparks
2007-06-04,You Give Love A Bad Name,Blake Lewis
2007-06-04,Big Things Poppin' (Do It),T.I.
2007-06-04,Tarantula,The Smashing Pumpkins
2007-06-04,A Broken Wing,Jordin Sparks
2007-06-04,4 In The Morning,Gwen Stefani
2007-06-04,I Who Have Nothing,Jordin Sparks
2007-06-04,Beautiful Girls,Sean Kingston
2007-06-04,Lip Gloss,Lil Mama
2007-06-04,Make Me Better,Fabolous Featuring Ne-Yo
2007-06-04,Time Of The Season,Blake Lewis
2007-06-11,Beautiful Flower,India.Arie
2007-06-11,The Way I Are,Timbaland Featuring Keri Hilson
2007-06-11,Can't Tell Me Nothing,Kanye West
2007-06-11,Whine Up,Kat DeLuna Featuring Elephant Man
2007-06-11,Wall To Wall,Chris Brown
2007-06-11,Bartender,T-Pain Featuring Akon
2007-06-11,Startin' With Me,Jake Owen
2007-06-11,Do You,Ne-Yo
2007-06-18,Nobody's Perfect,Hannah Montana
2007-06-18,Shut Up And Drive,Rihanna
2007-06-18,These Are My People,Rodney Atkins
2007-06-18,A Bay Bay,Hurricane Chris
2007-06-18,Paralyzer,Finger Eleven
2007-06-18,I Wonder,Kellie Pickler
2007-06-25,Teenagers,My Chemical Romance
2007-06-25,Imagine,Jack Johnson
2007-06-25,Shawty,Plies Featuring T-Pain
2007-07-02,Lost,Faith Hill
2007-07-02,Never Wanted Nothing More,Kenny Chesney
2007-07-02,Dance Tonight,Paul McCartney
2007-07-02,Let It Go,Keyshia Cole Featuring Missy Elliott & Lil Kim
2007-07-02,How Do I Breathe,Mario
2007-07-02,Doomsday Clock,The Smashing Pumpkins
2007-07-09,Life's What You Make It,Hannah Montana
2007-07-09,Because Of You,Reba McEntire Duet With Kelly Clarkson
2007-07-09,Potential Breakup Song,Aly & AJ
2007-07-09,G.N.O. (Girl's Night Out),Miley Cyrus
2007-07-09,Make Some Noise,Hannah Montana
2007-07-09,Easy,Paula DeAnda Featuring Bow Wow
2007-07-09,Until The End Of Time,Justin Timberlake Duet With Beyonce
2007-07-09,True Friend,Hannah Montana
2007-07-16,You Know What It Is,T.I. Featuring Wyclef Jean
2007-07-16,LoveStoned,Justin Timberlake
2007-07-16,Before It's Too Late (Sam And Mikaela's Theme),Goo Goo Dolls
2007-07-16,Cupid Shuffle,Cupid
2007-07-16,Tough,Craig Morgan
2007-07-16,Everyday America,Sugarland
2007-07-16,Misery Business,Paramore
2007-07-16,Guys Like Me,Eric Church
2007-07-23,Crank That (Soulja Boy),Soulja Boy Tell'em
2007-07-23,Never Too Late,Three Days Grace
2007-07-30,What Time Is It,High School Musical 2 Cast
2007-07-30,"Sorry, Blame It On Me",Akon
2007-07-30,"Ready, Set, Don't Go",Billy Ray Cyrus With Miley Cyrus
2007-07-30,You Can't Stop The Beat,Cast Of Hairspray
2007-07-30,Bed,J. Holiday
2007-07-30,Can't Leave 'Em Alone,Ciara Featuring 50 Cent
2007-07-30,Stranger,Hilary Duff
2007-07-30,Online,Brad Paisley
2007-08-06,Stronger,Kanye West
2007-08-06,Cyclone,Baby Bash Featuring T-Pain
2007-08-06,Love Me If You Can,Toby Keith
2007-08-06,Take Me There,Rascal Flatts
2007-08-06,Proud Of The House We Built,Brooks & Dunn
2007-08-06,Hold On,Jonas Brothers
2007-08-06,Hood Figga,Gorilla Zoe
2007-08-13,Me Love,Sean Kingston
2007-08-13,Free And Easy (Down The Road I Go),Dierks Bentley
2007-08-13,All My Friends Say,Luke Bryan
2007-08-13,Can U Believe,Robin Thicke
2007-08-20,Ayo Technology,50 Cent Featuring Justin Timberlake & Timbaland
2007-08-20,If You're Reading This,Tim McGraw
2007-08-20,The Pretender,Foo Fighters
2007-08-20,S.O.S.,Jonas Brothers
2007-08-20,Int'l Players Anthem (I Choose You),UGK Featuring OutKast
2007-08-20,I Got It From My Mama,will.i.am
2007-08-20,Over You,Daughtry
2007-08-20,Wake Up Call,Maroon 5
2007-08-27,You Are The Music In Me,Zac Efron & Vanessa Anne Hudgens
2007-08-27,Clothes Off!!,Gym Class Heroes
2007-08-27,Gotta Go My Own Way,Zac Efron & Vanessa Anne Hudgens
2007-08-27,Bet On It,Zac Efron
2007-08-27,I Don't Dance,Corbin Bleu & Lucas Grabeel
2007-08-27,Everyday,Zac Efron & Vanessa Anne Hudgens
2007-08-27,All For One,High School Musical 2 Cast
2007-08-27,So Small,Carrie Underwood
2007-09-03,Fabulous,Ashley Tisdale & Lucas Grabeel
2007-09-03,I Get Money,50 Cent
2007-09-10,Wadsyaname,Nelly
2007-09-10,More Than A Memory,Garth Brooks
2007-09-10,Coffee Shop,Yung Joc Featuring Gorilla Zoe
2007-09-10,Baby Don't Go,Fabolous Featuring Jermaine Dupri
2007-09-10,Money In The Bank,Swizz Beatz
2007-09-10,How Far We've Come,matchbox twenty
2007-09-10,Livin' Our Love Song,Jason Michael Carroll
2007-09-10,Hate That I Love You,Rihanna Featuring Ne-Yo
2007-09-17,No One,Alicia Keys
2007-09-17,Don't Blink,Kenny Chesney
2007-09-17,Gimme More,Britney Spears
2007-09-17,I Don't Wanna Be In Love (Dance Floor Anthem),Good Charlotte
2007-09-17,Shawty Is A 10,The-Dream
2007-09-17,Fall,Clay Walker
2007-09-17,How 'Bout Them Cowgirls,George Strait
2007-09-24,Good Life,Kanye West Featuring T-Pain
2007-09-24,1234,Feist
2007-09-24,Inconsolable,Backstreet Boys
2007-09-24,Do It,Nelly Furtado
2007-09-24,I'm So Hood,"DJ Khaled Featuring T-Pain, Trick Daddy, Rick Ross & Plies"
2007-09-24,Sweetest Girl (Dollar Bill),"Wyclef Jean Featuring Akon, Lil Wayne & Niia"
2007-09-24,My Drink N' My 2 Step,Cassidy Featuring Swizz Beatz
2007-09-24,Firecracker,Josh Turner
2007-09-24,Me Enamora,Juanes
2007-09-24,Kiss Kiss,Chris Brown Featuring T-Pain
2007-10-01,Do It Well,Jennifer Lopez
2007-10-01,1973,James Blunt
2007-10-01,Duffle Bag Boy,Playaz Circle Featuring Lil Wayne
2007-10-01,Freaky Gurl,Gucci Mane
2007-10-01,Famous In A Small Town,Miranda Lambert
2007-10-01,Can't Help But Wait,Trey Songz
2007-10-08,Tattoo,Jordin Sparks
2007-10-08,The Way I Am,Ingrid Michaelson
2007-10-08,Our Song,Taylor Swift
2007-10-08,Shoulda Let You Go,Keyshia Cole Introducing Amina
2007-10-08,Hypnotized,Plies Featuring Akon
2007-10-08,Nothin' Better To Do,LeAnn Rimes
2007-10-08,Fake It,Seether
2007-10-15,Blue Magic,JAY-Z
2007-10-15,Soulja Girl,Soulja Boy Tell'em Featuring I-15
2007-10-15,Into The Night,Santana Featuring Chad Kroeger
2007-10-15,Everybody,Keith Urban
2007-10-15,What Do Ya Think About That,Montgomery Gentry
2007-10-22,As If,Sara Evans
2007-10-22,Stay,Sugarland
2007-10-22,Clumsy,Fergie
2007-10-22,Pictures Of You,The Last Goodnight
2007-10-29,Shadowplay,The Killers
2007-10-29,Love Like This,Natasha Bedingfield Featuring Sean Kingston
2007-10-29,The Hand Clap,Hurricane Chris Featuring Big Poppa
2007-10-29,Just Fine,Mary J. Blige
2007-11-05,Watching Airplanes,Gary Allan
2007-11-05,Low,Flo Rida Featuring T-Pain
2007-11-05,Winner At A Losing Game,Rascal Flatts
2007-11-05,I'm Like A Lawyer...(Me & You),Fall Out Boy
2007-11-05,Empty Walls,Serj Tankian
2007-11-05,Dreaming With A Broken Heart,John Mayer
2007-11-05,Another Side Of You,Joe Nichols
2007-11-12,Piece Of Me,Britney Spears
2007-11-12,Take You There,Sean Kingston
2007-11-12,Girlfriend,Bow Wow & Omarion
2007-11-12,Roc Boys (And The Winner Is)...,JAY-Z
2007-11-12,Pop Bottles,Birdman Featuring Lil Wayne
2007-11-12,Love Song,Sara Bareilles
2007-11-19,Get Buck In Here,"DJ Felli Fel Featuring Diddy, Akon, Ludacris & Lil Jon"
2007-11-19,From Where You Are,Lifehouse
2007-11-19,Music Is My Hot Hot Sex,CSS
2007-11-19,Shadow Of The Day,Linkin Park
2007-11-19,Headlines (Friendship Never Ends),Spice Girls
2007-11-19,Like You'll Never See Me Again,Alicia Keys
2007-11-19,Suffocate,J. Holiday
2007-11-19,Sexy Movimiento,Wisin & Yandel
2007-11-26,Taking Chances,Celine Dion
2007-11-26,Letter To Me,Brad Paisley
2007-11-26,Stealing Cinderella,Chuck Wicks
2007-11-26,Calabria 2007,Enur Featuring Natasja
2007-12-03,Flashing Lights,Kanye West Featuring Dwele
2007-12-03,Mistletoe,Colbie Caillat
2007-12-03,This Christmas,Chris Brown
2007-12-03,Don't Stop The Music,Rihanna
2007-12-03,Hot,Avril Lavigne
2007-12-03,Independent,Webbie Featuring Lil' Phat & Lil' Boosie
2007-12-03,Cleaning This Gun (Come On In Boy),Rodney Atkins
2007-12-10,With You,Chris Brown
2007-12-10,Sensual Seduction,Snoop Dogg
2007-12-10,Say,John Mayer
2007-12-10,Work That,Mary J. Blige
2007-12-10,Go Girl,Pitbull Featuring Trina & Young Bo$$
2007-12-10,Still Will,50 Cent Featuring Akon
2007-12-10,Crying Out For Me,Mario
2007-12-10,International Harvester,Craig Morgan
2007-12-17,Hero/Heroine,Boys Like Girls
2007-12-17,Sorry,Buckcherry
2007-12-17,See You Again,Miley Cyrus
2007-12-17,Never,Jaheim
2007-12-24,If I Had Eyes,Jack Johnson
2007-12-24,Superstar,Lupe Fiasco Featuring Matthew Santos
2007-12-24,I Remember,Keyshia Cole
2007-12-24,Won't Go Home Without You,Maroon 5
2007-12-24,crushcrushcrush,Paramore
2007-12-24,Stop And Stare,OneRepublic
2007-12-31,The Chipmunk Song (Christmas Don't Be Late) (2007),Alvin And The Chipmunks
2007-12-31,Fly Like Me,Chingy Featuring Amerie
2007-12-31,Do You Hear What I Hear,Carrie Underwood
2007-12-31,The Anthem,Pitbull Featuring Lil Jon
2007-12-31,Falling In Love At A Coffee Shop,Landon Pigg
2007-12-31,What Is It,Baby Bash Featuring Sean Kingston
2008-01-08,Witch Doctor (2007),Alvin And The Chipmunks Featuring Chris Classic
2008-01-08,Bad Day,Alvin And The Chipmunks
2008-01-08,Feedback,Janet
2008-01-08,Funkytown,Alvin And The Chipmunks
2008-01-08,All Around Me,Flyleaf
2008-01-08,Citizen/Soldier,3 Doors Down
2008-01-08,Leave It All To Me (iCarly Theme Song),Miranda Cosgrove Featuring Drake Bell
2008-01-15,Start All Over,Miley Cyrus
2008-01-15,All-American Girl,Carrie Underwood
2008-01-15,Through The Fire And Flames,DragonForce
2008-01-15,Our Time Now,Plain White T's
2008-01-15,Small Town Southern Man,Alan Jackson
2008-01-15,Shiftwork,Kenny Chesney Duet With George Strait
2008-01-15,No Air,Jordin Sparks Duet With Chris Brown
2008-01-22,I Won't Tell,Fat Joe Featuring J. Holiday
2008-01-22,Falsetto,The-Dream
2008-01-22,Anyone Else But You,Michael Cera & Ellen Page
2008-01-22,Suspicions,Tim McGraw
2008-01-22,Dey Know,Shawty Lo
2008-01-22,What Hurts The Most,Cascada
2008-01-22,Get My Drink On,Toby Keith
2008-01-29,What Kinda Gone,Chris Cagle
2008-01-29,Girls In Their Summer Clothes,Bruce Springsteen
2008-01-29,Laughed Until We Cried,Jason Aldean
2008-01-29,Whatever It Takes,Lifehouse
2008-01-29,God Must Be Busy,Brooks & Dunn
2008-01-29,Long Road To Ruin,Foo Fighters
2008-02-05,Pocketful Of Sunshine,Natasha Bedingfield
2008-02-05,Like Whoa,Aly & AJ
2008-02-05,Wanna Be Startin' Somethin' 2008,Michael Jackson With Akon
2008-02-05,When You Look Me In The Eyes,Jonas Brothers
2008-02-05,Feels Like Tonight,Daughtry
2008-02-05,Kindly Unspoken,Kate Voegele
2008-02-12,New Soul,Yael Naim
2008-02-12,Sexy Can I,Ray J & Yung Berg
2008-02-12,Nine In The Afternoon,Panic! At The Disco
2008-02-12,Rock Star,Hannah Montana
2008-02-12,Ching-A-Ling,Missy Elliott
2008-02-12,YAHHH!,Soulja Boy Tell'em Featuring Arab
2008-02-12,You're Gonna Miss This,Trace Adkins
2008-02-12,I'm Me,Lil Wayne
2008-02-12,Psycho,Puddle Of Mudd
2008-02-19,I'll Be Waiting,Lenny Kravitz
2008-02-19,Love Is Free,Sheryl Crow
2008-02-19,Realize,Colbie Caillat
2008-02-19,Umma Do Me,Rocko
2008-02-19,Stronger Woman,Jewel
2008-02-19,Killa,Cherish Featuring Yung Joc
2008-02-26,Touch My Body,Mariah Carey
2008-02-26,The Prayer (Live),Celine Dion & Josh Groban
2008-02-26,Love In This Club,Usher Featuring Young Jeezy
2008-02-26,The Boss,Rick Ross Featuring T-Pain
2008-02-26,Bleeding Love,Leona Lewis
2008-02-26,Picture To Burn,Taylor Swift
2008-02-26,She Got It,2 Pistols Featuring T-Pain & Tay Dizm
2008-02-26,In Love With A Girl,Gavin DeGraw
2008-02-26,Elevator,Flo Rida Featuring Timbaland
2008-03-04,I Saw God Today,George Strait
2008-03-04,Dance Like There's No Tomorrow,Paula Abdul & Randy Jackson
2008-03-04,Shawty Get Loose,Lil Mama Featuring Chris Brown & T-Pain
2008-03-04,Just Got Started Lovin' You,James Otto
2008-03-04,It's Not My Time,3 Doors Down
2008-03-04,Shake Your Pom Pom,Missy Elliott
2008-03-04,It's Good To Be Us,Bucky Covington
2008-03-04,Love Is A Beautiful Thing,Phil Vassar
2008-03-04,Te Quiero,Flex
2008-03-11,Falling Slowly,The Swell Season (Glen Hansard & Marketa Irglova)
2008-03-11,What You Got,Colby O'Donis Featuring Akon
2008-03-11,Honey,Erykah Badu
2008-03-11,Who The F*** Is That?,Dolla Featuring T-Pain & Tay Dizm
2008-03-11,Love Don't Live Here,Lady Antebellum
2008-03-11,Woman,Raheem DeVaughn
2008-03-11,Break The Ice,Britney Spears
2008-03-18,The Way That I Love You,Ashanti
2008-03-18,She's A Hottie,Toby Keith
2008-03-25,Damaged,Danity Kane
2008-03-25,Lollipop,Lil Wayne Featuring Static Major
2008-03-25,I'm Still A Guy,Brad Paisley
2008-03-25,Diamond Girl,Ryan Leslie
2008-03-25,Every Day,Rascal Flatts
2008-04-01,Roll,Flo Rida Featuring Sean Kingston
2008-04-01,4 Minutes,Madonna Featuring Justin Timberlake & Timbaland
2008-04-01,Hollywood's Not America,Ferras
2008-04-01,Going On,Gnarls Barkley
2008-04-01,Go On Girl,Ne-Yo
2008-04-08,Beat It,Fall Out Boy Featuring John Mayer
2008-04-08,Party People,Nelly Featuring Fergie
2008-04-08,Bust It Baby Part 2,Plies Featuring Ne-Yo
2008-04-08,Inside The Fire,Disturbed
2008-04-08,Got Me Going,DAY26
2008-04-08,I Will Possess Your Heart,Death Cab For Cutie
2008-04-15,Nude,Radiohead
2008-04-15,We Weren't Crazy,Josh Gracin
2008-04-15,Supernatural Superserious,R.E.M.
2008-04-15,Last Name,Carrie Underwood
2008-04-15,Shake It,Metro Station
2008-04-15,Customer,Raheem DeVaughn
2008-04-15,Trying To Stop Your Leaving,Dierks Bentley
2008-04-15,Boyfriend/Girlfriend,C-Side Featuring Keyshia Cole
2008-04-15,Last Time,Trey Songz
2008-04-15,Things That Never Cross A Man's Mind,Kellie Pickler
2008-04-15,Lost,Michael Buble
2008-04-15,Back When I Knew It All,Montgomery Gentry
2008-04-22,What About Now,Daughtry
2008-04-22,Praying For Time,Carrie Underwood
2008-04-22,Shout To The Lord,American Idol Top 8
2008-04-22,Better In Time,Leona Lewis
2008-04-22,Many Rivers To Cross,Annie Lennox
2008-04-22,Better As A Memory,Kenny Chesney
2008-04-22,Home,Blake Shelton
2008-04-22,Take A Bow,Rihanna
2008-04-22,Handlebars,Flobots
2008-04-29,Bye Bye,Mariah Carey
2008-04-29,Migrate,Mariah Carey Featuring T-Pain
2008-04-29,I'm Yours,Jason Mraz
2008-04-29,Closer,Ne-Yo
2008-04-29,Rise Above This,Seether
2008-04-29,American Boy,Estelle Featuring Kanye West
2008-04-29,Take You Down,Chris Brown
2008-05-06,Forever,Chris Brown
2008-05-06,Leavin',Jesse McCartney
2008-05-06,A Milli,Lil Wayne
2008-05-06,Love In This Club Part II,Usher Featuring Beyonce & Lil Wayne
2008-05-06,Pork And Beans,Weezer
2008-05-06,Mercy,Duffy
2008-05-06,Get Silly,V.I.C.
2008-05-06,I Like The Way She Do It,G Unit
2008-05-06,Little Miss Obsessive,Ashlee Simpson With Tom Higgenson
2008-05-06,I Luv Your Girl,The-Dream
2008-05-13,Give It 2 Me,Madonna
2008-05-13,We Made It,Busta Rhymes Featuring Linkin Park
2008-05-13,Heaven Sent,Keyshia Cole
2008-05-13,Sweet And Low,Augustana
2008-05-13,There's Nothin,Sean Kingston Featuring Elan & Juelz Santana
2008-05-13,Shut Up And Let Me Go,The Ting Tings
2008-05-13,Dreams Collide,Colbie Caillat
2008-05-13,Gunpowder And Lead,Miranda Lambert
2008-05-20,Viva La Vida,Coldplay
2008-05-20,Violet Hill,Coldplay
2008-05-20,Move Shake Drop,DJ Laz Featuring Flo Rida & Casely
2008-05-20,If I Never See Your Face Again,Maroon 5 Featuring Rihanna
2008-05-20,No Matter What,T.I.
2008-05-20,I Kissed A Girl,Katy Perry
2008-05-20,Teenage Love Affair,Alicia Keys
2008-05-20,Dangerous,Kardinal Offishall Featuring Akon
2008-05-20,Get Like Me,David Banner Featuring Chris Brown
2008-05-20,Good Time,Alan Jackson
2008-05-27,Summertime,New Kids On The Block
2008-05-27,Hallelujah,Kate Voegele
2008-05-27,Lolli Lolli (Pop That Body),"Three 6 Mafia Featuring Project Pat, Young D & Superpower"
2008-05-27,Lucky,Jason Mraz & Colbie Caillat
2008-06-03,The Time Of My Life,David Cook
2008-06-03,Dream Big,David Cook
2008-06-03,I Still Haven't Found What I'm Looking For,David Cook
2008-06-03,The World I Know,David Cook
2008-06-03,Imagine,David Archuleta
2008-06-03,I Don't Want To Miss A Thing,David Cook
2008-06-03,Billie Jean,David Cook
2008-06-03,Don't Let The Sun Go Down On Me,David Archuleta
2008-06-03,In This Moment,David Archuleta
2008-06-03,Always Be My Baby,David Cook
2008-06-03,Hello,David Cook
2008-06-03,The Music Of The Night,David Cook
2008-06-03,Should've Said No,Taylor Swift
2008-06-03,That Song In My Head,Julianne Hough
2008-06-03,Eleanor Rigby,David Cook
2008-06-03,Girls Around The World,Lloyd Featuring Lil Wayne
2008-06-03,Homecoming,Kanye West Featuring Chris Martin
2008-06-03,I'm Alive,David Cook
2008-06-10,Got Money,Lil Wayne Featuring T-Pain
2008-06-10,Moving Mountains,Usher
2008-06-10,When I Grow Up,The Pussycat Dolls
2008-06-10,Game's Pain,The Game Featuring Keyshia Cole
2008-06-10,Put A Girl In It,Brooks & Dunn
2008-06-10,Love Is Gone,David Guetta & Chris Willis
2008-06-10,Another Try,Josh Turner Featuring Trisha Yearwood
2008-06-17,Put On,Young Jeezy Featuring Kanye West
2008-06-17,Indestructible,Disturbed
2008-06-17,Love Remains The Same,Gavin Rossdale
2008-06-17,You Ain't Got Nuthin,Lil Wayne Featuring Juelz Santana & Fabolous
2008-06-17,7 Things,Miley Cyrus
2008-06-17,Lookin Boy,Hot Stylz Featuring Yung Joc
2008-06-17,Mr. Carter,Lil Wayne Featuring Jay-Z
2008-06-17,Buzzin',Shwayze Featuring Cisco Adler
2008-06-17,That's What You Get,Paramore
2008-06-24,3 Peat,Lil Wayne
2008-06-24,Body On Me,Nelly Featuring Ashanti & Akon
2008-06-24,Fall For You,Secondhand Serenade
2008-06-24,Magic,Robin Thicke
2008-06-24,Coconut Juice,Tyga Featuring Travis McCoy
2008-06-24,Never Would Have Made It,Marvin Sapp
2008-06-24,Addicted,Saving Abel
2008-06-24,I Still Miss You,Keith Anderson
2008-07-01,This Is Me,Demi Lovato & Joe Jonas
2008-07-01,Disturbia,Rihanna
2008-07-01,Play My Music,Jonas Brothers
2008-07-01,Gotta Find You,Joe Jonas
2008-07-01,We Rock,Cast Of Camp Rock
2008-07-01,In The Ayer,Flo Rida Featuring will.i.am
2008-07-01,Hot N Cold,Katy Perry
2008-07-01,All I Want To Do,Sugarland
2008-07-01,You Look Good In My Shirt,Keith Urban
2008-07-01,Lost!,Coldplay With Jay-Z
2008-07-08,Burnin' Up,Jonas Brothers
2008-07-08,Life In A Northern Town,Sugarland Featuring Little Big Town & Jake Owen
2008-07-08,Come On Over,Jessica Simpson
2008-07-08,One Step At A Time,Jordin Sparks
2008-07-08,Thunder,Boys Like Girls
2008-07-08,Bartender Song,Rehab
2008-07-08,Believe,Staind
2008-07-08,Here I Am,Rick Ross Featuring Nelly & Avery Storm
2008-07-15,Out Here Grindin,"DJ Khaled Featuring Akon, Plies, Young Jeezy, Rick Ross, Ace Hood, Trick Daddy & Lil' Boosie"
2008-07-15,Free Fallin',John Mayer
2008-07-15,All Summer Long,Kid Rock
2008-07-15,Sneakernight,Vanessa Hudgens
2008-07-15,Holler Back,The Lost Trailers
2008-07-22,She Never Cried In Front Of Me,Toby Keith
2008-07-22,The Business,Yung Berg Featuring Casha
2008-07-22,Stepped On My J'z,Nelly Featuring Ciara & JD
2008-07-22,Don't Think I Don't Think About It,Darius Rucker
2008-07-22,Check Yes Juliet (Run Baby Run),WE the Kings
2008-07-22,Johnny & June,Heidi Newfield
2008-07-22,Learning How To Bend,Gary Allan
2008-07-22,Troubadour,George Strait
2008-07-22,Waitin' On A Woman,Brad Paisley
2008-07-22,I'll Be Lovin' U Long Time,Mariah Carey
2008-07-29,Pushin' Me Away,Jonas Brothers
2008-07-29,Paper Planes,M.I.A.
2008-07-29,Need U Bad,Jazmine Sullivan
2008-07-29,Do You Believe Me Now,Jimmy Wayne
2008-07-29,Hero,Nas Featuring Keri Hilson
2008-08-05,Corona And Lime,Shwayze
2008-08-05,Breakout,Miley Cyrus
2008-08-05,Please Excuse My Hands,Plies Featuring Jamie Foxx & The-Dream
2008-08-05,Spotlight,Jennifer Hudson
2008-08-05,Baby,LL Cool J Featuring The-Dream
2008-08-05,Mamma Mia,Meryl Streep
2008-08-12,Tonight,Jonas Brothers
2008-08-12,Can't Believe It,T-Pain Featuring Lil Wayne
2008-08-12,Just Dance,Lady Gaga Featuring Colby O'Donis
2008-08-12,Swing,Savage Featuring Soulja Boy Tell'em
2008-08-19,A Little Bit Longer,Jonas Brothers
2008-08-19,My Life,The Game Featuring Lil Wayne
2008-08-19,Marco Polo,Bow Wow Featuring Soulja Boy Tell'em
2008-08-19,What If It All Goes Right,Melissa Lawson
2008-08-19,Energy,Keri Hilson
2008-08-19,Shattered (Turn The Car Around),O.A.R.
2008-08-19,Just A Dream,Carrie Underwood
2008-08-19,Whatever You Like,T.I.
2008-08-26,Crush,David Archuleta
2008-08-26,Change,Taylor Swift
2008-08-26,Dreamer,Chris Brown
2008-08-26,Everybody Wants To Go To Heaven,Kenny Chesney With The Wailers
2008-08-26,Get Back,Demi Lovato
2008-08-26,All Summer Long,Hit Masters
2008-08-26,BB Good,Jonas Brothers
2008-08-26,Real,Goo Goo Dolls
2008-08-26,Cry For You,September
2008-08-26,Warrior,Nelly
2008-08-26,Something Special,Colbie Caillat
2008-09-02,So What,P!nk
2008-09-02,The Day That Never Comes,Metallica
2008-09-02,American Boy,Studio All-Stars
2008-09-02,Mrs. Officer,Lil Wayne Featuring Bobby Valentino & Kidd Kidd
2008-09-02,Miss Independent,Ne-Yo
2008-09-09,What Them Girls Like,Ludacris Co-Starring Chris Brown & Sean Garrett
2008-09-09,Swing Ya Rag,T.I. Featuring Swizz Beatz
2008-09-09,My Apocalypse,Metallica
2008-09-09,Just Stand Up!,Artists Stand Up To Cancer
2008-09-09,Let It Rock,Kevin Rudolf Featuring Lil Wayne
2008-09-09,Come On Get Higher,Matt Nathanson
2008-09-09,So Fly,Slim Featuring Yung Joc
2008-09-09,Cookie Jar,Gym Class Heroes Featuring The-Dream
2008-09-16,Cyanide,Metallica
2008-09-16,"What Up, What's Haapnin'",T.I.
2008-09-16,T-Shirt,Shontelle
2008-09-16,Now Or Never,High School Musical 3 Cast
2008-09-16,Green Light,John Legend Featuring Andre 3000
2008-09-16,No Me Doy Por Vencido,Luis Fonsi
2008-09-16,Country Man,Luke Bryan
2008-09-23,Swagga Like Us,Jay-Z & T.I. Featuring Kanye West & Lil Wayne
2008-09-23,Love Story,Taylor Swift
2008-09-23,I Don't Care,Fall Out Boy
2008-09-23,I'd Rather Be With You,Joshua Radin
2008-09-23,Right Here (Departed),Brandy
2008-09-23,Lovebug,Jonas Brothers
2008-09-23,Roll With Me,Montgomery Gentry
2008-09-23,Superwoman,Alicia Keys
2008-09-23,Bad Girlfriend,Theory Of A Deadman
2008-09-23,Let It Go,Tim McGraw
2008-09-30,Love Lockdown,Kanye West
2008-09-30,All Summer Long,The Rock Heroes
2008-09-30,Chicken Fried,Zac Brown Band
2008-09-30,Go Hard,DJ Khaled Featuring Kanye West & T-Pain
2008-09-30,Angel,Natasha Bedingfield
2008-10-07,Right Now (Na Na Na),Akon
2008-10-07,Ready For Whatever,T.I.
2008-10-07,Krazy,Pitbull Featuring Lil Jon
2008-10-07,Don't Forget,Demi Lovato
2008-10-07,Live Your Life,T.I. Featuring Rihanna
2008-10-07,Use Somebody,Kings Of Leon
2008-10-07,Already Gone,Sugarland
2008-10-07,On The Line,Demi Lovato Featuring Jonas Brothers
2008-10-14,Keeps Gettin' Better,Christina Aguilera
2008-10-14,Gotta Be Somebody,Nickelback
2008-10-14,Light On,David Cook
2008-10-14,Human,The Killers
2008-10-14,Dead And Gone,T.I. Featuring Justin Timberlake
2008-10-14,Go Girl,Ciara Featuring T-Pain
2008-10-14,It's Over,Jesse McCartney
2008-10-14,Without You,Hinder
2008-10-14,I'll Walk,Bucky Covington
2008-10-14,Here,Rascal Flatts
2008-10-14,All I Ever Wanted,Chuck Wicks
2008-10-14,Womanizer,Britney Spears
2008-10-14,In Color,Jamey Johnson
2008-10-21,I'm So Paid,Akon Featuring Lil Wayne & Young Jeezy
2008-10-21,Headfirst Slide Into Cooperstown On A Bad Bet,Fall Out Boy
2008-10-21,Bust Your Windows,Jazmine Sullivan
2008-10-21,Feel That Fire,Dierks Bentley
2008-10-21,Lookin' For A Good Time,Lady Antebellum
2008-10-21,The Shock Of The Lightning,Oasis
2008-10-21,"You're Gonna Go Far, Kid",The Offspring
2008-10-21,If I Were A Boy,Beyonce
2008-10-28,Fearless,Taylor Swift
2008-10-28,Freeze,T-Pain Featuring Chris Brown
2008-10-28,Get Up,50 Cent
2008-10-28,Start A Band,Brad Paisley Duet With Keith Urban
2008-10-28,Single Ladies (Put A Ring On It),Beyonce
2008-10-28,Chopped 'N' Skrewed,T-Pain Featuring Ludacris
2008-10-28,Cuddy Buddy,Mike Jones Featuring Trey Songz & Twista
2008-10-28,Love Remembers,Craig Morgan
2008-10-28,You Are The Best Thing,Ray LaMontagne
2008-10-28,Be OK,Ingrid Michaelson
2008-10-28,I Don't Care,Apocalyptica Featuring Adam Gontier
2008-10-28,"What A Catch, Donnie",Fall Out Boy
2008-10-28,Pop Champagne,Jim Jones & Ron Browz Featuring Juelz Santana
2008-11-04,Chasing Pavements,Adele
2008-11-04,Sex On Fire,Kings Of Leon
2008-11-04,Don't,Billy Currington
2008-11-04,Lloro Por Ti,Enrique Iglesias
2008-11-04,Broken,Lifehouse
2008-11-04,Did You Wrong,Pleasure P
2008-11-04,She Wouldn't Be Gone,Blake Shelton
2008-11-04,Can I Have This Dance,Zac Efron & Vanessa Hudgens
2008-11-11,You're Not Sorry,Taylor Swift
2008-11-11,Country Boy,Alan Jackson
2008-11-11,One More Drink,Ludacris Co-Starring T-Pain
2008-11-11,Angels,David Archuleta
2008-11-11,Something In Your Mouth,Nickelback
2008-11-11,Don't Trust Me,3OH!3
2008-11-11,Trading Places,Usher
2008-11-18,Heartless,Kanye West
2008-11-18,You Belong With Me,Taylor Swift
2008-11-18,Decode,Paramore
2008-11-18,Spaceman,The Killers
2008-11-18,It's A New Day,will.i.am
2008-11-18,Rehab,Rihanna
2008-11-18,My President,Young Jeezy Featuring Nas
2008-11-18,Too Drunk...,Buckcherry
2008-11-18,Leave Out All The Rest,Linkin Park
2008-11-25,White Horse,Taylor Swift
2008-11-25,Chinese Democracy,Guns N' Roses
2008-11-25,If Today Was Your Last Day,Nickelback
2008-11-25,Sweet Thing,Keith Urban
2008-11-25,Forever & Always,Taylor Swift
2008-11-25,Gives You Hell,The All-American Rejects
2008-11-25,The Way I Loved You,Taylor Swift
2008-11-25,Fifteen,Taylor Swift
2008-11-25,Another Way to Die,Jack White & Alicia Keys
2008-11-25,Cowgirls Don't Cry,Brooks & Dunn Featuring Reba McEntire
2008-11-25,Breathe,Taylor Swift Featuring Colbie Caillat
2008-11-25,She's Country,Jason Aldean
2008-11-25,Hey Stephen,Taylor Swift
2008-11-25,Troublemaker,Akon Featuring Sweet Rush
2008-11-25,Playa Cardz Right,Keyshia Cole Featuring 2Pac
2008-12-02,You Found Me,The Fray
2008-12-02,I'd Come For You,Nickelback
2008-12-02,Never Gonna Be Alone,Nickelback
2008-12-02,God Love Her,Toby Keith
2008-12-02,Ride,Ace Hood Featuring Trey Songz
2008-12-02,Put It On Ya,Plies Featuring Chris J
2008-12-02,IfULeave,Musiq Soulchild Featuring Mary J. Blige
2008-12-02,Anything Goes,Randy Houser
2008-12-09,See You In My Nightmares,Kanye West Featuring Lil Wayne
2008-12-09,Sober,P!nk
2008-12-09,Untouched,The Veronicas
2008-12-09,Last Of A Dying Breed,Ludacris Co-Starring Lil Wayne
2008-12-09,I Hate This Part,The Pussycat Dolls
2008-12-09,Amazing,Kanye West Featuring Young Jeezy
2008-12-09,Second Chance,Shinedown
2008-12-16,Circus,Britney Spears
2008-12-16,Beautiful,Akon Featuring Colby O'Donis & Kardinal Offishall
2008-12-16,Shattered Glass,Britney Spears
2008-12-16,Down The Road,Kenny Chesney With Mac McAnally
2008-12-16,If U Seek Amy,Britney Spears
2008-12-16,That's Not My Name,The Ting Tings
2008-12-16,Arab Money,Busta Rhymes Featuring Ron Browz
2008-12-16,River Of Love,George Strait
2008-12-16,Universal Mind Control,Common Featuring Pharrell
2008-12-16,Mad,Ne-Yo
2008-12-23,Just Like Me,Jamie Foxx Featuring T.I.
2008-12-23,Seventeen Forever,Metro Station
2008-12-23,When It Hurts,Avant
2008-12-23,She Got Her Own,Ne-Yo Featuring Jamie Foxx & Fabolous
2008-12-30,Run,Leona Lewis
2008-12-30,Turnin Me On,Keri Hilson Featuring Lil Wayne
2008-12-30,Poker Face,Lady Gaga
2008-12-30,Diva,Beyonce
2008-12-30,Beep,Bobby V Featuring Yung Joc
2008-12-30,Rockin' That Thang,The-Dream
2008-12-30,It Won't Be Like This For Long,Darius Rucker
2009-01-08,About You Now,Miranda Cosgrove
2009-01-08,Kiss Me Thru The Phone,Soulja Boy Tell 'em Featuring Sammie
2009-01-08,J**z In My Pants,The Lonely Island
2009-01-08,La La Land,Demi Lovato
2009-01-08,Fly On The Wall,Miley Cyrus
2009-01-08,Lollipop,Framing Hanley
2009-01-08,Tell Me Something I Don't Know,Selena Gomez
2009-01-22,Pen & Paper (Something Typical),The Red Jumpsuit Apparatus
2009-01-22,Lost,Gorilla Zoe
2009-01-29,Crack A Bottle,"Eminem, Dr. Dre & 50 Cent"
2009-01-29,Thinking Of You,Katy Perry
2009-01-29,Day 'N' Nite,Kid Cudi
2009-01-29,Angels On The Moon,Thriving Ivory
2009-01-29,Last Call,Lee Ann Womack
2009-01-29,My Life Would Suck Without You,Kelly Clarkson
2009-01-29,Blame It,Jamie Foxx Featuring T-Pain
2009-01-29,More Like Her,Miranda Lambert
2009-02-05,Get On Your Boots,U2
2009-02-05,At Last,Beyonce
2009-02-05,"1, 2, 3, 4",Plain White T's
2009-02-05,Halo,Beyonce
2009-02-05,Move (If You 'W'anna),Mims
2009-02-05,Let Me,Pat Green
2009-02-12,Prom Queen,Lil Wayne Featuring Shanell AKA SNL
2009-02-12,Right Round,Flo Rida
2009-02-12,I Will Be,Leona Lewis
2009-02-12,Don't Think I Can't Love You,Jake Owen
2009-02-12,Ain't I,Yung L.A. Featuring Young Dro & T.I.
2009-02-19,Absolute,The Fray
2009-02-19,Careless Whisper,Seether
2009-02-19,Top Of The World,The Pussycat Dolls
2009-02-19,Stanky Legg,GS Boyz
2009-02-19,Show Me What I'm Looking For,Carolina Liar
2009-02-19,How Do You Sleep?,Jesse McCartney Featuring Ludacris
2009-02-19,Working On A Dream,Bruce Springsteen
2009-02-19,You Complete Me,Keyshia Cole
2009-02-19,"Lions, Tigers & Bears",Jazmine Sullivan
2009-02-26,I Get It In,50 Cent
2009-02-26,I Love College,Asher Roth
2009-02-26,F*ck You,Lily Allen
2009-02-26,I'm On A Boat,The Lonely Island Featuring T-Pain
2009-02-26,The Fear,Lily Allen
2009-02-26,I Told You So,Carrie Underwood Featuring Randy Travis
2009-02-26,Nothin' To Die For,Tim McGraw
2009-03-05,Break My Heart,Spectacular! Cast
2009-03-05,Never Ever,Ciara Featuring Young Jeezy
2009-03-05,It's America,Rodney Atkins
2009-03-05,Jai Ho! (You Are My Destiny),A R Rahman & The Pussycat Dolls Featuring Nicole Scherzinger
2009-03-12,Hold Up My Heart,Brooke White
2009-03-12,All The Above,Maino Featuring T-Pain
2009-03-12,Shone,Flo Rida Featuring Pleasure P
2009-03-12,I Know You Want Me (Calle Ocho),Pitbull
2009-03-12,Love Is On Its Way,Jonas Brothers
2009-03-12,Here Comes Goodbye,Rascal Flatts
2009-03-12,Shuttin' Detroit Down,John Rich
2009-03-12,If This Isn't Love,Jennifer Hudson
2009-03-12,O... Saya,M.I.A. & A R Rahman
2009-03-12,Ride,Martina McBride
2009-03-12,Wavin' Flag,K'Naan
2009-03-19,The Climb,Miley Cyrus
2009-03-19,I'm In Miami Trick,LMFAO
2009-03-19,Magnificent,U2
2009-03-19,My Love,The-Dream Featuring Mariah Carey
2009-03-19,Next To You,Mike Jones
2009-03-19,Magnificent,Rick Ross Featuring John Legend
2009-03-19,You Can Get It All,Bow Wow Featuring Johnta Austin
2009-03-19,Kids,MGMT
2009-03-19,Candle (Sick And Tired),The White Tie Affair
2009-03-19,LoveGame,Lady Gaga
2009-03-19,It Happens,Sugarland
2009-03-19,Turn My Swag On,Soulja Boy Tell'em
2009-03-19,Marry For Money,Trace Adkins
2009-03-26,Home Sweet Home,Carrie Underwood
2009-03-26,Kiss A Girl,Keith Urban
2009-03-26,Hoedown Throwdown,Miley Cyrus
2009-03-26,Already Gone,Kelly Clarkson
2009-03-26,Boom Boom Pow,The Black Eyed Peas
2009-03-26,Love Sex Magic,Ciara Featuring Justin Timberlake
2009-03-26,Whatever It Is,Zac Brown Band
2009-03-26,"Want It, Need It",Plies Featuring Ashanti
2009-03-26,sobeautiful,Musiq Soulchild
2009-03-26,One In Every Crowd,Montgomery Gentry
2009-04-02,Sugar,Flo Rida Featuring Wynter
2009-04-02,Hot Revolver,Lil Wayne
2009-04-02,Then,Brad Paisley
2009-04-02,Forever,Rascal Flatts
2009-04-02,Always Strapped,Birdman Featuring Lil Wayne
2009-04-02,Boyfriend #2,Pleasure P
2009-04-02,I'm In,Keith Urban
2009-04-02,Always The Love Songs,Eli Young Band
2009-04-02,I Run To You,Lady Antebellum
2009-04-09,Let's Get Crazy,Hannah Montana
2009-04-09,Love Who You Love,Rascal Flatts
2009-04-09,Knock You Down,Keri Hilson Featuring Kanye West & Ne-Yo
2009-04-09,Crazier,Taylor Swift
2009-04-09,Lifeline,Papa Roach
2009-04-09,You'll Always Find Your Way Back Home,Hannah Montana
2009-04-09,Only You Can Love Me This Way,Keith Urban
2009-04-16,Come Back To Me,David Cook
2009-04-16,Be On You,Flo Rida Featuring Ne-Yo
2009-04-16,Things That Matter,Rascal Flatts
2009-04-16,Sideways,Dierks Bentley
2009-04-16,Jump,Flo Rida Featuring Nelly Furtado
2009-04-23,Best Days Of Your Life,Kellie Pickler
2009-04-23,Butterfly Fly Away,Miley Cyrus & Billy Ray Cyrus
2009-04-23,Imma Put It On Her,DAY26 Featuring P. Diddy & Yung Joc
2009-04-23,Unstoppable,Rascal Flatts
2009-04-23,Not Meant To Be,Theory Of A Deadman
2009-04-23,Birthday Sex,Jeremih
2009-04-23,Sissy's Song,Alan Jackson
2009-04-23,Where I'm From,Jason Michael Carroll
2009-04-30,We Made You,Eminem
2009-04-30,Know Your Enemy,Green Day
2009-04-30,Welcome To The World,Kevin Rudolf Featuring Rick Ross
2009-04-30,I Do Not Hook Up,Kelly Clarkson
2009-04-30,Panic Switch,Silversun Pickups
2009-04-30,Beggin',Madcon
2009-04-30,Please Don't Leave Me,P!nk
2009-04-30,"It's Alright, It's OK",Ashley Tisdale
2009-04-30,Out Last Night,Kenny Chesney
2009-05-07,Funny The Way It Is,Dave Matthews Band
2009-05-07,Goodbye,Kristinia DeBarge
2009-05-07,Maybach Music 2,"Rick Ross Featuring Kanye West, T-Pain & Lil' Wayne"
2009-05-07,Lark On My Go-Kart,Asher Roth
2009-05-07,Soulmate,Natasha Bedingfield
2009-05-14,3am,Eminem
2009-05-14,Waking Up In Vegas,Katy Perry
2009-05-14,America's Suitehearts,Fall Out Boy
2009-05-14,Echo,Gorilla Zoe
2009-05-14,Pretty Wings,Maxwell
2009-05-14,People Are Crazy,Billy Currington
2009-05-14,Halle Berry (She's Fine),Hurricane Chris Featuring SupaSTAAR
2009-05-14,Epiphany (I'm Leaving),Chrisette Michele
2009-05-14,Lost You Anyway,Toby Keith
2009-05-14,There Goes My Baby,Charlie Wilson
2009-05-21,No Surprise,Daughtry
2009-05-21,Old Time's Sake,Eminem Featuring Dr. Dre
2009-05-21,Fire Burning,Sean Kingston
2009-05-21,I'm Just Here For The Music,Paula Abdul
2009-05-21,Best I Ever Had,Drake
2009-05-21,Every Girl,Young Money
2009-05-21,Swag Surfin,F.L.Y. (Fast Life Yungstaz)
2009-05-28,Beautiful,Eminem
2009-05-28,Battlefield,Jordin Sparks
2009-05-28,Paranoid,Jonas Brothers
2009-05-28,Good Girls Go Bad,Cobra Starship Featuring Leighton Meester
2009-05-28,Heartless,The Fray
2009-05-28,Wanted,Jessie James
2009-05-28,Alright,Darius Rucker
2009-05-28,Hush Hush,The Pussycat Dolls Featuring Nicole Scherzinger
2009-05-28,I Need A Girl,Trey Songz
2009-06-04,Don't Stop Believin',Glee Cast
2009-06-04,New Divide,Linkin Park
2009-06-04,No Boundaries,Kris Allen
2009-06-04,Heartless,Kris Allen
2009-06-04,Mad World,Adam Lambert
2009-06-04,Permanent,David Cook
2009-06-04,Ain't No Sunshine,Kris Allen
2009-06-04,Her Diamonds,Rob Thomas
2009-06-04,Note To God,Charice
2009-06-04,Imma Be,The Black Eyed Peas
2009-06-04,A Change Is Gonna Come,Adam Lambert
2009-06-04,Apologize,Kris Allen
2009-06-04,No Boundaries,Adam Lambert
2009-06-04,One,Adam Lambert
2009-06-04,Insane,Eminem
2009-06-04,Falling Slowly,Kris Allen
2009-06-04,Rehab,Glee Cast
2009-06-11,Summer Nights,Rascal Flatts
2009-06-11,Wild At Heart,Gloriana
2009-06-11,Boots On,Randy Houser
2009-06-11,Wetter (Calling You Daddy),Twista Featuring Erika Shevon
2009-06-11,Strange,Reba
2009-06-11,Ice Cream Paint Job,Dorrough
2009-06-11,Walkin' On The Moon,The-Dream Featuring Kanye West
2009-06-18,Hey,Mitchel Musso
2009-06-18,Ego,Beyonce
2009-06-18,Small Town USA,Justin Moore
2009-06-18,Ain't No Rest For The Wicked,Cage The Elephant
2009-06-18,Throw It In The Bag,Fabolous Featuring The-Dream
2009-06-18,Last Chance,Ginuwine
2009-06-18,On The Ocean,K'Jon
2009-06-18,Take Me On The Floor,The Veronicas
2009-06-25,I Gotta Feeling,The Black Eyed Peas
2009-06-25,Make Her Say,Kid Cudi Featuring Kanye West & Common
2009-06-25,Big Green Tractor,Jason Aldean
2009-06-25,Never Say Never,The Fray
2009-06-25,Living For The Night,George Strait
2009-06-25,Daylight,Matt And Kim
2009-07-02,You're A Jerk,New Boyz
2009-07-02,Hotel Room Service,Pitbull
2009-07-02,Damned If I Do Ya (Damned If I Don't),All Time Low
2009-07-02,Fly With Me,Jonas Brothers
2009-07-02,Break Up,Mario Featuring Gucci Mane & Sean Garrett
2009-07-02,When Love Takes Over,David Guetta Featuring Kelly Rowland
2009-07-09,D.O.A. (Death Of Auto-Tune),JAY-Z
2009-07-09,Here We Go Again,Demi Lovato
2009-07-09,21 Guns,Green Day
2009-07-09,Love Your Love The Most,Eric Church
2009-07-09,Trust,Keyshia Cole Duet With Monica
2009-07-09,Sound Of Madness,Shinedown
2009-07-09,Barefoot And Crazy,Jack Ingram
2009-07-16,Fallin' For You,Colbie Caillat
2009-07-16,Love Drunk,Boys Like Girls
2009-07-16,So Fine,Sean Paul
2009-07-16,Down,Jay Sean Featuring Lil Wayne
2009-07-16,One And The Same,Selena Gomez & Demi Lovato
2009-07-16,God In Me,"Mary Mary Featuring Kierra ""KiKi"" Sheard"
2009-07-16,I'll Just Hold On,Blake Shelton
2009-07-23,He Could Be The One,Hannah Montana
2009-07-23,Obsessed,Mariah Carey
2009-07-23,Ignorance,Paramore
2009-07-23,I Wanna Know You,Hannah Montana Featuring David Archuleta
2009-07-23,Ice Cream Freeze (Let's Chill),Hannah Montana
2009-07-23,Shining Down,Lupe Fiasco Featuring Matthew Santos
2009-07-23,One Time,Justin Bieber
2009-07-30,She Wolf,Shakira
2009-07-30,Come Home,OneRepublic With Sara Bareilles
2009-07-30,Successful,Drake Featuring Trey Songz & Lil Wayne
2009-07-30,If It Kills Me,Jason Mraz
2009-07-30,You Don't Belong,Daughtry
2009-07-30,Sounds Like Life To Me,Darryl Worley
2009-08-06,The One,Mary J. Blige Featuring Drake
2009-08-06,Say Hey (I Love You),Michael Franti & Spearhead Featuring Cherine Anderson
2009-08-06,Catch Me,Demi Lovato
2009-08-06,Too Many Rappers,Beastie Boys Featuring Nas
2009-08-06,Toes,Zac Brown Band
2009-08-06,Imma Star (Everywhere We Are),Jeremih
2009-08-06,Sweet Dreams,Beyonce
2009-08-06,Closer To Love,Mat Kearney
2009-08-13,Remember Me,T.I. Featuring Mary J. Blige
2009-08-13,American Ride,Toby Keith
2009-08-13,Sexy Chick,David Guetta Featuring Akon
2009-08-13,It's A Business Doing Pleasure With You,Tim McGraw
2009-08-13,Run This Town,"Jay-Z, Rihanna & Kanye West"
2009-08-13,Sooner Or Later,Michelle Branch
2009-08-13,Smile,Uncle Kracker
2009-08-13,I Just Call You Mine,Martina McBride
2009-08-13,She Is Love,Parachute
2009-08-20,Magic,Selena Gomez
2009-08-20,Celebration,Madonna
2009-08-20,I Look To You,Whitney Houston
2009-08-20,Uprising,Muse
2009-08-20,Digital Girl,"Jamie Foxx Featuring Drake, Kanye West + The-Dream"
2009-08-20,Welcome To The Future,Brad Paisley
2009-08-27,Party In The U.S.A.,Miley Cyrus
2009-08-27,Send It On,Disney's Friends For Change
2009-08-27,Whatcha Say,Jason Derulo
2009-08-27,Hot Mess,Cobra Starship
2009-08-27,Evacuate The Dancefloor,Cascada
2009-08-27,Need You Now,Lady Antebellum
2009-08-27,Radar,Britney Spears
2009-08-27,Gettin' You Home,Chris Young
2009-09-03,I'm Alive,Kenny Chesney With Dave Matthews
2009-09-03,Starstrukk,3OH!3 Featuring Katy Perry
2009-09-03,Replay,Iyaz
2009-09-03,Fireflies,Owl City
2009-09-03,Joey,Sugarland
2009-09-10,The Fixer,Pearl Jam
2009-09-10,Runaway,Love And Theft
2009-09-10,Overcome,Creed
2009-09-10,Paparazzi,Lady Gaga
2009-09-10,(If You're Wondering If I Want You To) I Want You To,Weezer
2009-09-10,Shake My,Three 6 Mafia Featuring Kalenna
2009-09-10,Under,Pleasure P
2009-09-10,Falling Down,Selena Gomez & The Scene
2009-09-10,Number One,R. Kelly Featuring Keri Hilson
2009-09-10,Chillin,Wale Featuring Lady Gaga
2009-09-10,Awake And Alive,Skillet
2009-09-17,I Will Not Bow,Breaking Benjamin
2009-09-17,LOL :-),Trey Songz Featuring Gucci Mane & Soulja Boy Tell'em
2009-09-17,Haven't Met You Yet,Michael Buble
2009-09-17,Body Language,Jesse McCartney Featuring T-Pain
2009-09-17,Do I,Luke Bryan
2009-09-17,Wasted,Gucci Mane Featuring Plies Or OJ Da Juiceman
2009-09-17,Face Drop,Sean Kingston
2009-09-17,Million Dollar Bill,Whitney Houston
2009-09-24,Take A Bow,Glee Cast
2009-09-24,Empire State Of Mind,Jay-Z + Alicia Keys
2009-09-24,Young Forever,Jay-Z + Mr. Hudson
2009-09-24,Break,Three Days Grace
2009-09-24,Two Is Better Than One,Boys Like Girls Featuring Taylor Swift
2009-09-24,Drop It Low,Ester Dean Featuring Chris Brown
2009-10-01,Forever,"Drake Featuring Kanye West, Lil Wayne & Eminem"
2009-10-01,I'm Going In,Drake Featuring Lil Wayne & Young Jeezy
2009-10-01,Happy,Leona Lewis
2009-10-01,Pursuit Of Happiness (Nightmare),Kid Cudi Featuring MGMT & Ratatat
2009-10-01,La La La,LMFAO
2009-10-01,I Want To Know What Love Is,Mariah Carey
2009-10-01,Meet Me Halfway,The Black Eyed Peas
2009-10-01,We Weren't Born To Follow,Bon Jovi
2009-10-01,I Wanna,The All-American Rejects
2009-10-01,Cowboy Casanova,Carrie Underwood
2009-10-01,Check My Brain,Alice In Chains
2009-10-08,Doesn't Mean Anything,Alicia Keys
2009-10-08,Taking Chances,Glee Cast
2009-10-08,Somebody To Love,Glee Cast
2009-10-08,Red Light,David Nail
2009-10-08,Bad Habits,Maxwell
2009-10-08,Funhouse,P!nk
2009-10-08,Bonfire,Craig Morgan
2009-10-15,Alone,Glee Cast Featuring Kristin Chenoweth
2009-10-15,Wheels,Foo Fighters
2009-10-15,Careful,Paramore
2009-10-15,Maybe This Time,Glee Cast Featuring Kristin Chenoweth
2009-10-15,Live Like We're Dying,Kris Allen
2009-10-15,I Wanna Make You Close Your Eyes,Dierks Bentley
2009-10-15,Consider Me Gone,Reba
2009-10-15,"Hey, Soul Sister",Train
2009-10-15,Regret,LeToya Featuring Ludacris
2009-10-22,3,Britney Spears
2009-10-22,One Less Lonely Girl,Justin Bieber
2009-10-22,It's My Life / Confessions Part II,Glee Cast
2009-10-22,Halo / Walking On Sunshine,Glee Cast
2009-10-22,I Can Transform Ya,Chris Brown Featuring Lil Wayne & Swizz Beatz
2009-10-22,Hell Of A Life,T.I.
2009-10-22,All The Right Moves,OneRepublic
2009-10-22,TiK ToK,Ke$ha
2009-10-22,Rain,Creed
2009-10-22,Honky Tonk Stomp,Brooks & Dunn Featuring Billy Gibbons
2009-10-22,Shots,LMFAO Featuring Lil Jon
2009-10-22,Money To Blow,Birdman Featuring Lil Wayne & Drake
2009-10-29,Who Says,John Mayer
2009-10-29,Good Morning,Chamillionaire
2009-10-29,Keep Holding On,Glee Cast
2009-10-29,No Air,Glee Cast
2009-10-29,Nobody,Wonder Girls
2009-10-29,Mama's Song,Carrie Underwood
2009-10-29,Chances,Five For Fighting
2009-10-29,Kings And Queens,Thirty Seconds To Mars
2009-10-29,Papers,Usher
2009-10-29,Tie Me Down,New Boyz Featuring Ray J
2009-10-29,White Liar,Miranda Lambert
2009-10-29,Notion,Kings Of Leon
2009-11-05,Sweet Caroline,Glee Cast
2009-11-05,Time For Miracles,Adam Lambert
2009-11-05,Gangsta Luv,Snoop Dogg Featuring The-Dream
2009-11-05,Southern Voice,Tim McGraw
2009-11-05,Take Your Shirt Off,T-Pain
2009-11-05,I Invented Sex,Trey Songz Featuring Drake
2009-11-05,Temporary Home,Carrie Underwood
2009-11-05,Bust A Move,Glee Cast
2009-11-05,Vanilla Twilight,Owl City
2009-11-05,History In The Making,Darius Rucker
2009-11-05,Russian Roulette,Rihanna
2009-11-12,Bad Romance,Lady Gaga
2009-11-12,Jump Then Fall,Taylor Swift
2009-11-12,Untouchable,Taylor Swift
2009-11-12,The Other Side Of The Door,Taylor Swift
2009-11-12,Superstar,Taylor Swift
2009-11-12,Come In With The Rain,Taylor Swift
2009-11-12,Baby By Me,50 Cent Featuring Ne-Yo
2009-11-12,Love Me,Justin Bieber
2009-11-12,Undo It,Carrie Underwood
2009-11-12,If You Only Knew,Shinedown
2009-11-12,Spotlight,Gucci Mane Featuring Usher
2009-11-12,I Get It In,Omarion Featuring Gucci Mane
2009-11-19,Favorite Girl,Justin Bieber
2009-11-19,Do You Remember,Jay Sean Featuring Sean Paul & Lil Jon
2009-11-19,The Truth,Jason Aldean
2009-11-19,Someday,Rob Thomas
2009-11-19,Eight Second Ride,Jake Owen
2009-11-19,Defying Gravity,Glee Cast
2009-11-26,Give It Up To Me,Shakira Featuring Lil Wayne
2009-11-26,The Good Life,OneRepublic
2009-11-26,5 Star,Yo Gotti
2009-11-26,Say Aah,Trey Songz Featuring Fabolous
2009-11-26,For Your Entertainment,Adam Lambert
2009-11-26,Whatever You Like,Anya Marina
2009-11-26,Why Don't We Just Dance,Josh Turner
2009-11-26,Undertow,Timbaland Featuring The Fray & Esthero
2009-12-03,Half Of My Heart,John Mayer
2009-12-03,Lean On Me,Glee Cast
2009-12-03,Try Sleeping With A Broken Heart,Alicia Keys
2009-12-03,Don't Stand So Close To Me / Young Girl,Glee Cast
2009-12-03,I'll Stand By You,Glee Cast
2009-12-03,Endless Love,Glee Cast
2009-12-03,Down To Earth,Justin Bieber
2009-12-03,Hard,Rihanna Featuring Jeezy
2009-12-03,It Kills Me,Melanie Fiona
2009-12-03,Bigger,Justin Bieber
2009-12-03,The Invitation,50 Cent
2009-12-03,First Dance,Justin Bieber Featuring Usher
2009-12-03,Heartbreak Warfare,John Mayer
2009-12-10,Telephone,Lady Gaga Featuring Beyonce
2009-12-10,BedRock,Young Money Featuring Lloyd
2009-12-10,I Dreamed A Dream,Susan Boyle
2009-12-10,Video Phone,Beyonce Featuring Lady Gaga
2009-12-10,True Colors,Glee Cast
2009-12-10,Imagine,Glee Cast
2009-12-10,Crawl,Chris Brown
2009-12-10,Morning After Dark,Timbaland Featuring Nelly Furtado & SoShy
2009-12-10,4 My Town (Play Ball),Birdman Featuring Drake & Lil Wayne
2009-12-10,Speechless,Lady Gaga
2009-12-10,It's Your Life,Francesca Battistelli
2009-12-10,Wild Horses,Susan Boyle
2009-12-10,All I Ask For Anymore,Trace Adkins
2009-12-10,That's How Country Boys Roll,Billy Currington
2009-12-17,Last Christmas,Glee Cast
2009-12-17,Life After You,Daughtry
2009-12-17,According To You,Orianthi
2009-12-17,Who I Am,Nick Jonas & The Administration
2009-12-17,Carry Out,Timbaland Featuring Justin Timberlake
2009-12-17,Shut It Down,Pitbull Featuring Akon
2009-12-17,1901,Phoenix
2009-12-17,Breakeven,The Script
2009-12-17,Cryin' For Me (Wayman's Song),Toby Keith
2009-12-17,If We Ever Meet Again,Timbaland Featuring Katy Perry
2009-12-17,American Saturday Night,Brad Paisley
2009-12-24,How Low,Ludacris
2009-12-24,My Life Would Suck Without You,Glee Cast
2009-12-24,Don't Rain On My Parade,Glee Cast
2009-12-24,On Fire,Lil Wayne
2009-12-24,In My Head,Jason Derulo
2009-12-24,I Am,Mary J. Blige
2009-12-24,You Can't Always Get What You Want,Glee Cast
2009-12-24,This Is War,Thirty Seconds To Mars
2009-12-24,I Wanna Rock,Snoop Dogg
2009-12-24,What I Do,Chris Brown Featuring Plies
2009-12-24,And I Am Telling You I'm Not Going,Glee Cast
2009-12-24,Halfway Gone,Lifehouse
2009-12-24,Twang,George Strait
2009-12-31,Hell Breaks Loose,Eminem Featuring Dr. Dre
2009-12-31,Empire State Of Mind (Part II) Broken Down,Alicia Keys
2009-12-31,Elevator,Eminem
2009-12-31,Whataya Want From Me,Adam Lambert
2009-12-31,Sex Therapy,Robin Thicke
2009-12-31,Hey Daddy (Daddy's Home),Usher Featuring Plies
2010-01-08,Naturally,Selena Gomez & The Scene
2010-01-08,Steady Mobbin',Young Money Featuring Gucci Mane
2010-01-08,Hillbilly Bone,Blake Shelton Featuring Trace Adkins
2010-01-08,Music Box,Eminem
2010-01-08,American Honey,Lady Antebellum
2010-01-15,Drop The World,Lil Wayne Featuring Eminem
2010-01-22,Blah Blah Blah,Ke$ha Featuring 3OH!3
2010-01-22,Your Love Is My Drug,Ke$ha
2010-01-22,Take It Off,Ke$ha
2010-01-22,Love This Pain,Lady Antebellum
2010-01-22,Say Something,Timbaland Featuring Drake
2010-01-22,A Little More Country Than That,Easton Corbin
2010-01-29,Soldier Of Love,Sade
2010-01-29,Ready To Love Again,Lady Antebellum
2010-01-29,On To The Next One,Jay-Z + Swizz Beatz
2010-01-29,Set The Fire To The Third Bar,Snow Patrol Featuring Martha Wainwright
2010-01-29,When I Look At You,Miley Cyrus
2010-01-29,'Til Summer Comes Around,Keith Urban
2010-01-29,Highway 20 Ride,Zac Brown Band
2010-01-29,Just Breathe,Pearl Jam
2010-02-05,Today Was A Fairytale,Taylor Swift
2010-02-05,Baby,Justin Bieber Featuring Ludacris
2010-02-05,Stranded (Haiti Mon Amour),"Jay-Z, Bono, The Edge & Rihanna"
2010-02-05,Hallelujah,Justin Timberlake & Matt Morris Featuring Charlie Sexton
2010-02-05,Our Kind Of Love,Lady Antebellum
2010-02-05,Redemption Song,Rihanna
2010-02-12,Lean On Me,"Sheryl Crow, Kid Rock & Keith Urban"
2010-02-12,Breathless,Taylor Swift
2010-02-12,Nothin' On You,B.o.B Featuring Bruno Mars
2010-02-12,My City Of Ruins (Live From The Kennedy Center Honors),Eddie Vedder
2010-02-12,Ain't Leavin Without You,Jaheim
2010-02-12,Let It Be,Jennifer Hudson Featuring The Roots
2010-02-12,Hurry Home,Jason Michael Carroll
2010-02-12,All The Way Turnt Up,Roscoe Dash Featuring Soulja Boy Tell'em
2010-02-19,Glitter In The Air,P!nk
2010-02-19,Knockout,Lil Wayne Featuring Nicki Minaj
2010-02-19,You And Me,Dave Matthews Band
2010-02-19,I Made It (Cash Money Heroes),"Kevin Rudolf Featuring Birdman, Jay Sean, & Lil Wayne"
2010-02-19,Bridge Over Troubled Water,Mary J. Blige & Andrea Bocelli
2010-02-19,F**k Today,Lil Wayne Featuring Gudda
2010-02-19,American Star,Lil Wayne Featuring Shanell AKA SNL
2010-02-19,Lemonade,Gucci Mane
2010-02-19,Major Tom,Shiny Toy Guns
2010-02-26,We Are The World 25: For Haiti,Artists For Haiti
2010-02-26,Solo,Iyaz
2010-02-26,Pants On The Ground,General Larry Platt
2010-02-26,Rude Boy,Rihanna
2010-02-26,"Beamer, Benz, Or Bentley",Lloyd Banks Featuring Juelz Santana
2010-02-26,Everything To Me,Monica
2010-02-26,O Let's Do It,Waka Flocka Flame
2010-02-26,Didn't You Know How Much I Loved You,Kellie Pickler
2010-03-05,Hero,Christopher Wilde
2010-03-05,Hallelujah (Vancouver Winter 2010 Version),k.d. lang
2010-03-05,All I Do Is Win,"DJ Khaled Featuring T-Pain, Ludacris, Snoop Dogg & Rick Ross"
2010-03-05,There Goes My Baby,Usher
2010-03-05,StarStruck,Christopher Wilde
2010-03-05,Something About The Sunshine,Christopher Wilde & Anna Margaret
2010-03-05,Follow Me Down,3OH!3 Featuring Neon Hitch
2010-03-05,Up Out My Face,Mariah Carey Featuring Nicki Minaj
2010-03-12,My Chick Bad,Ludacris Featuring Nicki Minaj
2010-03-12,Break Your Heart,Taio Cruz Featuring Ludacris
2010-03-12,Let It Be,Kris Allen
2010-03-12,Neighbors Know My Name,Trey Songz
2010-03-12,One Day,Matisyahu
2010-03-12,"Women Lie, Men Lie",Yo Gotti Featuring Lil Wayne
2010-03-12,Gimmie That Girl,Joe Nichols
2010-03-12,Backwoods,Justin Moore
2010-03-19,Never Let You Go,Justin Bieber
2010-03-19,Ridin' Solo,Jason Derulo
2010-03-19,Lil Freak,Usher Featuring Nicki Minaj
2010-03-19,Alice,Avril Lavigne
2010-03-19,Ain't Back Yet,Kenny Chesney
2010-03-19,Cryin' Like A Bitch!,Godsmack
2010-03-19,Feel It,Three 6 Mafia Vs. Tiesto With Sean Kingston & Flo Rida
2010-03-19,My Best Days Are Ahead Of Me,Danny Gokey
2010-03-19,Bulletproof,La Roux
2010-03-19,The Man I Want To Be,Chris Young
2010-03-19,Keep On Lovin' You,Steel Magnolia
2010-03-19,Hell On The Heart,Eric Church
2010-03-26,Over,Drake
2010-03-26,Driving Me Crazy,Sam Adams
2010-03-26,Ooh Baby,Mario
2010-04-02,U Smile,Justin Bieber
2010-04-02,I'm Back,T.I.
2010-04-02,I'm Awesome,Spose
2010-04-02,More,Usher
2010-04-02,Make A Wave,Disney's Friends For Change
2010-04-02,Love King,The-Dream
2010-04-02,Fistful Of Tears,Maxwell
2010-04-02,I Gotta Get To You,George Strait
2010-04-09,Eenie Meenie,Sean Kingston & Justin Bieber
2010-04-09,Reverse Cowgirl,T-Pain
2010-04-09,Roger That,Young Money
2010-04-09,Pray For You,Jaron And The Long Road To Love
2010-04-09,Rain Is A Good Thing,Luke Bryan
2010-04-09,That Should Be Me,Justin Bieber
2010-04-09,Wrong Baby Wrong,Martina McBride
2010-04-09,The House That Built Me,Miranda Lambert
2010-04-09,I Never Told You,Colbie Caillat
2010-04-16,OMG,Usher Featuring will.i.am
2010-04-16,Hello Good Morning,Diddy - Dirty Money Featuring T.I.
2010-04-16,Alejandro,Lady Gaga
2010-04-16,Billionaire,Travie McCoy Featuring Bruno Mars
2010-04-16,Window Seat,Erykah Badu
2010-04-16,She Won't Be Lonely Long,Clay Walker
2010-04-23,You And Your Heart,Jack Johnson
2010-04-23,Winner,Jamie Foxx Featuring Justin Timberlake & T .I.
2010-04-23,Don't Let Me Fall,B.o.B
2010-04-23,This Afternoon,Nickelback
2010-04-23,Kissin U,Miranda Cosgrove
2010-04-23,Un-Thinkable (I'm Ready),Alicia Keys
2010-04-23,Give Me A Sign (Forever And Ever),Breaking Benjamin
2010-04-23,All I Ever Wanted,Kelly Clarkson
2010-04-30,Airplanes,B.o.B Featuring Hayley Williams
2010-04-30,Not Myself Tonight,Christina Aguilera
2010-04-30,Gives You Hell,Glee Cast
2010-04-30,Hello,Glee Cast Featuring Jonathan Groff
2010-04-30,Hello Goodbye,Glee Cast
2010-04-30,"Hello, I Love You",Glee Cast
2010-04-30,Crazy Town,Jason Aldean
2010-04-30,Water,Brad Paisley
2010-05-07,Like A Prayer,Glee Cast Featuring Jonathan Groff
2010-05-07,Bet I,B.o.B Featuring T.I. & Playboy Tre
2010-05-07,Borderline / Open Your Heart,Glee Cast
2010-05-07,Like A Virgin,Glee Cast
2010-05-07,Impossible,Shontelle
2010-05-07,4 Minutes,Glee Cast
2010-05-07,I Keep On Loving You,Reba
2010-05-07,Still,Tim McGraw
2010-05-07,Ride,Ciara Featuring Ludacris
2010-05-14,One Less Bell To Answer / A House Is Not A Home,Glee Cast Featuring Kristin Chenoweth
2010-05-14,Beautiful,Glee Cast
2010-05-14,Rock That Body,The Black Eyed Peas
2010-05-14,Fire,Glee Cast Featuring Kristin Chenoweth
2010-05-14,Gypsy,Shakira
2010-05-14,A House Is Not A Home,Glee Cast
2010-05-14,Magic,B.o.B Featuring Rivers Cuomo
2010-05-14,Cooler Than Me,Mike Posner
2010-05-14,"Lover, Lover",Jerrod Niemann
2010-05-14,Home,Glee Cast Featuring Kristin Chenoweth
2010-05-14,Halfway There,Big Time Rush
2010-05-14,Gettin' Over You,David Guetta & Chris Willis Featuring Fergie & LMFAO
2010-05-14,New Morning,Alpha Rev
2010-05-21,Not Afraid,Eminem
2010-05-21,My First Kiss,3OH!3 Featuring Ke$ha
2010-05-21,Total Eclipse Of The Heart,Glee Cast Featuring Jonathan Groff
2010-05-21,Find Your Love,Drake
2010-05-21,Lose My Mind,Young Jeezy Featuring Plies
2010-05-21,Run Joey Run,Glee Cast Featuring Jonathan Groff
2010-05-21,Ice Ice Baby,Glee Cast
2010-05-21,Physical,Glee Cast Featuring Olivia Newton-John
2010-05-21,U Can't Touch This,Glee Cast
2010-05-21,Love Like Crazy,Lee Brice
2010-05-21,All Or Nothing,Theory Of A Deadman
2010-05-28,California Gurls,Katy Perry Featuring Snoop Dogg
2010-05-28,Jessie's Girl,Glee Cast
2010-05-28,Pyramid,Charice Featuring Iyaz
2010-05-28,One,Glee Cast
2010-05-28,The Boy Is Mine,Glee Cast
2010-05-28,Lady Is A Tramp,Glee Cast
2010-05-28,I'm Single,Lil Wayne
2010-05-28,I Like It,Enrique Iglesias Featuring Pitbull
2010-05-28,Rose's Turn,Glee Cast
2010-05-28,Somebody To Love,Justin Bieber Featuring Usher
2010-06-04,Can't Be Tamed,Miley Cyrus
2010-06-04,Dream On,Glee Cast Featuring Neil Patrick Harris
2010-06-04,I Dreamed A Dream,Glee Cast Featuring Idina Menzel
2010-06-04,Touchin On My,3OH!3
2010-06-04,Nightmare,Avenged Sevenfold
2010-06-04,Neutron Star Collision (Love Is Forever),Muse
2010-06-04,Woohoo,Christina Aguilera Featuring Nicki Minaj
2010-06-04,Safety Dance,Glee Cast
2010-06-04,Bad Romance,Glee Cast
2010-06-04,Free,Zac Brown Band
2010-06-04,Hold You (Hold Yuh),Gyptian
2010-06-04,Poker Face,Glee Cast
2010-06-11,Beautiful Day,Lee DeWyze
2010-06-11,Hallelujah,Lee DeWyze
2010-06-11,Up To The Mountain,Crystal Bowersox
2010-06-11,Falling Slowly,Lee DeWyze & Crystal Bowersox
2010-06-11,Beth,Glee Cast
2010-06-11,Leave Right Now,Will Young
2010-06-11,The Boxer,Lee DeWyze
2010-06-11,The Only Exception,Paramore
2010-06-11,Teach Me How To Dougie,Cali Swag District
2010-06-11,Who Dat,J. Cole
2010-06-11,Sex Room,Ludacris Featuring Trey Songz
2010-06-11,Super High,Rick Ross Featuring Ne-Yo
2010-06-18,Miss Me,Drake Featuring Lil Wayne
2010-06-18,Dynamite,Taio Cruz
2010-06-18,Got Your Back,T.I. Featuring Keri Hilson
2010-06-18,Yeah Ya Know (Takers),T.I.
2010-06-18,Your Love,Nicki Minaj
2010-06-18,Good Vibrations,Glee Cast
2010-06-18,Deja Vu,3OH!3
2010-06-18,Another One Bites The Dust,Glee Cast
2010-06-18,Pretty Good At Drinkin' Beer,Billy Currington
2010-06-18,Tell Me Something Good,Glee Cast
2010-06-18,Loser,Glee Cast
2010-06-18,Little White Church,Little Big Town
2010-06-18,"It's A Man's, Man's Man's World",Glee Cast
2010-06-18,Dirty Picture,Taio Cruz Featuring Ke$ha
2010-06-18,Shark In The Water,V V Brown
2010-06-18,Animal,Neon Trees
2010-06-25,Never Say Never,Justin Bieber Featuring Jaden Smith
2010-06-25,Faithfully,Glee Cast
2010-06-25,Waka Waka (This Time For Africa),Shakira Featuring Freshlyground
2010-06-25,Over The Rainbow,Glee Cast
2010-06-25,Any Way You Want It/Lovin' Touchin' Squeezin',Glee Cast
2010-06-25,Bionic,Christina Aguilera
2010-06-25,Beautiful Monster,Ne-Yo
2010-06-25,Hey,Lil Jon Featuring 3OH!3
2010-06-25,To Sir With Love,Glee Cast
2010-06-25,Bohemian Rhapsody,Glee Cast Featuring Jonathan Groff
2010-06-25,If It's Love,Train
2010-06-25,Secrets,OneRepublic
2010-07-02,Up All Night,Drake Featuring Nicki Minaj
2010-07-02,9 AM In Dallas,Drake
2010-07-02,Fireworks,Drake Featuring Alicia Keys
2010-07-02,Another Way To Die,Disturbed
2010-07-02,Double Vision,3OH!3
2010-07-02,Pretty Boy Swag,Soulja Boy Tell'em
2010-07-02,143,Bobby Brackins Featuring Ray J
2010-07-02,Lay Me Down,The Dirty Heads Featuring Rome
2010-07-02,Finding My Way Back,Jaheim
2010-07-02,Farmer's Daughter,Rodney Atkins
2010-07-02,This Ain't Nothin',Craig Morgan
2010-07-02,All About Tonight,Blake Shelton
2010-07-02,Fancy,Drake Featuring T.I. & Swizz Beatz
2010-07-09,Love The Way You Lie,Eminem Featuring Rihanna
2010-07-09,No Love,Eminem Featuring Lil Wayne
2010-07-09,Round & Round,Selena Gomez & The Scene
2010-07-09,Misery,Maroon 5
2010-07-09,King Of Anything,Sara Bareilles
2010-07-09,Won't Back Down,Eminem Featuring P!nk
2010-07-09,Cold Wind Blows,Eminem
2010-07-09,Stay,Miley Cyrus
2010-07-09,Talkin' 2 Myself,Eminem Featuring Kobe
2010-07-09,25 To Life,Eminem
2010-07-09,If I Had You,Adam Lambert
2010-07-16,POWER,Kanye West
2010-07-16,Jar Of Hearts,Christina Perri
2010-07-16,Club Can't Handle Me,Flo Rida Featuring David Guetta
2010-07-16,Outta Your Mind,Lil Jon Featuring LMFAO
2010-07-16,Deuces,Chris Brown Featuring Tyga & Kevin McCall
2010-07-16,We'll Be A Dream,WE the Kings Featuring Demi Lovato
2010-07-16,All Over Me,Josh Turner
2010-07-16,Cuando Me Enamoro,Enrique Iglesias Featuring Juan Luis Guerra
2010-07-16,I Can Do Anything,3OH!3
2010-07-23,If I Die Young,The Band Perry
2010-07-23,Bittersweet,Fantasia
2010-07-23,B.M.F. (Blowin' Money Fast),Rick Ross Featuring Styles P
2010-07-23,Up On The Ridge,Dierks Bentley
2010-07-30,DJ Got Us Fallin' In Love,Usher Featuring Pitbull
2010-07-30,Come Back Song,Darius Rucker
2010-07-30,Break My Bank,New Boyz Featuring Iyaz
2010-07-30,La La La,Auburn Featuring Iyaz
2010-07-30,Opposite Of Adults,Chiddy Bang
2010-07-30,Ordinary Girl,Hannah Montana
2010-07-30,Love All Over Me,Monica
2010-07-30,Roll With It,Easton Corbin
2010-07-30,Mockingbird,Rob Thomas
2010-08-06,Teenage Dream,Katy Perry
2010-08-06,Just The Way You Are,Bruno Mars
2010-08-06,Champagne Life,Ne-Yo
2010-08-06,Aston Martin Music,Rick Ross Featuring Drake & Chrisette Michele
2010-08-13,Stuck Like Glue,Sugarland
2010-08-13,G.R.I.N.D. (Get Ready It's A New Day),Asher Roth
2010-08-13,The Boys of Fall,Kenny Chesney
2010-08-13,The Crow & The Butterfly,Shinedown
2010-08-13,Rockstar 101,Rihanna Featuring Slash
2010-08-20,Mine,Taylor Swift
2010-08-20,The Catalyst,Linkin Park
2010-08-20,Letting Go (Dutty Love),Sean Kingston Featuring Nicki Minaj
2010-08-20,2012 (It Ain't The End),Jay Sean Featuring Nicki Minaj
2010-08-20,Not Like The Movies,Katy Perry
2010-08-20,September,Daughtry
2010-08-20,The Man Who Can't Be Moved,The Script
2010-08-27,Bottoms Up,Trey Songz Featuring Nicki Minaj
2010-08-27,Circle The Drain,Katy Perry
2010-08-27,As She's Walking Away,Zac Brown Band Featuring Alan Jackson
2010-08-27,Bed Intruder Song,Antoine Dodson & The Gregory Brothers Featuring Kelly Dodson
2010-08-27,Like A G6,Far*East Movement Featuring Cataracs & Dev
2010-08-27,Rhythm of Love,Plain White T's
2010-08-27,Love Like Woe,The Ready Set
2010-08-27,Little Lion Man,Mumford & Sons
2010-08-27,Hot Tottie,Usher Featuring Jay-Z
2010-09-03,Right Above It,Lil Wayne Featuring Drake
2010-09-03,Just A Dream,Nelly
2010-09-03,E.T.,Katy Perry Featuring Kanye West
2010-09-03,Why Wait,Rascal Flatts
2010-09-03,Give A Little More,Maroon 5
2010-09-03,Black Rain,Soundgarden
2010-09-10,Erase Me,Kid Cudi Featuring Kanye West
2010-09-10,My Kinda Party,Jason Aldean
2010-09-10,Last Friday Night (T.G.I.F.),Katy Perry
2010-09-10,Toot It And Boot It,YG
2010-09-10,F**k You! (Forget You),CeeLo Green
2010-09-10,Trailerhood,Toby Keith
2010-09-10,Holding You Down (Goin In Circles),Jazmine Sullivan
2010-09-10,Way Out Here,Josh Thompson
2010-09-17,The Breath You Take,George Strait
2010-09-17,Only Prettier,Miranda Lambert
2010-09-17,Anything Like Me,Brad Paisley
2010-09-24,A Year Without Rain,Selena Gomez & The Scene
2010-09-24,No Hands,Waka Flocka Flame Featuring Roscoe Dash & Wale
2010-09-24,Hollywood,Michael Buble
2010-09-24,Only Girl (In The World),Rihanna
2010-09-24,Check It Out,will.i.am & Nicki Minaj
2010-09-24,Dumb Love,Sean Kingston
2010-09-24,Introducing Me,Nick Jonas
2010-09-24,Dog Days Are Over,Florence + The Machine
2010-10-01,Radioactive,Kings Of Leon
2010-10-01,Can't Be Friends,Trey Songz
2010-10-01,Put You In A Song,Keith Urban
2010-10-01,We No Speak Americano,Yolanda Be Cool & Dcup
2010-10-01,All I Want Is You,Miguel Featuring J. Cole
2010-10-01,Turn On The Radio,Reba
2010-10-01,Waiting For The End,Linkin Park
2010-10-01,Smoke A Little Smoke,Eric Church
2010-10-01,Black And Yellow,Wiz Khalifa
2010-10-08,Empire State Of Mind,Glee Cast
2010-10-08,Telephone,Glee Cast
2010-10-08,Billionaire,Glee Cast
2010-10-08,Listen,Glee Cast
2010-10-08,What I Did For Love,Glee Cast
2010-10-08,Angel,Akon
2010-10-08,Stutter,Maroon 5
2010-10-08,Shake,Jesse McCartney
2010-10-08,Loving You No More,Diddy - Dirty Money Featuring Drake
2010-10-08,Please Don't Go,Mike Posner
2010-10-15,Toxic,Glee Cast
2010-10-15,Gonorrhea,Lil Wayne Featuring Drake
2010-10-15,The Only Exception,Glee Cast
2010-10-15,What's Wrong With Them,Lil Wayne Featuring Nicki Minaj
2010-10-15,Hey Baby (Drop It To The Floor),Pitbull Featuring T-Pain
2010-10-15,I'm A Slave 4 U,Glee Cast
2010-10-15,Stronger,Glee Cast
2010-10-15,Baby One More Time,Glee Cast
2010-10-15,Me Against The Music,Glee Cast
2010-10-15,I Am Not A Human Being,Lil Wayne
2010-10-15,Right Thru Me,Nicki Minaj
2010-10-15,Bill Gates,Lil Wayne
2010-10-15,Na Na Na (Na Na Na Na Na Na Na Na Na),My Chemical Romance
2010-10-15,Grenade,Bruno Mars
2010-10-15,Hope She Cheats On You (With A Basketball Player),Marsha Ambrosius
2010-10-22,Speak Now,Taylor Swift
2010-10-22,Runaway,Kanye West Featuring Pusha T
2010-10-22,I Want To Hold Your Hand,Glee Cast
2010-10-22,One Of Us,Glee Cast
2010-10-22,Only The Good Die Young,Glee Cast
2010-10-22,Raise Your Glass,P!nk
2010-10-22,Losing My Religion,Glee Cast
2010-10-22,Papa Can You Hear Me?,Glee Cast
2010-10-22,Bridge Over Troubled Water,Glee Cast
2010-10-22,I Look To You,Glee Cast
2010-10-22,The Lazy Song,Bruno Mars
2010-10-22,Like We Used To,A Rocket To The Moon
2010-10-22,Stereo Love,Edward Maya & Vika Jigulina
2010-10-22,Memories,David Guetta Featuring Kid Cudi
2010-10-22,Loca,Shakira Featuring El Cata or Dizzee Rascal
2010-10-29,Back To December,Taylor Swift
2010-10-29,Lucky,Glee Cast
2010-10-29,"River Deep, Mountain High",Glee Cast
2010-10-29,Happy Days Are Here Again / Get Happy,Glee Cast
2010-10-29,Don't Go Breaking My Heart,Glee Cast
2010-10-29,Move That Body,Nelly Featuring T-Pain & Akon
2010-10-29,Little Miss,Sugarland
2010-10-29,This,Darius Rucker
2010-10-29,Sing!,Glee Cast
2010-10-29,Le Jazz Hot,Glee Cast
2010-10-29,This Ain't No Love Song,Trace Adkins
2010-11-05,Mean,Taylor Swift
2010-11-05,Firework,Katy Perry
2010-11-05,Gonna Get This,Hannah Montana Featuring Iyaz
2010-11-05,Whip My Hair,WILLOW
2010-11-05,Monster,"Kanye West Featuring Jay-Z, Rick Ross, Bon Iver & Nicki Minaj"
2010-11-05,The End,Kings Of Leon
2010-11-05,What's My Name?,Rihanna Featuring Drake
2010-11-05,Rap Song,T-Pain Featuring Rick Ross
2010-11-05,Porn Star Dancing,My Darkest Days Featuring Zakk Wylde
2010-11-05,Lay It Down,Lloyd
2010-11-05,Tighten Up,The Black Keys
2010-11-05,Strip Me,Natasha Bedingfield
2010-11-12,We R Who We R,Ke$ha
2010-11-12,Sparks Fly,Taylor Swift
2010-11-12,Innocent,Taylor Swift
2010-11-12,Yeah 3X,Chris Brown
2010-11-12,The Story Of Us,Taylor Swift
2010-11-12,Dear John,Taylor Swift
2010-11-12,Better Than Revenge,Taylor Swift
2010-11-12,Haunted,Taylor Swift
2010-11-12,Last Kiss,Taylor Swift
2010-11-12,I Won't Let Go,Rascal Flatts
2010-11-12,Enchanted,Taylor Swift
2010-11-12,Mr. Rager,Kid Cudi
2010-11-12,Never Grow Up,Taylor Swift
2010-11-12,Long Live,Taylor Swift
2010-11-12,Time Warp,Glee Cast
2010-11-12,One In A Million,Ne-Yo
2010-11-12,Someone Else Calling You Baby,Luke Bryan
2010-11-19,Felt Good On My Lips,Tim McGraw
2010-11-19,Sleazy Remix 2.0 Get Sleazier,"Ke$ha Featuring Lil Wayne, Wiz Khalifa, T.I. & Andre 3000"
2010-11-19,Roman's Revenge,Nicki Minaj Featuring Eminem
2010-11-19,"Bon, Bon",Pitbull
2010-11-19,Somewhere With You,Kenny Chesney
2010-11-19,Get Back Up,T.I. Featuring Chris Brown
2010-11-19,Lo Mejor De Mi Vida Eres Tu,Ricky Martin Featuring Natalia Jimenez
2010-11-19,Sick,New Hollow
2010-11-19,Voices,Chris Young
2010-11-19,Don't You Wanna Stay,Jason Aldean With Kelly Clarkson
2010-11-19,Bullets In The Gun,Toby Keith
2010-11-19,The Big Bang,ROCKMAFIA
2010-11-19,Who Are You When I'm Not Looking,Blake Shelton
2010-11-26,Teenage Dream,Glee Cast
2010-11-26,The Time (Dirty Bit),The Black Eyed Peas
2010-11-26,Start Me Up / Livin' On A Prayer,Glee Cast
2010-11-26,Stop! In The Name Of Love / Free Your Mind,Glee Cast
2010-11-26,One Love (People Get Ready),Glee Cast
2010-11-26,Marijuana,Kid Cudi
2010-11-26,The Show Goes On,Lupe Fiasco
2010-11-26,Down On Me,Jeremih Featuring 50 Cent
2010-11-26,Hello World,Lady Antebellum
2010-11-26,What If,Jason Derulo
2010-11-26,Cannibal,Ke$ha
2010-11-26,Scott Mescudi Vs. The World,Kid Cudi Featuring Cee-Lo
2010-11-26,Make A Movie,Twista Featuring Chris Brown
2010-12-03,Forget You,Glee Cast Featuring Gwyneth Paltrow
2010-12-03,Singing In The Rain / Umbrella,Glee Cast Featuring Gwyneth Paltrow
2010-12-03,Kush,Dr. Dre Featuring Snoop Dogg & Akon
2010-12-03,S&M,Rihanna Featuring Britney Spears
2010-12-03,Liv Tonight,Nelly Featuring Keri Hilson
2010-12-03,Hold My Hand,Michael Jackson Duet With Akon
2010-12-03,Marry Me,Train
2010-12-03,Blow,Ke$ha
2010-12-03,Turn Around (5 4 3 2 1),Flo Rida
2010-12-10,Tonight (I'm Lovin' You),Enrique Iglesias Featuring Ludacris & DJ Frank E
2010-12-10,Marry You,Glee Cast
2010-12-10,Just The Way You Are,Glee Cast
2010-12-10,Dark Fantasy,"Kanye West Featuring Teyana Taylor, Nicki Minaj & Bon Iver"
2010-12-10,Coming Home,Diddy - Dirty Money Featuring Skylar Grey
2010-12-10,Show Me How You Burlesque,Christina Aguilera
2010-12-10,Pretty Girl Rock,Keri Hilson
2010-12-10,Who's That Chick?,David Guetta Featuring Rihanna
2010-12-10,Fly,Nicki Minaj Featuring Rihanna
2010-12-10,Marry You,Bruno Mars
2010-12-10,All Of The Lights,Kanye West
2010-12-10,Crazy Beautiful Life,Ke$ha
2010-12-10,Let Me Down Easy,Billy Currington
2010-12-10,Maybe,Sick Puppies
2010-12-17,Dog Days Are Over,Glee Cast
2010-12-17,Christmas Lights,Coldplay
2010-12-17,"Hey, Soul Sister",Glee Cast
2010-12-17,(I've Had) The Time Of My Life,Glee Cast
2010-12-17,Valerie,Glee Cast
2010-12-17,Who Dat Girl,Flo Rida Featuring Akon
2010-12-17,Freak The Freak Out,Victorious Cast Featuring Victoria Justice
2010-12-17,Boots,The Killers
2010-12-17,Fire Flame,Birdman Featuring Lil Wayne
2010-12-17,Rocketeer,Far*East Movement Featuring Ryan Tedder
2010-12-17,Don't Cry For Me Argentina (Lea Michele Version),Glee Cast
2010-12-24,That's All She Wrote,T.I. Featuring Eminem
2010-12-24,"Baby, It's Cold Outside",Glee Cast
2010-12-24,Welcome Christmas,Glee Cast
2010-12-24,Rolling In The Deep,Adele
2010-12-24,No BS,Chris Brown
2010-12-24,Bass Down Low,Dev Featuring The Cataracs
2010-12-24,Fall For Your Type,Jamie Foxx Featuring Drake
2010-12-31,6 Foot 7 Foot,Lil Wayne Featuring Cory Gunz
2010-12-31,Higher,Taio Cruz Featuring Travie McCoy
2010-12-31,Moment 4 Life,Nicki Minaj Featuring Drake
2010-12-31,F**kin' Perfect,P!nk
2010-12-31,What Do You Want,Jerrod Niemann
2010-12-31,Are You Gonna Kiss Me Or Not,Thompson Square
2010-12-31,When A Woman Loves,R. Kelly
2010-12-31,You Be Killin Em,Fabolous
2010-12-31,For The First Time,The Script
2010-12-31,Oh Santa!,Mariah Carey
2011-01-08,I Just Had Sex,The Lonely Island Featuring Akon
2011-01-08,This Is Country Music,Brad Paisley
2011-01-08,Hit It Again,3OH!3
2011-01-08,Do The John Wall,Troop 41
2011-01-08,I Am The Champion,B.o.B
2011-01-08,Shake Up Christmas,Train
2011-01-15,Big Night,Big Time Rush
2011-01-15,A Little Bit Stronger,Sara Evans
2011-01-22,Country Strong,Gwyneth Paltrow
2011-01-22,From A Table Away,Sunny Sweeney
2011-01-22,Make It Rain,Travis Porter
2011-01-29,Hold It Against Me,Britney Spears
2011-01-29,What The Hell,Avril Lavigne
2011-01-29,H*A*M,Kanye West Jay Z
2011-01-29,Shake Me Down,Cage The Elephant
2011-01-29,Give In To Me,Garrett Hedlund & Leighton Meester
2011-01-29,Buzzin',Mann
2011-01-29,Wildflower,The JaneDear Girls
2011-02-05,Colder Weather,Zac Brown Band
2011-02-05,Stay The Night,James Blunt
2011-02-05,"For You, And Your Denial",Yellowcard
2011-02-12,Party Rock Anthem,LMFAO Featuring Lauren Bennett & GoonRock
2011-02-12,Help Is On The Way,Rise Against
2011-02-12,Boyfriend,New Hollow
2011-02-12,Love Faces,Trey Songz
2011-02-19,I Need A Doctor,Dr. Dre Featuring Eminem & Skylar Grey
2011-02-19,Look At Me Now,Chris Brown Featuring Lil Wayne & Busta Rhymes
2011-02-19,Need You Now,Glee Cast
2011-02-19,Thriller / Heads Will Roll,Glee Cast
2011-02-19,"Bills, Bills, Bills",Glee Cast
2011-02-19,When You're Young,3 Doors Down
2011-02-19,The Creep,The Lonely Island Featuring Nicki Minaj
2011-02-19,Price Tag,Jessie J Featuring B.o.B
2011-02-19,The Ballad Of Mona Lisa,Panic! At The Disco
2011-02-19,The Cave,Mumford & Sons
2011-02-26,Born This Way,Lady Gaga
2011-02-26,Hit The Lights,Jay Sean Featuring Lil Wayne
2011-02-26,I Do,Colbie Caillat
2011-02-26,Firework,Glee Cast
2011-02-26,Silly Love Songs,Glee Cast
2011-02-26,When I Get You Alone,Glee Cast
2011-02-26,Roll Up,Wiz Khalifa
2011-02-26,Fat Bottomed Girls,Glee Cast
2011-02-26,P.Y.T. (Pretty Young Thing),Glee Cast
2011-02-26,I Won't Give Up,Jana Kramer
2011-02-26,She's Not There,Glee Cast
2011-02-26,Words I Never Said,Lupe Fiasco Featuring Skylar Grey
2011-02-26,Pray,Justin Bieber
2011-02-26,Sing,My Chemical Romance
2011-02-26,Heart Like Mine,Miranda Lambert
2011-02-26,Bleed Red,Ronnie Dunn
2011-03-05,Backseat,New Boyz Featuring The Cataracs & Dev
2011-03-05,Baby,Glee Cast
2011-03-05,Sing,Glee Cast
2011-03-05,Take Me Or Leave Me,Glee Cast
2011-03-05,Born To Be Somebody,Justin Bieber
2011-03-05,Tomorrow,Chris Young
2011-03-05,Written In The Stars,Tinie Tempah Featuring Eric Turner
2011-03-05,Just Can't Get Enough,The Black Eyed Peas
2011-03-12,On The Floor,Jennifer Lopez Featuring Pitbull
2011-03-12,Don't You Want Me,Glee Cast
2011-03-12,On My Level,Wiz Khalifa Featuring Too $hort
2011-03-12,Blame It (On The Alcohol),Glee Cast
2011-03-12,Tik Tok,Glee Cast
2011-03-12,Someone Like You,Adele
2011-03-12,Boyfriend,Big Time Rush
2011-03-12,Bow Chicka Wow Wow,Mike Posner Featuring Lil Wayne
2011-03-12,Set Fire To The Rain,Adele
2011-03-12,Welcome To My Hood,"DJ Khaled Featuring Rick Ross, Plies, Lil Wayne & T-Pain"
2011-03-12,I Smile,Kirk Franklin
2011-03-12,The Shape I'm In,Joe Nichols
2011-03-12,Country Boy,Aaron Lewis Featuring George Jones & Charlie Daniels
2011-03-19,Till The World Ends,Britney Spears Featuring Nicki Minaj & Ke$ha
2011-03-19,Rope,Foo Fighters
2011-03-19,Twisted,Gorilla Zoe Featuring Lil Jon
2011-03-19,You Lie,The Band Perry
2011-03-19,What Are Words,Chris Medina
2011-03-19,My Last,Big Sean Featuring Chris Brown
2011-03-19,Did It On'em,Nicki Minaj
2011-03-19,Walking,Mary Mary
2011-03-19,21st Century Girl,WILLOW
2011-03-26,Landslide,Glee Cast Featuring Gwyneth Paltrow
2011-03-26,Do You Wanna Touch Me (Oh Yeah),Glee Cast Featuring Gwyneth Paltrow
2011-03-26,Crazy Girl,Eli Young Band
2011-03-26,Animal,Glee Cast
2011-03-26,The Race,Wiz Khalifa
2011-03-26,Beautiful Lasers (2 Ways),Lupe Fiasco Featuring MDMA
2011-03-26,Country Song,Seether
2011-03-26,Boom,Snoop Dogg Featuring T-Pain
2011-03-26,Kiss,Glee Cast
2011-03-26,Homeboy,Eric Church
2011-03-26,Live A Little,Kenny Chesney
2011-03-26,Sure Thing,Miguel
2011-03-26,Without You,Keith Urban
2011-03-26,Where You At,Jennifer Hudson
2011-03-26,I Can't Love You Back,Easton Corbin
2011-03-26,Wish You Were Here,Avril Lavigne
2011-04-02,Loser Like Me,Glee Cast
2011-04-02,Get It Right,Glee Cast
2011-04-02,Who Says,Selena Gomez & The Scene
2011-04-02,Raise Your Glass,Glee Cast
2011-04-02,Blackbird,Glee Cast
2011-04-02,Misery,Glee Cast
2011-04-02,Hell To The No,Glee Cast
2011-04-02,Candles,Glee Cast
2011-04-02,Friday,Rebecca Black
2011-04-02,Bring It Back,Travis Porter
2011-04-02,Far Away,Marsha Ambrosius
2011-04-02,Grove St. Party,Waka Flocka Flame Featuring Kebo Gotti
2011-04-02,Arms,Christina Perri
2011-04-02,Dancing Crazy,Miranda Cosgrove
2011-04-09,No Sleep,Wiz Khalifa
2011-04-09,Next To You,Chris Brown Featuring Justin Bieber
2011-04-09,Best Love Song,T-Pain Featuring Chris Brown
2011-04-09,John,Lil Wayne Featuring Rick Ross
2011-04-09,If Heaven Wasn't So Far Away,Justin Moore
2011-04-09,Family Man,Craig Campbell
2011-04-09,Georgia Clay,Josh Kelley
2011-04-09,F**k Him He's A DJ,Ke$ha
2011-04-16,When I'm Gone,Wiz Khalifa
2011-04-16,Give Me Everything,"Pitbull Featuring Ne-Yo, Afrojack & Nayer"
2011-04-16,The Story,Sara Ramirez
2011-04-16,I Wanna Go,Britney Spears
2011-04-16,Beggin' On Your Knees,Victorious Cast Featuring Victoria Justice
2011-04-16,Racks,YC Featuring Future
2011-04-23,Honey Bee,Blake Shelton
2011-04-23,Dirt Road Anthem,Jason Aldean
2011-04-23,Hustle Hard,Ace Hood
2011-04-23,Hello,Martin Solveig & Dragonette
2011-04-23,Old Alabama,Brad Paisley Featuring Alabama
2011-04-23,Somewhere Else,Toby Keith
2011-04-30,Judas,Lady Gaga
2011-04-30,Motivation,Kelly Rowland Featuring Lil Wayne
2011-04-30,Red Nation,Game Featuring Lil Wayne
2011-04-30,She Ain't You,Chris Brown
2011-04-30,Tonight Tonight,Hot Chelle Rae
2011-04-30,Determinate,"Bridgit Mendler, Adam Hicks, Naomi Scott & Hayley Kiyoko"
2011-04-30,Barefoot Blue Jean Night,Jake Owen
2011-05-07,Country Girl (Shake It For Me),Luke Bryan
2011-05-07,Run The World (Girls),Beyonce
2011-05-07,Turning Tables,Adele
2011-05-07,Turning Tables,Glee Cast Featuring Gwyneth Paltrow
2011-05-07,All By Myself,Glee Cast
2011-05-07,Breakthrough,"Bridgit Mendler, Adam Hicks, Naomi Scott & Hayley Kiyoko"
2011-05-07,Somebody,Bridgit Mendler
2011-05-07,Papi,Jennifer Lopez
2011-05-14,I Feel Pretty / Unpretty,Glee Cast
2011-05-14,Somewhere Only We Know,Glee Cast
2011-05-14,Born This Way,Glee Cast
2011-05-14,Time After Time,Javier Colon
2011-05-14,As If We Never Said Goodbye,Glee Cast
2011-05-14,Barbra Streisand,Duck Sauce
2011-05-14,Pumped Up Kicks,Foster The People
2011-05-14,Super Bass,Nicki Minaj
2011-05-14,Whiskey,Jana Kramer
2011-05-14,Never Gonna Leave This Bed,Maroon 5
2011-05-21,Just A Kiss,Lady Antebellum
2011-05-21,Where Them Girls At,David Guetta Featuring Flo Rida & Nicki Minaj
2011-05-21,Fast Lane,Bad Meets Evil
2011-05-21,Go Your Own Way,Glee Cast
2011-05-21,Better With The Lights Off,New Boyz Feat. Chris Brown
2011-05-21,Songbird,Glee Cast
2011-05-21,Not Ready To Die,Avenged Sevenfold
2011-05-21,I'm Into You,Jennifer Lopez Featuring Lil Wayne
2011-05-21,Don't Stop,Glee Cast
2011-05-21,Never Going Back Again,Glee Cast
2011-05-21,Danza Kuduro,Don Omar & Lucenzo
2011-05-21,Am I The Only One,Dierks Bentley
2011-05-21,Dreams,Glee Cast Featuring Kristin Chenoweth
2011-05-21,Closer To The Edge,Thirty Seconds To Mars
2011-05-28,The Edge Of Glory,Lady Gaga
2011-05-28,Dirty Dancer,Enrique Iglesias With Usher Featuring Lil Wayne
2011-05-28,Rolling In The Deep,Glee Cast Featuring Jonathan Groff
2011-05-28,Friday,Glee Cast
2011-05-28,(It) Feels So Good,Steven Tyler
2011-05-28,Jar Of Hearts,Glee Cast
2011-05-28,9 Piece,Rick Ross Featuring Lil Wayne Or T.I.
2011-05-28,Isn't She Lovely,Glee Cast
2011-05-28,Jack Sparrow,The Lonely Island Featuring Michael Bolton
2011-05-28,I'm Not Gonna Teach Your Boyfriend To Dance With You,Glee Cast
2011-05-28,Knee Deep,Zac Brown Band Featuring Jimmy Buffett
2011-05-28,Dancing Queen,Glee Cast
2011-05-28,I Am Woman,Jordin Sparks
2011-06-04,Hair,Lady Gaga
2011-06-04,Ballin',Young Jeezy Featuring Lil Wayne
2011-06-04,Pure Imagination,Glee Cast
2011-06-04,Right There,Nicole Scherzinger Featuring 50 Cent
2011-06-04,I'm On One,"DJ Khaled Featuring Drake, Rick Ross & Lil Wayne"
2011-06-04,California King Bed,Rihanna
2011-06-04,Back To Black,Glee Cast
2011-06-04,Don't Wanna Go Home,Jason Derulo
2011-06-04,My Man,Glee Cast
2011-06-04,Look It Up,Ashton Shepherd
2011-06-11,I Love You This Big,Scotty McCreery
2011-06-11,Like My Mother Does,Lauren Alaina
2011-06-11,Light Up The World,Glee Cast
2011-06-11,You And I,Lady Gaga
2011-06-11,Pretending,Glee Cast
2011-06-11,1+1,Beyonce
2011-06-11,For Good,Glee Cast
2011-06-11,How To Love,Lil Wayne
2011-06-11,Rise Above 1,Reeve Carney Featuring Bono & The Edge
2011-06-11,Marry The Night,Lady Gaga
2011-06-11,Donald Trump,Mac Miller
2011-06-11,"I Love New York / New York, New York",Glee Cast
2011-06-11,You And Tequila,Kenny Chesney Featuring Grace Potter
2011-06-11,As Long As You're There,Glee Cast
2011-06-11,Man Down,Rihanna
2011-06-11,Out Of My Head,Lupe Fiasco Featuring Trey Songz
2011-06-18,Every Teardrop Is A Waterfall,Coldplay
2011-06-18,International Love,Pitbull Featuring Chris Brown
2011-06-18,Best Thing I Never Had,Beyonce
2011-06-18,Iridescent,Linkin Park
2011-06-18,Unusual,Trey Songz Featuring Drake
2011-06-18,Take A Back Road,Rodney Atkins
2011-06-18,Best Friend's Brother,Victorious Cast Featuring Victoria Justice
2011-06-18,Keep Your Head Up,Andy Grammer
2011-06-18,Cat Daddy,Rej3ctz
2011-06-18,Just Fishin',Trace Adkins
2011-06-25,Monster,Paramore
2011-06-25,Remind Me,Brad Paisley Duet With Carrie Underwood
2011-06-25,Pause,Pitbull
2011-06-25,Heartless,Dia Frampton
2011-06-25,Bang Bang Bang,Selena Gomez & The Scene
2011-06-25,Made In America,Toby Keith
2011-06-25,Not Over You,Gavin DeGraw
2011-06-25,You,Romeo Santos
2011-06-25,Teenage Daughters,Martina McBride
2011-07-02,Lighters,Bad Meets Evil Featuring Bruno Mars
2011-07-02,Angel,Javier Colon
2011-07-02,Today Is Your Day,Shania Twain
2011-07-02,Rain Over Me,Pitbull Featuring Marc Anthony
2011-07-02,Jolene,Vicci Martinez
2011-07-02,Stereo Hearts,Gym Class Heroes Featuring Adam Levine
2011-07-02,Black Horse And The Cherry Tree,Casey Weston
2011-07-02,See No More,Joe Jonas
2011-07-02,Take Over Control,Afrojack Featuring Eva Simons
2011-07-02,Love Done Gone,Billy Currington
2011-07-02,Price Tag,Xenia
2011-07-09,Moves Like Jagger,Maroon 5 Featuring Christina Aguilera
2011-07-09,Fix You,Javier Colon
2011-07-09,Losing My Religion,Dia Frampton
2011-07-09,Dog Days Are Over,Vicci Martinez
2011-07-09,Shake Senora,Pitbull Featuring T-Pain & Sean Paul
2011-07-09,Love You Like A Love Song,Selena Gomez & The Scene
2011-07-09,The Man Who Can't Be Moved,Xenia
2011-07-09,Watch Me,Bella Thorne & Zendaya
2011-07-09,So In Love,Jill Scott Featuring Anthony Hamilton
2011-07-09,"Save Me, San Francisco",Train
2011-07-09,Country Must Be Country Wide,Brantley Gilbert
2011-07-16,Stitch By Stitch,Javier Colon
2011-07-16,Inventing Shadows,Dia Frampton
2011-07-16,Man In The Mirror,Adam Levine & Javier Colon
2011-07-16,I Won't Back Down,Blake Shelton & Dia Frampton
2011-07-16,Here For A Good Time,George Strait
2011-07-16,Little Bad Girl,David Guetta Featuring Taio Cruz & Ludacris
2011-07-16,Beautiful,Christina Aguilera & Beverly McClellan
2011-07-16,Afraid To Sleep,Vicci Martinez
2011-07-16,Moving To Mars,Coldplay
2011-07-16,Major Minus,Coldplay
2011-07-16,Pretty Girls,Iyaz Featuring Travie McCoy
2011-07-16,High,Big Sean Featuring Wiz Khalifa
2011-07-23,Novacane,Frank Ocean
2011-07-23,Work Out,J. Cole
2011-07-23,I Wouldn't Be A Man,Josh Turner
2011-07-23,Smile,Avril Lavigne
2011-07-23,Taboo,Don Omar
2011-07-23,Walk,Foo Fighters
2011-07-30,Skyscraper,Demi Lovato
2011-07-30,Booty Wurk (One Cheek At A Time),T-Pain Featuring Joey Galaxy
2011-07-30,God Gave Me You,Blake Shelton
2011-07-30,You Make Me Feel...,Cobra Starship Featuring Sabi
2011-07-30,What If,Colbie Caillat
2011-07-30,Up All Night,blink-182
2011-07-30,Long Hot Summer,Keith Urban
2011-07-30,Mr. Saxobeat,Alexandra Stan
2011-08-06,The Adventures Of Rain Dance Maggie,Red Hot Chili Peppers
2011-08-06,Otis,Jay Z Kanye West Featuring Otis Redding
2011-08-06,Marvins Room,Drake
2011-08-06,Outlaw,50 Cent
2011-08-06,Marvin & Chardonnay,Big Sean Featuring Kanye West & Roscoe Dash
2011-08-06,Quickie,Miguel
2011-08-06,Oh My,"DJ Drama Featuring Fabolous, Roscoe Dash & Wiz Khalifa"
2011-08-13,Gucci Gucci,Kreayshawn
2011-08-13,Easy,Rascal Flatts Featuring Natasha Bedingfield
2011-08-13,Cheers (Drink To That),Rihanna
2011-08-13,Don't Stop The Party,The Black Eyed Peas
2011-08-13,Rumour Has It,Adele
2011-08-13,Fish,Craig Campbell
2011-08-13,Faster,Matt Nathanson
2011-08-13,One More Drinkin' Song,Jerrod Niemann
2011-08-20,Under And Over It,Five Finger Death Punch
2011-08-20,Lights,Ellie Goulding
2011-08-20,Ships In The Night,Mat Kearney
2011-08-20,In The Dark,Dev
2011-08-20,Till I'm Gone,Tinie Tempah Featuring Wiz Khalifa
2011-08-20,Far Away,Tyga Featuring Chris Richardson
2011-08-27,Headlines,Drake
2011-08-27,It Girl,Jason Derulo
2011-08-27,Who Gon Stop Me,Jay Z Kanye West
2011-08-27,Titanium,David Guetta Featuring Sia
2011-08-27,Baggage Claim,Miranda Lambert
2011-08-27,What You Want,Evanescence
2011-08-27,Ni**as in Paris,Jay Z Kanye West
2011-08-27,We Don't Get Down Like Y'all,T.I. Featuring B.o.B.
2011-08-27,Drunk On You,Luke Bryan
2011-08-27,Nothing,The Script
2011-08-27,Mrs. Right,Mindless Behavior Featuring Diggy
2011-09-03,She Will,Lil Wayne Featuring Drake
2011-09-03,We Owned The Night,Lady Antebellum
2011-09-03,Frick Park Market,Mac Miller
2011-09-03,Don't Hold Your Breath,Nicole Scherzinger
2011-09-03,Sail,AWOLNATION
2011-09-03,Brighter Than The Sun,Colbie Caillat
2011-09-03,I Got You,Thompson Square
2011-09-10,Hell On Heels,Pistol Annies
2011-09-10,I'm Gonna Love You Through It,Martina McBride
2011-09-10,Night Of Your Life,David Guetta Featuring Jennifer Hudson
2011-09-10,Love Don't Run,Steve Holy
2011-09-10,What The Water Gave Me,Florence + The Machine
2011-09-10,Cost Of Livin',Ronnie Dunn
2011-09-10,That Way,Wale Featuring Jeremih & Rick Ross
2011-09-10,Martians Vs Goblins,"Game Featuring Lil Wayne & Tyler, The Creator"
2011-09-17,Mirror,Lil Wayne Featuring Bruno Mars
2011-09-17,Love On Top,Beyonce
2011-09-17,Blunt Blowin,Lil Wayne
2011-09-17,Turn Me On,David Guetta Featuring Nicki Minaj
2011-09-17,Without You,David Guetta Featuring Usher
2011-09-17,Beautiful People,Chris Brown Featuring Benny Benassi
2011-09-17,Dancin' Away With My Heart,Lady Antebellum
2011-09-17,MegaMan,Lil Wayne
2011-09-17,My Body,Young The Giant
2011-09-17,Sexy And I Know It,LMFAO
2011-09-17,It's Good,Lil Wayne Featuring Drake & Jadakiss
2011-09-17,Good Feeling,Flo Rida
2011-09-17,How To Hate,Lil Wayne Featuring T-Pain
2011-09-17,Nightmares Of The Bottom,Lil Wayne
2011-09-17,President Carter,Lil Wayne
2011-09-17,So Special,Lil Wayne Featuring John Legend
2011-09-24,Mr. Know It All,Kelly Clarkson
2011-09-24,Wanted You More,Lady Antebellum
2011-09-24,Police Dog Blues,Hugh Laurie
2011-09-24,The Trouble With Girls,Scotty McCreery
2011-09-24,Disaster,JoJo
2011-09-24,All Your Life,The Band Perry
2011-09-24,Wet The Bed,Chris Brown Feat. Ludacris
2011-10-01,Paradise,Coldplay
2011-10-01,I Got Nothin',Darius Rucker
2011-10-01,Body And Soul,Tony Bennett & Amy Winehouse
2011-10-01,Let It Rain,David Nail Featuring Sarah Buxton
2011-10-01,Body 2 Body,Ace Hood Featuring Chris Brown
2011-10-01,Got 2 Luv U,Sean Paul Featuring Alexis Jordan
2011-10-01,You Don't Know Her Like I Do,Brantley Gilbert
2011-10-08,We Found Love,Rihanna Featuring Calvin Harris
2011-10-08,It's Not Unusual,Glee Cast
2011-10-08,You Can't Stop The Beat,Glee Cast
2011-10-08,Y.U. Mad,Birdman Featuring Nicki Minaj & Lil Wayne
2011-10-08,Fix A Heart,Demi Lovato
2011-10-08,Tattoos On This Town,Jason Aldean
2011-10-08,We Got The Beat,Glee Cast
2011-10-08,Drink In My Hand,Eric Church
2011-10-08,Unbroken,Demi Lovato
2011-10-15,Strange Clouds,B.o.B Featuring Lil Wayne
2011-10-15,It Will Rain,Bruno Mars
2011-10-15,When We Stand Together,Nickelback
2011-10-15,5 O'Clock,T-Pain Featuring Wiz Khalifa & Lily Allen
2011-10-15,Somewhere,Glee Cast
2011-10-15,Dedication To My Ex (Miss That),Lloyd Featuring Andre 3000 & Lil Wayne
2011-10-15,Fight For You,Jason Derulo
2011-10-15,After Midnight,blink-182
2011-10-15,I Don't Want This Night To End,Luke Bryan
2011-10-15,Keep Me In Mind,Zac Brown Band
2011-10-15,Calling All The Monsters,China Anne McClain
2011-10-22,Crawling Back To You,Daughtry
2011-10-22,I Like It Like That,Hot Chelle Rae Featuring New Boyz
2011-10-22,Fix You,Glee Cast
2011-10-22,Hangover,Taio Cruz Featuring Flo Rida
2011-10-22,I'm Flexin',T.I. Featuring Big K.R.I.T.
2011-10-22,I Like How It Feels,Enrique Iglesias Featuring Pitbull & The WAV.s
2011-10-22,Run The World (Girls),Glee Cast
2011-10-22,Dance (A$$),Big Sean Featuring Nicki Minaj
2011-10-22,Party,Beyonce Featuring Andre 3000
2011-10-29,"Young, Wild & Free",Snoop Dogg & Wiz Khalifa Featuring Bruno Mars
2011-10-29,Heartbeat,The Fray
2011-10-29,Countdown,Beyonce
2011-10-29,Still Got It,Tyga Featuring Drake
2011-10-29,Good Good Night,Roscoe Dash
2011-10-29,Criminal,Britney Spears
2011-10-29,The One That Got Away,Katy Perry
2011-10-29,Domino,Jessie J
2011-10-29,Make Me Proud,Drake Featuring Nicki Minaj
2011-10-29,Lost In Paradise,Evanescence
2011-11-05,Mistletoe,Justin Bieber
2011-11-05,A Thousand Years,Christina Perri
2011-11-05,You The Boss,Rick Ross Featuring Nicki Minaj
2011-11-05,You,Chris Young
2011-11-05,Promise,Romeo Santos Featuring Usher
2011-11-05,Focused,Wale Featuring Kid Cudi
2011-11-12,Princess Of China,Coldplay Featuring Rihanna
2011-11-12,Red Solo Cup,Toby Keith
2011-11-12,Sweat,Bow Wow Featuring Lil Wayne
2011-11-12,The Christmas Song (Chestnuts Roasting On An Open Fire),Justin Bieber Featuring Usher
2011-11-12,Stronger (What Doesn't Kill You),Kelly Clarkson
2011-11-12,Shake It Out,Florence + The Machine
2011-11-12,Lotus Flower Bomb,Wale Featuring Miguel
2011-11-12,Lonely Boy,The Black Keys
2011-11-12,Lessons In Love,Kaskade Featuring Neon Trees
2011-11-12,Storm Warning,Hunter Hayes
2011-11-12,Bait A Hook,Justin Moore
2011-11-19,Party On Fifth Ave.,Mac Miller
2011-11-19,Last Friday Night,Glee Cast
2011-11-19,Ambition,Wale Featuring Meek Mill & Rick Ross
2011-11-19,All I Want For Christmas Is You (SuperFestive!),Justin Bieber Duet With Mariah Carey
2011-11-19,Blackout,Breathe Carolina
2011-11-19,Over You,Miranda Lambert
2011-11-19,Reality,Kenny Chesney
2011-11-19,Drummer Boy,Justin Bieber Featuring Busta Rhymes
2011-11-19,First Of The Year (Equinox),Skrillex
2011-11-26,If This Was A Movie,Taylor Swift
2011-11-26,Ours,Taylor Swift
2011-11-26,Superman,Taylor Swift
2011-11-26,Run,Matt Nathanson Featuring Sugarland
2011-11-26,Smile Back,Mac Miller
2011-11-26,Footloose,Blake Shelton
2011-11-26,Uptown Girl,Glee Cast
2011-11-26,Home,Dierks Bentley
2011-11-26,You Da One,Rihanna
2011-11-26,Come Home,Faith Hill
2011-12-03,Take Care,Drake Featuring Rihanna
2011-12-03,Rumour Has It / Someone Like You,Glee Cast
2011-12-03,The Motto,Drake Featuring Lil Wayne
2011-12-03,Levels,Avicii
2011-12-03,Hate Sleeping Alone,Drake
2011-12-03,You And  I / You And I,Glee Cast
2011-12-03,I Can't Go For That / You Make My Dreams,Glee Cast
2011-12-03,Hit Me With Your Best Shot / One Way Or Another,Glee Cast
2011-12-03,We'll Be Fine,Drake Featuring Birdman
2011-12-03,HYFR (Hell Ya F*****g Right),Drake Featuring Lil Wayne
2011-12-03,Shot For Me,Drake
2011-12-10,Talk That Talk,Rihanna Featuring Jay-Z
2011-12-10,T.H.E (The Hardest Ever),will.i.am Featuring Mick Jagger & Jennifer Lopez
2011-12-10,Where Have You Been,Rihanna
2011-12-10,Strip,Chris Brown Featuring Kevin K-MAC McCall
2011-12-10,Lullaby,Nickelback
2011-12-10,Rack City,Tyga
2011-12-10,Tonight Is The Night,Outasight
2011-12-10,El Verdadero Amor Perdona,Mana Featuring Prince Royce
2011-12-17,Perfect,Glee Cast
2011-12-17,Girls Just Want To Have Fun,Glee Cast
2011-12-17,Roman In Moscow,Nicki Minaj
2011-12-17,I Kissed A Girl,Glee Cast
2011-12-17,Tongue Tied,Grouplove
2011-12-17,Can't Get Enough,J. Cole Featuring Trey Songz
2011-12-17,I'm The Only One,Glee Cast
2011-12-17,Constant Craving,Glee Cast
2011-12-17,It's Beginning To Look A Lot Like Christmas,Michael Buble
2011-12-17,Camouflage,Brad Paisley
2011-12-24,We Are Young,Glee Cast
2011-12-24,Bang Bang Pow Pow,T-Pain Featuring Lil Wayne
2011-12-24,Survivor / I Will Survive,Glee Cast
2011-12-24,We Are Young,fun. Featuring Janelle Monae
2011-12-24,Man In The Mirror,Glee Cast
2011-12-24,ABC,Glee Cast
2011-12-24,Alone With You,Jake Owen
2011-12-24,You Gonna Fly,Keith Urban
2011-12-24,Red Solo Cup,Glee Cast
2011-12-24,I'll Be Home For Christmas,Kelly Clarkson
2011-12-24,Round Of Applause,Waka Flocka Flame Featuring Drake
2011-12-24,Amen,Edens Edge
2011-12-31,Better Than I Used To Be,Tim McGraw
2011-12-31,Do They Know It's Christmas?,Glee Cast
2011-12-31,A Woman Like You,Lee Brice
2011-12-31,All I Want For Christmas Is You,Michael Buble
2011-12-31,Ass Back Home,Gym Class Heroes Featuring Neon Hitch
2012-01-01,Safe & Sound,Taylor Swift Featuring The Civil Wars
2012-01-01,Wild Ones,Flo Rida Featuring Sia
2012-01-01,I Do,Young Jeezy Featuring Jay-Z & Andre 3000
2012-01-01,Scary Monsters And Nice Sprites,Skrillex
2012-01-01,Better Than I Know Myself,Adam Lambert
2012-01-01,Stupid Hoe,Nicki Minaj
2012-01-01,Knock Knock,Mac Miller
2012-01-01,Wobble,V.I.C.
2012-01-08,The Champ,Nelly
2012-01-08,Play The Guitar,B.o.B Featuring Andre 3000
2012-01-15,I Won't Give Up,Jason Mraz
2012-01-15,Kyoto,Skrillex Featuring Sirah
2012-01-15,Set You Free,3OH!3
2012-01-15,Somebody That I Used To Know,Gotye Featuring Kimbra
2012-01-15,Where I Come From,Montgomery Gentry
2012-01-15,Gotta Have It,Jay Z Kanye West
2012-01-22,Drive By,Train
2012-01-22,Tattoo,Van Halen
2012-01-22,Called Out In The Dark,Snow Patrol
2012-01-22,Glad You Came,The Wanted
2012-01-22,Video Games,Lana Del Rey
2012-01-22,Don't Stop (Color On The Walls),Foster The People
2012-01-22,Wild Boy,MGK Featuring Waka Flocka Flame
2012-01-29,Without You,Glee Cast
2012-01-29,Faded,Tyga Featuring Lil Wayne
2012-01-29,We Found Love,Glee Cast
2012-01-29,Moves Like Jagger / Jumpin' Jack Flash,Glee Cast
2012-01-29,The First Time Ever I Saw Your Face,Glee Cast
2012-01-29,Summer Nights,Glee Cast
2012-01-29,Mr. Wrong,Mary J. Blige Featuring Drake
2012-01-29,Love's Gonna Make It Alright,George Strait
2012-01-29,No Church In The Wild,Jay Z Kanye West Featuring Frank Ocean
2012-02-05,Drink On It,Blake Shelton
2012-02-05,Sorry For Party Rocking,LMFAO
2012-02-05,Do It Like You,Diggy Featuring Jeremih
2012-02-12,Give Me All Your Luvin',Madonna Featuring Nicki Minaj & M.I.A.
2012-02-12,Smooth Criminal,Glee Cast Featuring 2Cellos
2012-02-12,Human Nature,Glee Cast
2012-02-12,Black Or White,Glee Cast
2012-02-12,Wanna Be Startin' Somethin',Glee Cast
2012-02-12,Bad,Glee Cast
2012-02-12,4 AM,Melanie Fiona
2012-02-19,I Will Always Love You,Whitney Houston
2012-02-19,I Wanna Dance With Somebody (Who Loves Me),Whitney Houston
2012-02-19,Greatest Love Of All,Whitney Houston
2012-02-19,Ima Boss,"Meek Mill Featuring T.I., Birdman, Lil Wayne, DJ Khaled, Rick Ross & Swizz Beatz"
2012-02-19,Say Aah,Lindsey Pavao
2012-02-19,Sexy And I Know It,Glee Cast Featuring Ricky Martin
2012-02-19,Somethin' 'Bout A Truck,Kip Moore
2012-02-19,Feel So Close,Calvin Harris
2012-02-19,Drank In My Cup,Kirko Bangz
2012-02-19,La Isla Bonita,Glee Cast Featuring Ricky Martin
2012-02-19,Snitches Ain't...,"YG Featuring Tyga, Snoop Dogg & Nipsey Hussle"
2012-02-26,Part Of Me,Katy Perry
2012-02-26,Starships,Nicki Minaj
2012-02-26,Turn Up The Music,Chris Brown
2012-02-26,What Makes You Beautiful,One Direction
2012-02-26,How Will I Know,Whitney Houston
2012-02-26,Runaway Baby,Bruno Mars
2012-02-26,Banjo,Rascal Flatts
2012-02-26,I Will Always Love You,Glee Cast
2012-02-26,I Can Only Imagine,David Guetta Featuring Chris Brown & Lil Wayne
2012-02-26,Stereo Hearts,Glee Cast
2012-02-26,Bangarang,Skrillex Featuring Sirah
2012-02-26,Raise Your Weapon,deadmau5 Featuring Greta Svabo Bech
2012-03-04,So Good,B.o.B
2012-03-04,Good Girl,Carrie Underwood
2012-03-04,Call Me Maybe,Carly Rae Jepsen
2012-03-04,Fly / I Believe I Can Fly,Glee Cast
2012-03-04,Some Nights,fun.
2012-03-04,Birthday Cake,Rihanna Featuring Chris Brown
2012-03-04,Cough Syrup,Glee Cast
2012-03-04,What Doesn't Kill You (Stronger),Glee Cast
2012-03-04,Here's To Us,Glee Cast
2012-03-04,Mutha***** Up,Tyga Featuring Nicki Minaj
2012-03-04,Climax,Usher
2012-03-04,Glad You Came,Glee Cast
2012-03-04,Make It Nasty,Tyga
2012-03-04,Fly Over States,Jason Aldean
2012-03-04,Cough Syrup,Young The Giant
2012-03-11,Live My Life,Far*East Movement Featuring Justin Bieber
2012-03-11,Roman Reloaded,Nicki Minaj Featuring Lil Wayne
2012-03-11,Springsteen,Eric Church
2012-03-11,Ayy Ladies,Travis Porter Featuring Tyga
2012-03-11,UP!,LoveRance Featuring IamSu & Skipper or 50 Cent
2012-03-11,Magic,Future Featuring T.I.
2012-03-11,Thank You,Estelle
2012-03-18,Shadow Days,John Mayer
2012-03-18,Midnight City,M83.
2012-03-18,Brokenhearted,Karmin
2012-03-18,No Hurry,Zac Brown Band
2012-03-18,Sex Ain't Better Than Love,Trey Songz
2012-03-25,Changed,Rascal Flatts
2012-03-25,Everybody Talks,Neon Trees
2012-03-25,One Thing,One Direction
2012-03-25,Even If It Breaks Your Heart,Eli Young Band
2012-03-25,Leave You Alone,Young Jeezy Featuring Ne-Yo
2012-03-25,TTYLXOX,Bella Thorne
2012-04-01,Eyes Open,Taylor Swift
2012-04-01,Too Close,Alex Clare
2012-04-01,Come Away To The Water,Maroon 5 Featuring Rozzi Crane
2012-04-01,This Ole Boy,Craig Morgan
2012-04-01,Bully,Shinedown
2012-04-01,We Run The Night,Havana Brown Featuring Pitbull
2012-04-01,Crew Love,Drake Featuring The Weeknd
2012-04-08,Boyfriend,Justin Bieber
2012-04-08,I Dont Really Care,Waka Flocka Flame Featuring Trey Songz
2012-04-08,Heart Attack,Trey Songz
2012-04-08,She Doesn't Mind,Sean Paul
2012-04-08,Back In Time,Pitbull
2012-04-08,Time Is Love,Josh Turner
2012-04-08,Ai Se Eu Te Pego,Michel Telo
2012-04-08,Got My Country On,Chris Cagle
2012-04-08,Naked,Dev & Enrique Iglesias
2012-04-15,Dance Again,Jennifer Lopez Featuring Pitbull
2012-04-15,Mercy,"Kanye West, Big Sean, Pusha T, 2 Chainz"
2012-04-15,Feel Like A Rock Star,Kenny Chesney & Tim McGraw
2012-04-15,Right By My Side,Nicki Minaj Featuring Chris Brown
2012-04-15,Take It To The Head,"DJ Khaled Featuring Chris Brown, Rick Ross, Nicki Minaj & Lil Wayne"
2012-04-15,Give Your Heart A Break,Demi Lovato
2012-04-15,Beez In The Trap,Nicki Minaj Featuring 2 Chainz
2012-04-15,Va Va Voom,Nicki Minaj
2012-04-15,Love This Life,T.I.
2012-04-15,Another Round,Fat Joe Featuring Chris Brown
2012-04-15,Fine By Me,Andy Grammer
2012-04-15,Little Talks,Of Monsters And Men
2012-04-15,(Kissed You) Good Night,Gloriana
2012-04-15,Is Anybody Out There?,K'Naan Featuring Nelly Furtado
2012-04-22,Somebody That I Used To Know,Glee Cast
2012-04-22,Cashin' Out,Ca$h Out
2012-04-22,Roxanne,Juliet Simms
2012-04-22,Think Like A Man,Jennifer Hudson & Ne-Yo Featuring Rick Ross
2012-04-22,Hungry Like The Wolf / Rio,Glee Cast
2012-04-29,Payphone,Maroon 5 Featuring Wiz Khalifa
2012-04-29,Burn It Down,Linkin Park
2012-04-29,Loud,Mac Miller
2012-04-29,Stay Schemin,Rick Ross Featuring Drake & French Montana
2012-04-29,Way Too Cold,Kanye West Featuring DJ Khaled
2012-04-29,Sweet Love,Chris Brown
2012-04-29,Beers Ago,Toby Keith
2012-04-29,Eyes Wide Open,Gotye
2012-04-29,Tonight (Best You Ever Had),John Legend Featuring Ludacris
2012-04-29,Same Damn Time,Future
2012-05-06,"Work Hard, Play Hard",Wiz Khalifa
2012-05-06,Whistle,Flo Rida
2012-05-06,How Will I Know,Glee Cast
2012-05-06,Scream,Usher
2012-05-06,Let's Go,Calvin Harris Featuring Ne-Yo
2012-05-06,It's Not Right But It's Okay,Glee Cast
2012-05-06,Wanted,Hunter Hayes
2012-05-13,Both Of Us,B.o.B Featuring Taylor Swift
2012-05-13,Blown Away,Carrie Underwood
2012-05-13,"It's A Man's, Man's, Man's World",Juliet Simms
2012-05-13,Shake It Out,Glee Cast
2012-05-13,Why Ya Wanna,Jana Kramer
2012-05-13,Postcard From Paris,The Band Perry
2012-05-20,No Lie,2 Chainz Featuring Drake
2012-05-20,99 Problems,Tony Lucca
2012-05-20,Turn To You (Mother's Day Dedication),Justin Bieber
2012-05-20,Yesterday,Adam Levine & Tony Lucca
2012-05-20,I Believe I Can Fly,Jermaine Paul
2012-05-20,The Prayer,Christina Aguilera & Chris Mann
2012-05-20,5-1-5-0,Dierks Bentley
2012-05-20,Lemme See,Usher Featuring Rick Ross
2012-05-27,Come Over,Kenny Chesney
2012-05-27,Nobody's Perfect,J. Cole Featuring Missy Elliott
2012-05-27,The Fighter,Gym Class Heroes Featuring Ryan Tedder
2012-05-27,Angel Eyes,Love And Theft
2012-05-27,Cowboys And Angels,Dustin Lynch
2012-06-03,Home,Phillip Phillips
2012-06-03,Wide Awake,Katy Perry
2012-06-03,Around My Way (Freedom Ain't Free),Lupe Fiasco
2012-06-03,Don't Wake Me Up,Chris Brown
2012-06-03,Undefeated,Jason Derulo
2012-06-03,How We Do (Party),Rita Ora
2012-06-03,We've Got Tonight,Phillip Phillips
2012-06-10,Die In Your Arms,Justin Bieber
2012-06-10,I'm All Yours,Jay Sean Featuring Pitbull
2012-06-10,Chasing The Sun,The Wanted
2012-06-10,For You,Keith Urban
2012-06-17,All Around The World,Justin Bieber Featuring Ludacris
2012-06-17,My Homies Still,Lil Wayne Featuring Big Sean
2012-06-17,Pontoon,Little Big Town
2012-06-17,Get Low,"Waka Flocka Flame Featuring Nicki Minaj, Tyga & Flo Rida"
2012-06-17,Ho Hey,The Lumineers
2012-06-17,It's Time,Imagine Dragons
2012-06-17,Gold On The Ceiling,The Black Keys
2012-06-17,Glass,Thompson Square
2012-06-24,As Long As You Love Me,Justin Bieber Featuring Big Sean
2012-06-24,Want U Back,Cher Lloyd
2012-06-24,Over,Blake Shelton
2012-06-24,She's So Mean,matchbox twenty
2012-06-24,Hard To Love,Lee Brice
2012-06-24,Snap Backs & Tattoos,Driicky Graham
2012-07-01,One More Night,Maroon 5
2012-07-01,Beauty And A Beat,Justin Bieber Featuring Nicki Minaj
2012-07-01,Amen,Meek Mill Featuring Drake
2012-07-01,Dark Side,Kelly Clarkson
2012-07-01,Right Here,Justin Bieber Featuring Drake
2012-07-01,Lovin' You Is Fun,Easton Corbin
2012-07-08,Good Time,Owl City & Carly Rae Jepsen
2012-07-08,Wipe Your Eyes,Maroon 5
2012-07-08,Promises,NERO
2012-07-08,Bag Of Money,"Wale Featuring Rick Ross, Meek Mill & T-Pain"
2012-07-08,Lost In The Echo,Linkin Park
2012-07-08,Windows Down,Big Time Rush
2012-07-08,The Wind,Zac Brown Band
2012-07-15,Blow Me (One Last Kiss),P!nk
2012-07-15,Truck Yeah,Tim McGraw
2012-07-15,I Wish You Would,DJ Khaled Featuring Kanye West & Rick Ross
2012-07-15,2 Reasons,Trey Songz Featuring T.I.
2012-07-15,Get It Started,Pitbull Featuring Shakira
2012-07-22,Thinkin Bout You,Frank Ocean
2012-07-22,Pop That,"French Montana Featuring Rick Ross, Drake, Lil Wayne"
2012-07-22,Something To Do With My Hands,Thomas Rhett
2012-07-22,The A Team,Ed Sheeran
2012-07-22,50 Ways To Say Goodbye,Train
2012-07-22,That's Why I Pray,Big & Rich
2012-07-29,Take A Little Ride,Jason Aldean
2012-07-29,Settle Down,No Doubt
2012-07-29,Go Get It,T.I.
2012-07-29,Runaways,The Killers
2012-07-29,Mercy,Dave Matthews Band
2012-08-05,New God Flow,Pusha T Kanye West
2012-08-05,Birthday Song,2 Chainz Featuring Kanye West
2012-08-05,Pound The Alarm,Nicki Minaj
2012-08-05,Fastest Girl In Town,Miranda Lambert
2012-08-05,Come Wake Me Up,Rascal Flatts
2012-08-05,Neon,Chris Young
2012-08-12,New Day,50 Cent Featuring Dr. Dre & Alicia Keys
2012-08-12,Adorn,Miguel
2012-08-12,Diced Pineapples,Rick Ross Featuring Wale & Drake
2012-08-12,Radioactive,Imagine Dragons
2012-08-12,Enough Of No Love,Keyshia Cole Featuring Lil Wayne
2012-08-12,Let Me Love You (Until You Learn To Love Yourself),Ne-Yo
2012-08-12,Swimming Pools (Drank),Kendrick Lamar
2012-08-19,I Will Wait,Mumford & Sons
2012-08-19,We Are Never Ever Getting Back Together,Taylor Swift
2012-08-19,Turn On The Lights,Future
2012-08-19,The One That Got Away,Jake Owen
2012-08-19,Oh Love,Green Day
2012-08-26,Yuck!,2 Chainz Featuring Lil Wayne
2012-08-26,Lamborghini Angels,Lupe Fiasco
2012-08-26,Put It Down,Brandy Featuring Chris Brown
2012-08-26,Cruise,Florida Georgia Line Featuring Nelly
2012-09-02,Madness,Muse
2012-09-02,Hall Of Fame,The Script Featuring will.i.am
2012-09-02,Kiss Tomorrow Goodbye,Luke Bryan
2012-09-02,Dive In,Trey Songz
2012-09-02,Creepin',Eric Church
2012-09-02,Throw That,Slaughterhouse Featuring Eminem
2012-09-02,I Don't Like,Chief Keef Featuring Lil Reese
2012-09-09,Feel Again,OneRepublic
2012-09-09,Battle Scars,Lupe Fiasco & Guy Sebastian
2012-09-09,Hello,Karmin
2012-09-09,Shinin' On Me,Jerrod Niemann
2012-09-09,Thrift Shop,Macklemore & Ryan Lewis Featuring Wanz
2012-09-09,Take A Walk,Passion Pit
2012-09-09,Ice,Kelly Rowland Featuring Lil Wayne
2012-09-16,Ronan,Taylor Swift
2012-09-16,Girl On Fire,Alicia Keys Featuring Nicki Minaj
2012-09-16,Clique,"Kanye West, Jay-Z, Big Sean"
2012-09-16,Gangnam Style,PSY
2012-09-16,No Worries,Lil Wayne Featuring Detail
2012-09-16,Dance For You,Beyonce
2012-09-23,Bandz A Make Her Dance,Juicy J Featuring Lil Wayne & 2 Chainz
2012-09-23,Between The Raindrops,Lifehouse Featuring Natasha Bedingfield
2012-09-23,This Kiss,Carly Rae Jepsen
2012-09-23,Finally Found You,Enrique Iglesias Featuring Sammy Adams
2012-09-23,It's Time,Glee Cast
2012-09-23,Heart Skips A Beat,Olly Murs Featuring Chiddy Bang
2012-09-23,Til My Last Day,Justin Moore
2012-09-30,Your Body,Christina Aguilera
2012-09-30,Try,P!nk
2012-09-30,Don't You Worry Child,Swedish House Mafia Featuring John Martin
2012-09-30,To The World,"Kanye West, R. Kelly"
2012-09-30,Celebration,"Game Featuring Chris Brown, Tyga, Wiz Khalifa & Lil Wayne"
2012-09-30,Beautiful,Carly Rae Jepsen Featuring Justin Bieber
2012-09-30,Numb,Usher
2012-09-30,Beer Money,Kip Moore
2012-09-30,Did It For The Girl,Greg Bates
2012-10-07,Begin Again,Taylor Swift
2012-10-07,Die Young,Ke$ha
2012-10-07,Diamonds,Rihanna
2012-10-07,Babel,Mumford & Sons
2012-10-07,I Cry,Flo Rida
2012-10-07,Lover's Eyes,Mumford & Sons
2012-10-07,Whispers In The Dark,Mumford & Sons
2012-10-07,Don't Stop The Party,Pitbull Featuring TJR
2012-10-07,Holland Road,Mumford & Sons
2012-10-07,Ghosts That We Knew,Mumford & Sons
2012-10-14,Live While We're Young,One Direction
2012-10-14,Red,Taylor Swift
2012-10-14,Skyfall,Adele
2012-10-14,Locked Out Of Heaven,Bruno Mars
2012-10-14,Southern Comfort Zone,Brad Paisley
2012-10-14,Just What I Am,Kid Cudi Featuring King Chip
2012-10-14,Every Storm (Runs Out Of Rain),Gary Allan
2012-10-14,The Scientist,Glee Cast
2012-10-14,Lover Of The Light,Mumford & Sons
2012-10-14,My Moment,"DJ Drama Featuring 2 Chainz, Meek Mill & Jeremih"
2012-10-14,How Country Feels,Randy Houser
2012-10-21,I Knew You Were Trouble.,Taylor Swift
2012-10-21,Anything Could Happen,Ellie Goulding
2012-10-21,El Cerrito Place,Kenny Chesney
2012-10-21,Goodbye In Her Eyes,Zac Brown Band
2012-10-28,State Of Grace,Taylor Swift
2012-10-28,Ball,T.I. Featuring Lil Wayne
2012-10-28,Catch My Breath,Kelly Clarkson
2012-10-28,Night Train,Jason Aldean
2012-10-28,Sweet Nothing,Calvin Harris Featuring Florence Welch
2012-10-28,Ready Or Not,Bridgit Mendler
2012-11-04,22,Taylor Swift
2012-11-04,I Almost Do,Taylor Swift
2012-11-04,Everything Has Changed,Taylor Swift Featuring Ed Sheeran
2012-11-04,Poetic Justice,Kendrick Lamar Featuring Drake
2012-11-04,All Too Well,Taylor Swift
2012-11-04,Stay Stay Stay,Taylor Swift
2012-11-04,Fade Into You,Sam Palladio & Clare Bowen
2012-11-04,m.A.A.d City,Kendrick Lamar Featuring MC Eiht
2012-11-04,Young & Gettin' It,Meek Mill Featuring Kirko Bangz
2012-11-11,Better Dig Two,The Band Perry
2012-11-11,F**kin Problems,"A$AP Rocky Featuring Drake, 2 Chainz & Kendrick Lamar"
2012-11-11,Don't Judge Me,Chris Brown
2012-11-11,Wicked Games,The Weeknd
2012-11-11,Don't Rush,Kelly Clarkson Featuring Vince Gill
2012-11-11,If I Didn't Have You,Thompson Square
2012-11-11,Tip It On Back,Dierks Bentley
2012-11-18,Rest Of My Life,Ludacris Featuring Usher & David Guetta
2012-11-18,The Only Way I Know,Jason Aldean With Luke Bryan & Eric Church
2012-11-18,I Found You,The Wanted
2012-11-18,Tornado,Little Big Town
2012-11-25,Little Things,One Direction
2012-11-25,A Thousand Years (Part 2),Christina Perri Featuring Steve Kazee
2012-11-25,Just A Fool,Christina Aguilera With Blake Shelton
2012-11-25,Kiss You,One Direction
2012-11-25,I'm Different,2 Chainz
2012-12-02,Over You,Cassadee Pope
2012-12-02,Seven Nation Army,Melanie Martinez
2012-12-02,Give It All We Got Tonight,George Strait
2012-12-02,Stars,Grace Potter & The Nocturnals
2012-12-02,Stars,Amanda Brown
2012-12-02,Remember You,Wiz Khalifa Featuring The Weeknd
2012-12-02,Somebody's Heartbreak,Hunter Hayes
2012-12-09,Scream & Shout,will.i.am & Britney Spears
2012-12-09,My Life,50 Cent Featuring Eminem & Adam Levine
2012-12-09,Too Close,Melanie Martinez
2012-12-09,Are You Happy Now?,Cassadee Pope
2012-12-09,One Of Those Nights,Tim McGraw
2012-12-09,Representin',Ludacris Featuring Kelly Rowland
2012-12-09,Oath,Cher Lloyd Featuring Becky G
2012-12-16,Love And War,Tamar Braxton
2012-12-16,When I Was Your Man,Bruno Mars
2012-12-16,Daylight,Maroon 5
2012-12-16,I Want To Know What Love Is,Terry McDermott
2012-12-16,Stubborn Love,The Lumineers
2012-12-16,Let It Go,Wiz Khalifa Featuring Akon
2012-12-16,Somewhere Over The Rainbow,Nicholas David
2012-12-16,Neva End,Future
2012-12-23,Stupid Boy,Cassadee Pope
2012-12-23,Let It Be,Terry McDermott
2012-12-23,Love Sosa,Chief Keef
2012-12-23,Merry Go 'round,Kacey Musgraves
2012-12-23,Guap,Big Sean
2012-12-23,Two Black Cadillacs,Carrie Underwood
2012-12-23,Who Booty,Jonn Hart Featuring IamSU!
2012-12-23,All Gold Everything,Trinidad James
2012-12-30,Cry,Cassadee Pope
2012-12-30,King Wizard,Kid Cudi
2012-12-30,C'mon,Ke$ha
2012-12-30,Crying On A Suitcase,Casey James
2013-01-08,I Dreamed A Dream,Anne Hathaway
2013-01-08,Cups (Pitch Perfect's When I'm Gone),Anna Kendrick
2013-01-08,Bellas Finals: Price Tag / Don't You (Forget About Me)...,The Barden Bellas
2013-01-08,Rock Me,One Direction
2013-01-15,Pour It Up,Rihanna
2013-01-15,I Drive Your Truck,Lee Brice
2013-01-15,Riff Off: Mickey / Like A Virgin / Hit Me With Your Best Shot...,"The Barden Bellas, The Treblemakers & The BU Harmonics"
2013-01-15,On My Own,Samantha Barks
2013-01-15,Carry On,fun.
2013-01-22,Sure Be Cool If You Did,Blake Shelton
2013-01-22,The Moment I Knew,Taylor Swift
2013-01-22,If I Lose Myself,OneRepublic
2013-01-22,Suit & Tie,Justin Timberlake Featuring JAY Z
2013-01-22,We Still In This B****,B.o.B Featuring T.I. & Juicy J
2013-01-22,Demons,Imagine Dragons
2013-01-22,"Bitch, Don't Kill My Vibe",Kendrick Lamar
2013-01-29,Love Me,Lil Wayne Featuring Drake & Future
2013-01-29,Wild For The Night,A$AP Rocky Featuring Skrillex
2013-01-29,Long Live A$AP,A$AP Rocky
2013-01-29,Troublemaker,Olly Murs Featuring Flo Rida
2013-01-29,Wagon Wheel,Darius Rucker
2013-02-05,Dope,Tyga Featuring Rick Ross
2013-02-05,Mama's Broken Heart,Miranda Lambert
2013-02-05,Bad Ass,Kid Ink Featuring Meek Mill & Wale
2013-02-05,Get Your Shine On,Florida Georgia Line
2013-02-05,Let There Be Cowgirls,Chris Cagle
2013-02-05,Feel This Moment,Pitbull Featuring Christina Aguilera
2013-02-12,Nothing Like Us,Justin Bieber
2013-02-12,Yolo,The Lonely Island Featuring Adam Levine & Kendrick Lamar
2013-02-12,I Love It,Icona Pop Featuring Charli XCX
2013-02-12,Let Me Love You (Until You Learn To Love Yourself),Glee Cast
2013-02-12,Can't Hold Us,Macklemore & Ryan Lewis Featuring Ray Dalton
2013-02-12,As Long As You Love Me (Acoustic),Justin Bieber
2013-02-12,Same Love,Macklemore & Ryan Lewis Featuring Mary Lambert
2013-02-12,Loveeeeeee Song,Rihanna Featuring Future
2013-02-19,My Songs Know What You Did In The Dark (Light Em Up),Fall Out Boy
2013-02-19,Downtown,Lady Antebellum
2013-02-19,Stay,Rihanna Featuring Mikky Ekko
2013-02-19,Highway Don't Care,Tim McGraw With Taylor Swift
2013-02-19,Started From The Bottom,Drake
2013-02-19,Pirate Flag,Kenny Chesney
2013-02-19,R.I.P.,Young Jeezy Featuring 2 Chainz
2013-02-19,I Can Take It From There,Chris Young
2013-02-19,Bad,Wale Featuring Tiara Thomas Or Rihanna
2013-02-26,Harlem Shake,Baauer
2013-02-26,Mirrors,Justin Timberlake
2013-02-26,One Way Or Another (Teenage Kicks),One Direction
2013-02-26,Bugatti,Ace Hood Featuring Future & Rick Ross
2013-02-26,Just Give Me A Reason,P!nk Featuring Nate Ruess
2013-02-26,Power Trip,J. Cole Featuring Miguel
2013-02-26,She Don't Put It Down,Joe Budden Featuring Lil Wayne & Tank
2013-02-26,Alive,Krewella
2013-02-26,Hold On,Alabama Shakes
2013-03-05,Hey Porsche,Nelly
2013-03-05,As Your Friend,Afrojack Featuring Chris Brown
2013-03-05,Next To Me,Emeli Sande
2013-03-05,Like Jesus Does,Eric Church
2013-03-05,Karate Chop (Remix),Future Featuring Lil Wayne
2013-03-12,Heart Attack,Demi Lovato
2013-03-12,Gold,Britt Nicole
2013-03-12,It's A Beautiful Day,Michael Buble
2013-03-12,More Than Miles,Brantley Gilbert
2013-03-12,Levitate,Hadouken!
2013-03-19,Buzzkill,Luke Bryan
2013-03-19,Kisses Down Low,Kelly Rowland
2013-03-19,Beat This Summer,Brad Paisley
2013-03-19,Show Out,Juicy J Featuring Big Sean & Young Jeezy
2013-03-19,"Gone, Gone, Gone",Phillip Phillips
2013-03-26,Freaks,French Montana Featuring Nicki Minaj
2013-03-26,DONE.,The Band Perry
2013-03-26,So Many Girls,"DJ Drama Featuring Wale, Tyga & Roscoe Dash"
2013-03-26,1994,Jason Aldean
2013-04-02,#thatPOWER,will.i.am Featuring Justin Bieber
2013-04-02,Pusher Love Girl,Justin Timberlake
2013-04-02,Molly,"Tyga Featuring Cedric Gervais, Wiz Khalifa & Mally Mall"
2013-04-02,Rich As F**k,Lil Wayne Featuring 2 Chainz
2013-04-02,Wop,J. Dash
2013-04-02,Clarity,Zedd Featuring Foxes
2013-04-02,Anywhere With You,Jake Owen
2013-04-02,Hey Pretty Girl,Kip Moore
2013-04-09,The Way,Ariana Grande Featuring Mac Miller
2013-04-09,Boys 'Round Here,Blake Shelton Featuring Pistol Annies & Friends
2013-04-09,The Phoenix,Fall Out Boy
2013-04-09,Lego House,Ed Sheeran
2013-04-16,Fine China,Chris Brown
2013-04-16,Pom Poms,Jonas Brothers
2013-04-16,High School,Nicki Minaj Featuring Lil Wayne
2013-04-16,Wings,Little Mix
2013-04-23,Gentleman,PSY
2013-04-23,Crash My Party,Luke Bryan
2013-04-23,I Want Crazy,Hunter Hayes
2013-04-23,Come & Get It,Selena Gomez
2013-04-23,I Hit It First,Ray J Featuring Bobby Brackins
2013-04-23,Here's To Never Growing Up,Avril Lavigne
2013-04-23,Accidental Racist,Brad Paisley Featuring LL Cool J
2013-04-23,Still Into You,Paramore
2013-04-23,Just Keep Breathing,WE the Kings
2013-04-23,See You Tonight,Scotty McCreery
2013-04-23,Ready,Fabolous Featuring Chris Brown
2013-04-23,U.O.E.N.O.,Rocko Featuring Future & Rick Ross
2013-04-30,Get Lucky,Daft Punk Featuring Pharrell Williams
2013-04-30,Fall Down,will.i.am Featuring Miley Cyrus
2013-04-30,The Other Side,Jason Derulo
2013-04-30,I Need Your Love,Calvin Harris Featuring Ellie Goulding
2013-04-30,How Many Drinks?,Miguel
2013-04-30,Blurred Lines,Robin Thicke Featuring T.I. + Pharrell
2013-04-30,Beat It,Sean Kingston Featuring Chris Brown & Wiz Khalifa
2013-05-07,Body Party,Ciara
2013-05-07,No New Friends (SFTB Remix),"DJ Khaled Featuring Drake, Rick Ross & Lil Wayne"
2013-05-07,Brave,Sara Bareilles
2013-05-07,Young And Beautiful,Lana Del Rey
2013-05-07,Memories Back Then,"Hustle Gang Featuring T.I., B.o.B, Kendrick Lamar & Kris Stephens"
2013-05-07,Jump Right In,Zac Brown Band
2013-05-14,Hey Girl,Billy Currington
2013-05-14,See You Again,Carrie Underwood
2013-05-14,Sexy People (The Fiat Song),Arianna Featuring Pitbull
2013-05-14,Safe And Sound,Capital Cities
2013-05-21,#Beautiful,Mariah Carey Featuring Miguel
2013-05-21,Live It Up,Jennifer Lopez Featuring Pitbull
2013-05-21,Can't Shake You,Gloriana
2013-05-21,Tonight I'm Getting Over You,Carly Rae Jepsen Featuring Nicki Minaj
2013-05-21,Runnin' Outta Moonlight,Randy Houser
2013-05-21,Maybe It Was Memphis,Danielle Bradbery
2013-05-21,All Over The Road,Easton Corbin
2013-05-21,Tapout,"Rich Gang Featuring Lil Wayne, Birdman, Future, Mack Maine, Nicki Minaj"
2013-05-28,Treasure,Bruno Mars
2013-05-28,A Little Party Never Killed Nobody (All We Got),"Fergie, Q-Tip & GoonRock"
2013-05-28,I Am Beautiful,Candice Glover
2013-05-28,Little Bit Of Everything,Keith Urban
2013-05-28,Really Don't Care,Demi Lovato Featuring Cher Lloyd
2013-05-28,People Like Us,Kelly Clarkson
2013-06-04,Clouds,Zach Sobiech
2013-06-04,Love Somebody,Maroon 5
2013-06-04,We Own It (Fast & Furious),2 Chainz & Wiz Khalifa
2013-06-04,HeadBand,B.o.B Featuring 2 Chainz
2013-06-04,Play Hard,David Guetta Featuring Ne-Yo & Akon
2013-06-04,Beneath Your Beautiful,Labrinth Featuring Emeli Sande
2013-06-04,"Heads Carolina, Tails California",Danielle Bradbery
2013-06-04,Wit Me,T.I. Featuring Lil Wayne
2013-06-04,Don't Ya,Brett Eldredge
2013-06-04,Work,A$AP Ferg
2013-06-11,Crazy Kids,Ke$ha Featuring will.i.am Or Juicy J
2013-06-11,Grandpa (Tell Me 'Bout The Good Old Days),Danielle Bradbery
2013-06-11,Redneck Crazy,Tyler Farr
2013-06-11,Point At You,Justin Moore
2013-06-18,We Can't Stop,Miley Cyrus
2013-06-18,Wasting All These Tears,Cassadee Pope
2013-06-18,Slow Down,Selena Gomez
2013-06-18,I Knew You Were Trouble,Michelle Chamuel
2013-06-18,Sweater Weather,The Neighbourhood
2013-06-25,Danny's Song,The Swon Brothers
2013-06-25,What About Love,Austin Mahone
2013-06-25,Who I Am,Danielle Bradbery
2013-06-25,I Got You,Jack Johnson
2013-06-25,Round Here,Florida Georgia Line
2013-06-25,Turn The Page,The Swon Brothers
2013-06-25,Please Remember Me,Danielle Bradbery
2013-06-25,Sad,Amber Carrington
2013-06-25,It Goes Like This,Thomas Rhett
2013-06-25,Bubble Butt,"Major Lazer Featuring Bruno Mars, Tyga & Mystic"
2013-07-02,Counting Stars,OneRepublic
2013-07-02,New Slaves,Kanye West
2013-07-02,Black Skinhead,Kanye West
2013-07-02,Crooked Smile,J. Cole Featuring TLC
2013-07-02,Born To Fly,Danielle Bradbery
2013-07-02,Paper Doll,John Mayer
2013-07-02,Ooh La La,Britney Spears
2013-07-02,Right Now,Rihanna Featuring David Guetta
2013-07-02,Blood On The Leaves,Kanye West
2013-07-02,Why,Michelle Chamuel
2013-07-02,Ain't Worried About Nothin,French Montana
2013-07-02,One,Usher & Michelle Chamuel
2013-07-02,I Can't Tell You Why,The Swon Brothers
2013-07-09,Drunk Last Night,Eli Young Band
2013-07-09,Wake Me Up!,Avicii
2013-07-09,Don't Think They Know,Chris Brown Featuring Aaliyah
2013-07-09,Parking Lot Party,Lee Brice
2013-07-09,Goodbye Town,Lady Antebellum
2013-07-09,Beware,Big Sean Featuring Lil Wayne & Jhene Aiko
2013-07-16,I'm Out,Ciara Featuring Nicki Minaj
2013-07-16,Feds Watching,2 Chainz Featuring Pharrell
2013-07-16,Without Me,Fantasia Featuring Kelly Rowland & Missy Elliott
2013-07-16,LoveHate Thing,Wale Featuring Sam Dew
2013-07-16,Royals,Lorde
2013-07-16,Easy,Sheryl Crow
2013-07-16,Live For The Night,Krewella
2013-07-23,Holy Grail,Jay Z Featuring Justin Timberlake
2013-07-23,Tom Ford,JAY-Z
2013-07-23,Take Back The Night,Justin Timberlake
2013-07-23,F*ckwithmeyouknowigotit,Jay Z Featuring Rick Ross
2013-07-23,Summertime Sadness,Lana Del Rey vs. Cedric Gervais
2013-07-23,Part II (On The Run),Jay Z Featuring Beyonce
2013-07-23,Oceans,Jay Z Featuring Frank Ocean
2013-07-23,Don't Drop That Thun Thun!,The FiNATTiCZ
2013-07-23,Picasso Baby,JAY-Z
2013-07-23,Acapella,Karmin
2013-07-23,Crown,JAY-Z
2013-07-30,The Heart Of Dixie,Danielle Bradbery
2013-07-30,Red Nose,Sage The Gemini
2013-07-30,Miss Jackson,Panic! At The Disco Featuring Lolo
2013-07-30,Made In The USA,Demi Lovato
2013-07-30,Hail To The King,Avenged Sevenfold
2013-07-30,Miss Movin' On,Fifth Harmony
2013-07-30,Wildfire,John Mayer
2013-07-30,Aw Naw,Chris Young
2013-07-30,Type Of Way,Rich Homie Quan
2013-08-06,Best Song Ever,One Direction
2013-08-06,Baby I,Ariana Grande
2013-08-06,Burn,Ellie Goulding
2013-08-06,Love More,Chris Brown Featuring Nicki Minaj
2013-08-06,Gas Pedal,Sage The Gemini Featuring IamSu!
2013-08-06,Cruisin' For A Bruisin',"Ross Lynch, Grace Phipps And Jason Evigan"
2013-08-06,Vivir Mi Vida,Marc Anthony
2013-08-06,When I See This Bar,Kenny Chesney
2013-08-06,Chloe (You're The One I Want),Emblem3
2013-08-06,Southern Girl,Tim McGraw
2013-08-13,Turn The Night Up,Enrique Iglesias
2013-08-13,True Love,P!nk Featuring Lily Allen
2013-08-13,Let Her Go,Passenger
2013-08-13,Mine Would Be You,Blake Shelton
2013-08-20,"Hold On, We're Going Home",Drake Featuring Majid Jordan
2013-08-20,Hopeless Wanderer,Mumford & Sons
2013-08-20,Right There,Ariana Grande Featuring Big Sean
2013-08-20,Roar,Katy Perry
2013-08-27,Applause,Lady Gaga
2013-08-27,That's My Kind Of Night,Luke Bryan
2013-08-27,This Is Gospel,Panic! At The Disco
2013-08-27,We Own The Night,The Wanted
2013-08-27,Pompeii,Bastille
2013-08-27,Your Side Of The Bed,Little Big Town
2013-08-27,Bruises,Train Featuring Ashley Monroe
2013-09-03,Wrecking Ball,Miley Cyrus
2013-09-03,Replay,Zendaya
2013-09-03,Darte Un Beso,Prince Royce
2013-09-03,Give It 2 U,Robin Thicke Featuring Kendrick Lamar
2013-09-03,Almost Is Never Enough,Ariana Grande & Nathan Sykes
2013-09-03,Helluva Night,Ludacris
2013-09-03,American Girl,Bonnie McKee
2013-09-10,Berzerk,Eminem
2013-09-10,Oh Sweet Lorraine,Green Shoe Studio Featuring Jacob Colgan & Fred Stobaugh
2013-09-10,Gorilla,Bruno Mars
2013-09-10,Loco,Enrique Iglesias Featuring Romeo Santos
2013-09-10,Rock N Roll,Avril Lavigne
2013-09-10,Bounce It,Juicy J Featuring Wale & Trey Songz
2013-09-10,Sunny And 75,Joe Nichols
2013-09-17,The Fox,Ylvis
2013-09-17,Atlas,Coldplay
2013-09-17,I Luv This Sh*t,August Alsina Featuring Trinidad James
2013-09-17,Popular Song,MIKA Featuring Ariana Grande
2013-09-17,All Of Me,John Legend
2013-09-17,Versace,Migos
2013-09-17,Act Right,Yo Gotti Featuring Jeezy & YG
2013-09-24,Stay The Night,Zedd Featuring Hayley Williams
2013-09-24,23,"Mike WiLL Made-It Featuring Miley Cyrus, Wiz Khalifa & Juicy J"
2013-09-24,Honest,Future
2013-09-24,Propuesta Indecente,Romeo Santos
2013-09-24,We Were Us,Keith Urban And Miranda Lambert
2013-09-24,Wu-Tang Forever,Drake
2013-09-24,I Do It,2 Chainz Featuring Drake & Lil Wayne
2013-09-24,Outta My Head,Craig Campbell
2013-09-24,Could It Be,Charlie Worsham
2013-09-24,Reflektor,Arcade Fire
2013-10-01,Work B**ch!,Britney Spears
2013-10-01,Dark Horse,Katy Perry Featuring Juicy J
2013-10-01,Lolly,Maejor Ali Featuring Juicy J & Justin Bieber
2013-10-01,TKO,Justin Timberlake
2013-10-01,A Light That Never Comes,Linkin Park X Steve Aoki
2013-10-01,Waiting For Superman,Daughtry
2013-10-01,Monster,Imagine Dragons
2013-10-01,Show Me,Kid Ink Featuring Chris Brown
2013-10-01,You Make Me,Avicii
2013-10-01,Animals,Martin Garrix
2013-10-01,Best I Ever Had,Gavin DeGraw
2013-10-01,Carolina,Parmalee
2013-10-01,This Is What It Feels Like,Armin van Buuren Featuring Trevor Guthrie
2013-10-01,White Walls,Macklemore & Ryan Lewis Featuring ScHoolboy Q & Hollis
2013-10-08,All Me,Drake Featuring 2 Chainz & Big Sean
2013-10-08,The Language,Drake
2013-10-08,Furthest Thing,Drake
2013-10-08,Too Much,Drake
2013-10-08,Pound Cake / Paris Morton Music 2,Drake Featuring JAY-Z
2013-10-08,From Time,Drake Featuring Jhene Aiko
2013-10-08,Own It,Drake
2013-10-08,Tuscan Leather,Drake
2013-10-08,Come Thru,Drake
2013-10-08,Worst Behavior,Drake
2013-10-08,Team,Lorde
2013-10-15,Gone,Kanye West Featuring Cam'ron & Consequence
2013-10-15,Walking On Air,Katy Perry
2013-10-15,My Hitta,YG Featuring Jeezy & Rich Homie Quan
2013-10-15,Tennis Court,Lorde
2013-10-15,Marry Me,Jason Derulo
2013-10-15,Heartbreaker,Justin Bieber
2013-10-15,It Won't Stop,Sevyn Streeter Featuring Chris Brown
2013-10-15,Whatever She's Got,David Nail
2013-10-22,Survival,Eminem
2013-10-22,Adore You,Miley Cyrus
2013-10-22,Timber,Pitbull Featuring Ke$ha
2013-10-22,Sirens,Pearl Jam
2013-10-22,Make You Feel My Love,Glee Cast
2013-10-22,Drive,Miley Cyrus
2013-10-22,V.S.O.P.,K. Michelle
2013-10-22,Days Of Gold,Jake Owen
2013-10-22,Someone Else,Miley Cyrus
2013-10-22,All Kinds Of Kinds,Miranda Lambert
2013-10-22,Ready Set Roll,Chase Rice
2013-10-29,Rap God,Eminem
2013-10-29,All That Matters,Justin Bieber
2013-10-29,Chinese Food,Alison Gold
2013-10-29,Let Me Go,Avril Lavigne Featuring Chad Kroeger
2013-10-29,Stay,Florida Georgia Line
2013-10-29,Closer,Tegan And Sara
2013-10-29,Friday Night,Eric Paslay
2013-10-29,Sweet Annie,Zac Brown Band
2013-10-29,Radio,Darius Rucker
2013-10-29,Don't Let Me Be Lonely,The Band Perry
2013-10-29,Chillin' It,Cole Swindell
2013-10-29,Collard Greens,ScHoolboy Q Featuring Kendrick Lamar
2013-11-05,Do What U Want,Lady Gaga Featuring R. Kelly
2013-11-05,Hold Tight,Justin Bieber
2013-11-05,Unconditionally,Katy Perry
2013-11-05,Sweeter Than Fiction,Taylor Swift
2013-11-05,The Outsiders,Eric Church
2013-11-05,Wait For A Minute,Tyga & Justin Bieber
2013-11-05,Rough Water,Travie McCoy Featuring Jason Mraz
2013-11-05,What Now,Rihanna
2013-11-12,The Monster,Eminem Featuring Rihanna
2013-11-12,Story Of My Life,One Direction
2013-11-12,Venus,Lady Gaga
2013-11-12,Recovery,Justin Bieber
2013-11-12,Thriller,Michael Jackson
2013-11-19,Dope,Lady Gaga
2013-11-19,Say Something,A Great Big World & Christina Aguilera
2013-11-19,Bad Day,Justin Bieber
2013-11-19,A Case Of You,James Wolpert
2013-11-19,Perfume,Britney Spears
2013-11-19,Drink A Beer,Luke Bryan
2013-11-19,Compass,Lady Antebellum
2013-11-19,Everybody's Got Somebody But Me,Hunter Hayes Featuring Jason Mraz
2013-11-19,Beautiful Pain,Eminem Featuring Sia
2013-11-26,Livin' On A Prayer,Bon Jovi
2013-11-26,Hallelujah,Matthew Schuler
2013-11-26,All Bad,Justin Bieber
2013-11-26,Best Day Of My Life,American Authors
2013-11-26,Up All Night,Jon Pardi
2013-12-03,Diana,One Direction
2013-12-03,Midnight Memories,One Direction
2013-12-03,PYD,Justin Bieber Featuring R. Kelly
2013-12-03,Bound 2,Kanye West
2013-12-03,Love Me Again,John Newman
2013-12-03,Strong,One Direction
2013-12-03,Up Down (Do This All Day),T-Pain Featuring B.o.B
2013-12-03,Last Christmas,Ariana Grande
2013-12-10,Roller Coaster,Justin Bieber
2013-12-10,Let It Go,Demi Lovato
2013-12-10,This Is How We Roll,Florida Georgia Line Ft. Jason Derulo & Luke Bryan
2013-12-10,At Last,Will Champlin
2013-12-10,Let It Go,Idina Menzel
2013-12-10,When She Says Baby,Jason Aldean
2013-12-10,Heart Attack,Enrique Iglesias
2013-12-10,Alone Together,Fall Out Boy
2013-12-17,Little Drummer Boy,Pentatonix
2013-12-17,Change Me,Justin Bieber
2013-12-17,Hey Brother,Avicii
2013-12-17,Who You Love,John Mayer Featuring Katy Perry
2013-12-17,I. Crawl,Childish Gambino
2013-12-17,Helluva Life,Frankie Ballard
2013-12-17,Underneath The Tree,Kelly Clarkson
2013-12-17,Old School Love,Lupe Fiasco Featuring Ed Sheeran
2013-12-17,All The Way Home,Tamar Braxton
2013-12-17,Do I Wanna Know?,Arctic Monkeys
2013-12-24,Confident,Justin Bieber Featuring Chance The Rapper
2013-12-24,Saturday,Rebecca Black & Dave Days
2013-12-24,Bridge Over Troubled Water,Tessanne Chin
2013-12-24,Cannonball,Lea Michele
2013-12-24,The Man,Aloe Blacc
2013-12-24,Angel,Jacquie Lee
2013-12-24,My Story,R. Kelly Featuring 2 Chainz
2013-12-24,V. 3005,Childish Gambino
2013-12-31,Drunk In Love,Beyonce Featuring Jay Z
2013-12-31,The Christmas Song (Merry Christmas To You),"Nat ""King"" Cole"
2013-12-31,Rockin' Around The Christmas Tree,Brenda Lee
2013-12-31,I Have Nothing,Tessanne Chin
2013-12-31,Bottoms Up,Brantley Gilbert
2013-12-31,XO,Beyonce
2013-12-31,Let It Be,Tessanne Chin & Adam Levine
2013-12-31,Talk Dirty,Jason Derulo Featuring 2 Chainz
2013-12-31,Paranoid,Ty Dolla $ign Featuring B.o.B
2013-12-31,Mine,Beyonce Featuring Drake
2013-12-31,I Hold On,Dierks Bentley
2014-01-08,Turn Down For What,DJ Snake & Lil Jon
2014-01-08,Do You Want To Build A Snowman?,"Kristen Bell, Agatha Lee Monn & Katie Lopez"
2014-01-08,For The First Time In Forever,Kristen Bell & Idina Menzel
2014-01-08,Neon Lights,Demi Lovato
2014-01-15,Love Don't Die,The Fray
2014-01-15,Drink To That All Night,Jerrod Niemann
2014-01-15,Young Girls,Bruno Mars
2014-01-15,19 You + Me,Dan + Shay
2014-01-15,Happy,Pharrell Williams
2014-01-22,You Sound Good To Me,Lucy Hale
2014-01-22,Partition,Beyonce
2014-01-22,Goodnight Kiss,Randy Houser
2014-01-22,Get Me Some Of That,Thomas Rhett
2014-01-22,Give Me Back My Hometown,Eric Church
2014-01-22,She Knows,J. Cole Featuring Amber Coffman & The Cults
2014-01-22,How I Feel,Flo Rida
2014-01-22,Ride,SoMo
2014-01-29,Can't Remember To Forget You,Shakira Featuring Rihanna
2014-01-29,Loyal,Chris Brown Featuring Lil Wayne & French Montana Or Too $hort Or Tyga
2014-01-29,Rewind,Rascal Flatts
2014-01-29,Doin' What She Likes,Blake Shelton
2014-01-29,Thinking About You,Calvin Harris Featuring Ayah Marar
2014-01-29,Take Me Home,Cash Cash Featuring Bebe Rexha
2014-01-29,Everything I Shouldn't Be Thinking About,Thompson Square
2014-01-29,Oceans (Where Feet May Fail),Hillsong UNITED
2014-02-05,Mmm Yeah,Austin Mahone Featuring Pitbull
2014-02-05,Man Of The Year,ScHoolboy Q
2014-02-05,El Perdedor,Enrique Iglesias Featuring Marco Antonio Solis
2014-02-05,Invisible,Hunter Hayes
2014-02-05,Na Na,Trey Songz
2014-02-05,Chocolate,The 1975
2014-02-05,They Don't Know,Rico Love
2014-02-12,Odio,Romeo Santos Featuring Drake
2014-02-12,Follow Your Arrow,Kacey Musgraves
2014-02-12,Cop Car,Keith Urban
2014-02-12,A Man Who Was Gonna Die Young,Eric Church
2014-02-12,Can't Raise A Man,K. Michelle
2014-02-12,On Top Of The World,Imagine Dragons
2014-02-19,The Worst,Jhene Aiko
2014-02-19,Human,Christina Perri
2014-02-19,Beat Of The Music,Brett Eldredge
2014-02-26,Everything Is AWESOME!!!,Tegan And Sara Featuring The Lonely Island
2014-02-26,Automatic,Miranda Lambert
2014-02-26,Stoner,Young Thug
2014-02-26,Achy Breaky 2,Buck 22 Featuring Billy Ray Cyrus
2014-02-26,You're Mine (Eternal),Mariah Carey
2014-02-26,Classic,MKTO
2014-02-26,Explosions,Ellie Goulding
2014-03-05,Glory And Gore,Lorde
2014-03-05,La La La,Naughty Boy Featuring Sam Smith
2014-03-05,Ordinary Love,U2
2014-03-05,Lettin' The Night Roll,Justin Moore
2014-03-12,#SELFIE,The Chainsmokers
2014-03-12,Not A Bad Thing,Justin Timberlake
2014-03-12,Wild Wild Love,Pitbull Featuring G.R.L.
2014-03-12,The Walker,Fitz And The Tantrums
2014-03-12,Ain't It Fun,Paramore
2014-03-12,Sleeping With A Friend,Neon Trees
2014-03-19,Magic,Coldplay
2014-03-19,Raging Fire,Phillip Phillips
2014-03-19,Trophies,Young Money Featuring Drake
2014-03-19,Sanctified,Rick Ross Featuring Kanye West & Big Sean
2014-03-19,The Devil Is A Lie,Rick Ross Featuring JAY Z
2014-03-19,Fancy,Iggy Azalea Featuring Charli XCX
2014-03-19,Adrenalina,Wisin Featuring Jennifer Lopez & Ricky Martin
2014-03-26,We Might Be Dead By Tomorrow,Soko
2014-03-26,Love Is An Open Door,Kristen Bell & Santino Fontana
2014-03-26,Who Do You Love?,YG Featuring Drake
2014-03-26,Play It Again,Luke Bryan
2014-03-26,Headlights,Eminem Featuring Nate Ruess
2014-03-26,Slow Me Down,Sara Evans
2014-03-26,Or Nah,Ty Dolla $ign Featuring Wiz Khalifa & DJ Mustard
2014-03-26,Red Lights,Tiesto
2014-03-26,I Luh Ya Papi,Jennifer Lopez Featuring French Montana
2014-03-26,Move That Doh,"Future Featuring Pharrell, Pusha T & Casino"
2014-03-26,Latch,Disclosure Featuring Sam Smith
2014-04-02,Summer,Calvin Harris
2014-04-02,Lookin' For That Girl,Tim McGraw
2014-04-02,Beating Heart,Ellie Goulding
2014-04-09,Empire,Shakira
2014-04-09,G.U.Y.,Lady Gaga
2014-04-09,Fever,The Black Keys
2014-04-09,Me And My Broken Heart,Rixton
2014-04-09,John Doe,B.o.B Featuring Priscilla
2014-04-09,Beachin',Jake Owen
2014-04-09,Whiskey In My Water,Tyler Farr
2014-04-16,She Looks So Perfect,5 Seconds Of Summer
2014-04-16,Stay With Me,Sam Smith
2014-04-16,Come With Me Now,KONGOS
2014-04-23,Sing,Ed Sheeran
2014-04-23,We Are One (Ole Ola) [The 2014 FIFA World Cup Official Song],Pitbull Featuring Jennifer Lopez & Claudia Leitte
2014-04-23,Cut Her Off,KCamp Featuring 2 Chainz
2014-04-23,Birthday,Katy Perry
2014-04-23,Bad Blood,Bastille
2014-04-23,Feelin' Myself,"will.i.am Featuring Miley Cyrus, French Montana, Wiz Khalifa & DJ Mustard"
2014-04-23,Girls Chase Boys,Ingrid Michaelson
2014-04-30,West Coast,Lana Del Rey
2014-04-30,You & I,One Direction
2014-04-30,Love Runs Out,OneRepublic
2014-04-30,Midnight,Coldplay
2014-04-30,I Don't Dance,Lee Brice
2014-04-30,Am I Wrong,Nico & Vinz
2014-04-30,We Dem Boyz,Wiz Khalifa
2014-04-30,"Where It's At (Yep, Yep)",Dustin Lynch
2014-05-07,Hello Kitty,Avril Lavigne
2014-05-07,Stay With Me,Josh Kaufman
2014-05-07,Who I Am With You,Chris Young
2014-05-07,We Are Tonight,Billy Currington
2014-05-07,Rude,MAGIC!
2014-05-07,Yeah,Joe Nichols
2014-05-07,Wake Up Lovin' You,Craig Morgan
2014-05-07,I Won,Future Featuring Kanye West
2014-05-14,Problem,Ariana Grande Featuring Iggy Azalea
2014-05-14,Love Never Felt So Good,Michael Jackson & Justin Timberlake
2014-05-14,A Sky Full Of Stars,Coldplay
2014-05-14,Wiggle,Jason Derulo Featuring Snoop Dogg
2014-05-14,"Hold On, We're Going Home",Christina Grimmie
2014-05-14,Bailando,Enrique Iglesias Featuring Descemer Bueno & Gente de Zona
2014-05-14,My Baby's Guns N' Roses,Brantley Gilbert
2014-05-14,Work,Iggy Azalea
2014-05-14,My Eyes,Blake Shelton Featuring Gwen Sebastian
2014-05-14,Keep Them Kisses Comin',Craig Campbell
2014-05-14,The Big Bang,Katy Tiz
2014-05-21,Good Kisser,Usher
2014-05-21,I Can't Make You Love Me,Josh Kaufman
2014-05-21,Chandelier,Sia
2014-05-21,How To Love,Christina Grimmie
2014-05-21,I Choose You,Sara Bareilles
2014-05-21,Come Get It Bae,Pharrell Williams
2014-05-21,River Bank,Brad Paisley
2014-05-21,2 On,Tinashe Featuring ScHoolboy Q
2014-05-21,17 Again,Brantley Gilbert
2014-05-28,Don't Stop,5 Seconds Of Summer
2014-05-28,One,Ed Sheeran
2014-05-28,Drunk On A Plane,Dierks Bentley
2014-05-28,Main Chick,Kid Ink Featuring Chris Brown
2014-05-28,Chainsaw,The Band Perry
2014-05-28,Heaven,Jake Worthington
2014-06-04,Billie Jean,Michael Jackson
2014-06-04,Somethin' Bad,Miranda Lambert Duet With Carrie Underwood
2014-06-04,Slave To The Rhythm,Michael Jackson
2014-06-04,Pills N Potions,Nicki Minaj
2014-06-04,Somebody That I Used To Know,Christina Grimmie & Adam Levine
2014-06-04,Can't Help Falling In Love,Christina Grimmie
2014-06-04,Bartender,Lady Antebellum
2014-06-04,Leave Your Lover,Sam Smith
2014-06-04,Dare (La La La),Shakira
2014-06-11,Good Girls,5 Seconds Of Summer
2014-06-11,Believe Me,Lil Wayne Featuring Drake
2014-06-11,Habits (Stay High),Tove Lo
2014-06-11,Shades Of Cool,Lana Del Rey
2014-06-11,Trumpets,Jason Derulo
2014-06-11,XO,John Mayer
2014-06-11,I Got A Car,George Strait
2014-06-11,Meanwhile Back At Mama's,Tim McGraw Featuring Faith Hill
2014-06-18,Boom Clap,Charli xcx
2014-06-18,I'm Not The Only One,Sam Smith
2014-06-18,Ultraviolence,Lana Del Rey
2014-06-18,Day Drinking,Little Big Town
2014-06-18,Shower,Becky G
2014-06-18,Studio,ScHoolboy Q Featuring BJ The Chicago Kid
2014-06-18,Wasted,Tiesto Featuring Matthew Koma
2014-06-18,Song About A Girl,Eric Paslay
2014-06-18,I'm Ready,AJR
2014-06-25,Hangover,PSY Featuring Snoop Dogg
2014-06-25,Don't,Ed Sheeran
2014-06-25,Small Town Throwdown,Brantley Gilbert Featuring Justin Moore & Thomas Rhett
2014-06-25,Rather Be,Clean Bandit Featuring Jess Glynne
2014-06-25,Hope You Get Lonely Tonight,Cole Swindell
2014-06-25,Jungle,Jamie N Commons & X Ambassadors
2014-07-02,Maps,Maroon 5
2014-07-02,Kiss Me Kiss Me,5 Seconds Of Summer
2014-07-02,Afire Love,Ed Sheeran
2014-07-02,No Mediocre,T.I. Featuring Iggy Azalea
2014-07-02,American Kids,Kenny Chesney
2014-07-02,First Love,Jennifer Lopez
2014-07-09,Life Of The Party,Shawn Mendes
2014-07-09,Get Her Back,Robin Thicke
2014-07-09,Don't Tell 'Em,Jeremih Featuring YG
2014-07-09,Riptide,Vance Joy
2014-07-09,Leave The Night On,Sam Hunt
2014-07-09,She Twerkin,Ca$h Out
2014-07-16,Break Free,Ariana Grande Featuring Zedd
2014-07-16,Amnesia,5 Seconds Of Summer
2014-07-16,Foreign,Trey Songz
2014-07-16,New Flame,Chris Brown Featuring Usher & Rick Ross
2014-07-16,Calm Down,Busta Rhymes Featuring Eminem
2014-07-16,Black Widow,Iggy Azalea Featuring Rita Ora
2014-07-16,Ten Feet Tall,Afrojack Featuring Wrabel
2014-07-23,Dirt,Florida Georgia Line
2014-07-23,Bo$$,Fifth Harmony
2014-07-23,You & I (Nobody In The World),John Legend
2014-07-23,Try,Colbie Caillat
2014-07-23,All About That Bass,Meghan Trainor
2014-07-23,Cool Kids,Echosmith
2014-07-23,Fight Night,Migos
2014-07-23,Dust,Eli Young Band
2014-07-23,Sunshine & Whiskey,Frankie Ballard
2014-07-30,Everything I Didn't Say,5 Seconds Of Summer
2014-07-30,Word Crimes,"""Weird Al"" Yankovic"
2014-07-30,Roller Coaster,Luke Bryan
2014-07-30,Lifestyle,Rich Gang Featuring Young Thug & Rich Homie Quan
2014-07-30,Hideaway,Kiesza
2014-08-06,Burnin' It Down,Jason Aldean
2014-08-06,0 To 100 / The Catch Up,Drake
2014-08-06,Happy Little Pill,Troye Sivan
2014-08-06,Stolen Dance,Milky Chance
2014-08-13,Bang Bang,"Jessie J, Ariana Grande & Nicki Minaj"
2014-08-13,It Was Always You,Maroon 5
2014-08-13,Girl In A Country Song,Maddie & Tae
2014-08-13,Chasing The Sun,Hilary Duff
2014-08-13,This Is How We Do,Katy Perry
2014-08-13,Hot Boy,Bobby Shmurda
2014-08-13,No Flex Zone,Rae Sremmurd
2014-08-13,I Will Never Let You Down,Rita Ora
2014-08-20,Anaconda,Nicki Minaj
2014-08-20,Wild Life,Jack & Jack
2014-08-20,Fireball,Pitbull Featuring John Ryan
2014-08-20,Cold One,Eric Church
2014-08-20,About The Money,T.I. Featuring Young Thug
2014-08-27,Best Mistake,Ariana Grande Featuring Big Sean
2014-08-27,Shell Shocked,"Juicy J, Wiz Khalifa & Ty Dolla $ign Featuring Kill The Noise & Madsonik"
2014-08-27,Hookah,Tyga Featuring Young Thug
2014-08-27,Take Me To Church,Hozier
2014-08-27,Later On,The Swon Brothers
2014-09-03,Shake It Off,Taylor Swift
2014-09-03,Neon Light,Blake Shelton
2014-09-03,Animals,Maroon 5
2014-09-03,Waves,Mr. Probz
2014-09-03,Delirious (Boneless),"Steve Aoki, Chris Lake & Tujamo Featuring Kid Ink"
2014-09-03,Walk Thru,Rich Homie Quan Featuring Problem
2014-09-10,Guts Over Fear,Eminem Featuring Sia
2014-09-10,***Flawless,Beyonce Featuring Nicki Minaj Or Chimamanda Ngozi Adichie
2014-09-10,She Came To Give It To You,Usher Featuring Nicki Minaj
2014-09-10,Somewhere In My Car,Keith Urban
2014-09-10,24 Hours,TeeFLii Featuring 2 Chainz
2014-09-17,Sweet Little Somethin',Jason Aldean
2014-09-17,Seen It All,Jeezy Featuring Jay Z
2014-09-17,Secrets,Mary Lambert
2014-09-17,"Touchin, Lovin",Trey Songz Featuring Nicki Minaj
2014-09-17,Hold You Down,"DJ Khaled Featuring Chris Brown, August Alsina, Future & Jeremih"
2014-09-17,Look At You,Big & Rich
2014-09-24,Centuries,Fall Out Boy
2014-09-24,Blame,Calvin Harris Featuring John Newman
2014-09-24,Two Night Town,Jason Aldean
2014-09-24,Jealous,Nick Jonas
2014-09-24,Angel In Blue Jeans,Train
2014-09-24,Bend Ova,Lil Jon Featuring Tyga
2014-09-24,Dear Future Husband,Meghan Trainor
2014-10-01,Booty,Jennifer Lopez Featuring Iggy Azalea Or Pitbull
2014-10-01,Gonna Know We Were Here,Jason Aldean
2014-10-01,No Love,August Alsina
2014-10-01,Sun Daze,Florida Georgia Line
2014-10-01,Superheroes,The Script
2014-10-01,X,Chris Brown
2014-10-01,You And Your Friends,Wiz Khalifa Featuring Snoop Dogg & Ty Dolla $ign
2014-10-08,i,Kendrick Lamar
2014-10-08,Tonight Looks Good On You,Jason Aldean
2014-10-08,I Don't F**k With You,Big Sean Featuring E-40
2014-10-08,Anything Goes,Florida Georgia Line
2014-10-08,No Type,Rae Sremmurd
2014-10-08,Tuesday,I LOVE MAKONNEN Featuring Drake
2014-10-08,Handsome & Wealthy,Migos
2014-10-08,Feelin' It,Scotty McCreery
2014-10-08,Close Your Eyes,Parmalee
2014-10-08,Left Hand Free,alt-J
2014-10-15,Steal My Girl,One Direction
2014-10-15,Something In The Water,Carrie Underwood
2014-10-15,Just Gettin' Started,Jason Aldean
2014-10-15,Bumpin' The Night,Florida Georgia Line
2014-10-15,Yellow Flicker Beat,Lorde
2014-10-15,Heroes (We Could Be),Alesso Featuring Tove Lo
2014-10-15,U Guessed It,OG Maco Featuring 2 Chainz
2014-10-15,Shotgun Rider,Tim McGraw
2014-10-22,EW!,Jimmy Fallon Featuring will.i.am
2014-10-22,Sippin' On Fire,Florida Georgia Line
2014-10-22,Thinking Out Loud,Ed Sheeran
2014-10-22,The Days,Avicii
2014-10-22,Love Me Harder,Ariana Grande & The Weeknd
2014-10-22,Perfect Storm,Brad Paisley
2014-10-22,L.A.LOVE (la la),Fergie
2014-10-22,Errrbody,Yo Gotti
2014-10-22,Body Language,Kid Ink Featuring Usher & Tinashe
2014-10-29,Out Of The Woods,Taylor Swift
2014-10-29,In Your Arms,Nico & Vinz
2014-10-29,Burnin' Up,Jessie J Featuring 2 Chainz
2014-10-29,I'm Not Gonna Miss You,Glen Campbell
2014-10-29,Bobby Bitch,Bobby Shmurda
2014-10-29,Often,The Weeknd
2014-10-29,Drinking Class,Lee Brice
2014-11-05,Baby Don't Lie,Gwen Stefani
2014-11-05,Welcome To New York,Taylor Swift
2014-11-05,Try Me,DeJ Loaf
2014-11-05,Outside,Calvin Harris Featuring Ellie Goulding
2014-11-05,G.D.F.R.,Flo Rida Featuring Sage The Gemini & Lookas
2014-11-05,Talladega,Eric Church
2014-11-05,Beg For It,Iggy Azalea Featuring M0
2014-11-05,Lips Are Movin,Meghan Trainor
2014-11-05,Dangerous,David Guetta Featuring Sam Martin
2014-11-05,Made Me,Snootie Wild Featuring K Camp
2014-11-05,God Made Girls,RaeLynn
2014-11-12,Blank Space,Taylor Swift
2014-11-12,I Bet My Life,Imagine Dragons
2014-11-12,Only,"Nicki Minaj Featuring Drake, Lil Wayne & Chris Brown"
2014-11-12,Style,Taylor Swift
2014-11-12,I Won't Let You Down,OK Go
2014-11-12,Ghost,Ella Henderson
2014-11-12,Wildest Dreams,Taylor Swift
2014-11-12,Bad Blood,Taylor Swift Featuring Kendrick Lamar
2014-11-12,Til It's Gone,Kenny Chesney
2014-11-19,The Heart Wants What It Wants,Selena Gomez
2014-11-19,Ready To Run,One Direction
2014-11-19,Something Big,Shawn Mendes
2014-11-19,Mean To Me,Brett Eldredge
2014-11-19,Homegrown Honey,Darius Rucker
2014-11-19,Shut Up And Dance,WALK THE MOON
2014-11-26,Uptown Funk!,Mark Ronson Featuring Bruno Mars
2014-11-26,18,One Direction
2014-11-26,Where Do Broken Hearts Go,One Direction
2014-11-26,Make Me Wanna,Thomas Rhett
2014-11-26,She Knows,Ne-Yo Featuring Juicy J
2014-12-03,"Mary, Did You Know?",Pentatonix
2014-12-03,Night Changes,One Direction
2014-12-03,Do They Know It's Christmas? (2014),Band Aid 30
2014-12-03,Bed Of Lies,Nicki Minaj Featuring Skylar Grey
2014-12-03,CoCo,O.T. Genasis
2014-12-03,Baby It's Cold Outside,Idina Menzel Duet With Michael Buble
2014-12-03,Take Me To Church,Matt McAndrew
2014-12-03,I Don't Mind,Usher Featuring Juicy J
2014-12-03,Stockholm Syndrome,One Direction
2014-12-10,The Hanging Tree,James Newton Howard Featuring Jennifer Lawrence
2014-12-10,7/11,Beyonce
2014-12-10,Santa Tell Me,Ariana Grande
2014-12-10,I Lived,OneRepublic
2014-12-10,I Walk The Line,Craig Wayne Boyd
2014-12-10,I See You,Luke Bryan
2014-12-10,Sledgehammer,Fifth Harmony
2014-12-10,Time Of Our Lives,Pitbull & Ne-Yo
2014-12-17,Make It Rain,Ed Sheeran
2014-12-17,The Blower's Daughter,Matt McAndrew
2014-12-17,Prayer In C,Lillywood & Robin Schulz
2014-12-17,Geronimo,Sheppard
2014-12-17,Lonely Tonight,Blake Shelton Featuring Ashley Monroe
2014-12-17,Like A Cowboy,Randy Houser
2014-12-17,Royals,Taylor John Williams
2014-12-24,The Old Rugged Cross,Craig Wayne Boyd
2014-12-24,Wet Dreamz,J. Cole
2014-12-24,Make It Rain,Matt McAndrew
2014-12-24,Have Yourself A Merry Little Christmas,Sam Smith
2014-12-24,Come Join The Murder,The White Buffalo & The Forest Rangers
2014-12-24,No Role Modelz,J. Cole
2014-12-24,When I Was Your Man,Chris Jamison
2014-12-24,Break The Rules,Charli xcx
2014-12-31,Wasted Love,Matt McAndrew
2014-12-31,My Baby's Got A Smile On Her Face,Craig Wayne Boyd
2014-12-31,Feeling Myself,Nicki Minaj Featuring Beyonce
2014-12-31,Velvet,Chris Jamison
2014-12-31,Lost Without U,Chris Jamison & Adam Levine
2014-12-31,Masterpiece,Jessie J
2014-12-31,Soldier,Damien
2014-12-31,Lost Stars,Matt McAndrew & Adam Levine
2014-12-31,Get On Your Knees,Nicki Minaj Featuring Ariana Grande
2014-12-31,Apparently,J. Cole
2014-12-31,Lonely Eyes,Chris Young
2015-01-08,Earned It (Fifty Shades Of Grey),The Weeknd
2015-01-08,Stuck On A Feeling,Prince Royce Featuring Snoop Dogg
2015-01-08,Bad B*tch,French Montana Featuring Jeremih
2015-01-08,Can't Stop Dancin',Becky G
2015-01-08,Title,Meghan Trainor
2015-01-15,Only One,Kanye West Featuring Paul McCartney
2015-01-15,Throw Sum Mo,Rae Sremmurd Featuring Nicki Minaj & Young Thug
2015-01-15,Take Your Time,Sam Hunt
2015-01-15,What We Ain't Got,Jake Owen
2015-01-15,A Guy Walks Into A Bar,Tyler Farr
2015-01-15,Take It On Back,Chase Bryant
2015-01-15,Ain't Worth The Whiskey,Cole Swindell
2015-01-15,I Mean It,G-Eazy Featuring Remo
2015-01-22,Elastic Heart,Sia
2015-01-22,Ayo,Chris Brown & Tyga
2015-01-22,Love Me Like You Do,Ellie Goulding
2015-01-22,Irresistible,Fall Out Boy
2015-01-22,Best Friends,Sophia Grace
2015-01-22,Blank Space,I Prevail
2015-01-22,Not For Long,B.o.B Featuring Trey Songz
2015-01-22,Post To Be,Omarion Featuring Chris Brown & Jhene Aiko
2015-01-22,All About It,Hoodie Allen Featuring Ed Sheeran
2015-01-29,Sugar,Maroon 5
2015-01-29,Heartbeat Song,Kelly Clarkson
2015-01-29,Homegrown,Zac Brown Band
2015-01-29,Uma Thurman,Fall Out Boy
2015-01-29,Glory,Common & John Legend
2015-01-29,Say You Do,Dierks Bentley
2015-01-29,The Body,Wale Featuring Jeremih
2015-02-05,FourFiveSeconds,Rihanna & Kanye West & Paul McCartney
2015-02-05,Truffle Butter,Nicki Minaj Featuring Drake & Lil Wayne
2015-02-05,Worth It,Fifth Harmony Featuring Kid Ink
2015-02-05,Trap Queen,Fetty Wap
2015-02-05,Somebody,Natalie La Rose Featuring Jeremih
2015-02-05,Immortals,Fall Out Boy
2015-02-05,Slow Motion,Trey Songz
2015-02-12,Shots,Imagine Dragons
2015-02-12,Budapest,George Ezra
2015-02-12,Chains,Nick Jonas
2015-02-12,Talking Body,Tove Lo
2015-02-12,I Bet,Ciara
2015-02-19,Blessings,Big Sean Featuring Drake
2015-02-19,Lay Me Down,Sam Smith
2015-02-19,A Little Too Much,Shawn Mendes
2015-02-19,Hotel,Kid Ink Featuring Chris Brown
2015-02-19,Out The Speakers,A-Trak + Milo & Otis Featuring Rich Kidz
2015-02-19,Girl Crush,Little Big Town
2015-02-26,Energy,Drake
2015-02-26,Little Red Wagon,Miranda Lambert
2015-02-26,One Last Time,Ariana Grande
2015-02-26,Preach,Drake Featuring PARTYNEXTDOOR
2015-02-26,Legend,Drake
2015-02-26,10 Bands,Drake
2015-02-26,Used To,Drake Featuring Lil Wayne
2015-02-26,Where You Belong,The Weeknd
2015-02-26,"Honey, I'm Good.",Andy Grammer
2015-02-26,I Put A Spell On You,Annie Lennox
2015-02-26,Keep Your Money,Empire Cast Featuring Jussie Smollett
2015-02-26,What Kind Of Man,Florence + The Machine
2015-03-05,Wonderland,Taylor Swift
2015-03-05,Know Yourself,Drake
2015-03-05,No Tellin',Drake
2015-03-05,6 God,Drake
2015-03-05,Now & Forever,Drake
2015-03-05,6 Man,Drake
2015-03-05,Go Hard Or Go Home,Wiz Khalifa & Iggy Azalea
2015-03-12,I Want You To Know,Zedd Featuring Selena Gomez
2015-03-12,First Kiss,Kid Rock
2015-03-12,You're So Beautiful,Empire Cast Featuring Jussie Smollett & Yazz
2015-03-12,All Your Fault,Big Sean Featuring Kanye West
2015-03-12,You Are In Love,Taylor Swift
2015-03-12,Nobody Love,Tori Kelly
2015-03-12,Smoke,A Thousand Horses
2015-03-12,Raise 'Em Up,Keith Urban Featuring Eric Church
2015-03-12,One Man Can Change The World,Big Sean Featuring Kanye West & John Legend
2015-03-12,Watch Me,Silento
2015-03-12,Paradise,Big Sean
2015-03-19,All Day,"Kanye West Featuring Theophilus London, Allan Kingdom & Paul McCartney"
2015-03-19,Conqueror,Empire Cast Featuring Estelle & Jussie Smollett
2015-03-19,I Really Like You,Carly Rae Jepsen
2015-03-19,New Romantics,Taylor Swift
2015-03-19,Don't It,Billy Currington
2015-03-19,Adore,Cashmere Cat Featuring Ariana Grande
2015-03-19,She Don't Love You,Eric Paslay
2015-03-19,Monster,Meek Mill
2015-03-19,Where Are U Now,Skrillex & Diplo With Justin Bieber
2015-03-26,Believe,Mumford & Sons
2015-03-26,Want To Want Me,Jason Derulo
2015-03-26,Games,Luke Bryan
2015-03-26,Bills,LunchMoney Lewis
2015-03-26,Bright,Echosmith
2015-03-26,Wild Child,Kenny Chesney With Grace Potter
2015-03-26,Diamond Rings And Old Barstools,Tim McGraw With Catherine Dunn
2015-03-26,Little Toy Guns,Carrie Underwood
2015-03-26,See You Again,Wiz Khalifa Featuring Charlie Puth
2015-04-02,King Kunta,Kendrick Lamar
2015-04-02,The Blacker The Berry,Kendrick Lamar
2015-04-02,Alright,Kendrick Lamar
2015-04-02,Fairly Local,Twenty One Pilots
2015-04-02,Wesley's Theory,Kendrick Lamar Featuring George Clinton & Thundercat
2015-04-02,These Walls,"Kendrick Lamar Featuring Bilal, Anna Wise & Thundercat"
2015-04-02,Institutionalized,"Kendrick Lamar Featuring Bilal, Anna Wise & Snoop Dogg"
2015-04-09,B**** Better Have My Money,Rihanna
2015-04-09,El Perdon (Forgiveness),Nicky Jam & Enrique Iglesias
2015-04-09,Trouble,Iggy Azalea Featuring Jennifer Hudson
2015-04-09,Hey Mama,"David Guetta Featuring Nicki Minaj, Bebe Rexha & Afrojack"
2015-04-09,Failure,Breaking Benjamin
2015-04-09,Baby Blue,Action Bronson Featuring Chance The Rapper
2015-04-09,Love You Like That,Canaan Smith
2015-04-09,You Know You Like It,DJ Snake & AlunaGeorge
2015-04-09,Like A Wrecking Ball,Eric Church
2015-04-16,Get Low,Dillon Francis & DJ Snake
2015-04-16,The Matrimony,Wale Featuring Usher
2015-04-16,Good Lovin,Ludacris Featuring Miguel
2015-04-16,Love Me Like You Mean It,Kelsea Ballerini
2015-04-16,Commas,Future
2015-04-23,Ride Out,"Kid Ink, Tyga, Wale, YG & Rich Homie Quan"
2015-04-23,Tear In My Heart,Twenty One Pilots
2015-04-23,Crash And Burn,Thomas Rhett
2015-04-23,Goodbye,Who Is Fancy
2015-04-23,Baby Be My Love Song,Easton Corbin
2015-04-23,Lean On,Major Lazer X DJ Snake Featuring MO
2015-04-30,Nasty Freestyle,T-Wayne
2015-04-30,Fight Song,Rachel Platten
2015-04-30,American Oxygen,Rihanna
2015-04-30,Sangria,Blake Shelton
2015-04-30,Be Real,Kid Ink Featuring DeJ Loaf
2015-04-30,Imagine,Sawyer Fredericks
2015-04-30,Renegades,X Ambassadors
2015-04-30,House Of The Rising Sun,Kimberly Nichole
2015-05-07,Hallelujah,Panic! At The Disco
2015-05-07,Nothing Without Love,Nate Ruess
2015-05-07,Nasty,Bandit Gang Marco Featuring Dro
2015-05-07,Make It Rain,Koryn Hawthorne
2015-05-07,Cheerleader,OMI
2015-05-07,Flex (Ooh Ooh Ooh),Rich Homie Quan
2015-05-07,I Don't Get Tired (#IDGT),Kevin Gates Featuring August Alsina
2015-05-07,Iris,Sawyer Fredericks
2015-05-14,Simple Man,Sawyer Fredericks
2015-05-14,Infinity,Mariah Carey
2015-05-14,Stressed Out,Twenty One Pilots
2015-05-14,Flicka Da Wrist,Chedda Da Connect
2015-05-14,One Hell Of An Amen,Brantley Gilbert
2015-05-14,Crushin' It,Brad Paisley
2015-05-21,Pretty Girls,Britney Spears & Iggy Azalea
2015-05-21,Coffee,Miguel
2015-05-21,I Need Your Love,"Shaggy Featuring Mohombi, Faydee, Costi"
2015-05-21,Classic Man,Jidenna Featuring Roman GianArthur
2015-05-21,The Night Is Still Young,Nicki Minaj
2015-05-21,Shine On,Sawyer Fredericks
2015-05-28,I'm Comin' Over,Chris Young
2015-05-28,This Summer's Gonna Hurt...,Maroon 5
2015-05-28,How Many Times,"DJ Khaled Featuring Chris Brown, Lil Wayne & Big Sean"
2015-05-28,Fun,Pitbull Featuring Chris Brown
2015-05-28,Photograph,Ed Sheeran
2015-05-28,Beautiful Life,Nick Fradiani
2015-05-28,A Thousand Years,Sawyer Fredericks
2015-06-04,Kick The Dust Up,Luke Bryan
2015-06-04,Please,Sawyer Fredericks
2015-06-04,Old Man,Sawyer Fredericks
2015-06-04,Flashlight,Jessie J
2015-06-04,Beautiful Now,Zedd Featuring Jon Bellion
2015-06-04,Change My Mind,Meghan Linsey
2015-06-11,The Hills,The Weeknd
2015-06-11,L$D,A$AP Rocky
2015-06-11,Electric Body,A$AP Rocky Featuring ScHoolboy Q
2015-06-11,Stitches,Shawn Mendes
2015-06-11,Loving You Easy,Zac Brown Band
2015-06-11,Young & Crazy,Frankie Ballard
2015-06-11,Buy Me A Boat,Chris Janson
2015-06-11,You Changed Me,Jamie Foxx Featuring Chris Brown
2015-06-11,Kiss You In The Morning,Michael Ray
2015-06-11,Planez,Jeremih Featuring J. Cole
2015-06-18,Phenomenal,Eminem
2015-06-18,"Ulay, Oh",How I Became The Bomb
2015-06-18,House Party,Sam Hunt
2015-06-18,Everyday,A$AP Rocky Featuring Rod Stewart x Miguel x Mark Ronson
2015-06-18,Hood Go Crazy,Tech N9Ne Featuring 2 Chainz & B.o.B
2015-06-18,Hell Of A Night,Dustin Lynch
2015-06-25,Can't Feel My Face,The Weeknd
2015-06-25,3500,Travi$ Scott Featuring Future & 2 Chainz
2015-06-25,"John Cougar, John Deere, John 3:16",Keith Urban
2015-06-25,Back It Up,Prince Royce Featuring Jennifer Lopez & Pitbull
2015-06-25,This Could Be Us,Rae Sremmurd
2015-06-25,Lose My Mind,Brett Eldredge
2015-07-02,Ghost Town,Adam Lambert
2015-07-02,B**** I'm Madonna,Madonna Featuring Nicki Minaj
2015-07-02,Marvin Gaye,Charlie Puth Featuring Meghan Trainor
2015-07-02,Sparks,Hilary Duff
2015-07-02,Good Thing,Sage The Gemini Featuring Nick Jonas
2015-07-09,Good For You,Selena Gomez Featuring A$AP Rocky
2015-07-09,No Sleeep,Janet Featuring J. Cole
2015-07-09,"I Don't Like It, I Love It",Flo Rida Featuring Robin Thicke & Verdine White
2015-07-09,All Eyes On You,Meek Mill Featuring Chris Brown & Nicki Minaj
2015-07-09,Yoga,Janelle Monae & Jidenna
2015-07-09,Real Life,Jake Owen
2015-07-09,Like I Can,Sam Smith
2015-07-09,Check,Young Thug
2015-07-16,679,Fetty Wap Featuring Remy Boyz
2015-07-16,Cool For The Summer,Demi Lovato
2015-07-16,R.I.C.O.,Meek Mill Featuring Drake
2015-07-16,Play No Games,Big Sean Featuring Chris Brown & Ty Dolla $ign
2015-07-16,Do It Again,Pia Mia Featuring Chris Brown & Tyga
2015-07-16,Bad For You,Meek Mill Featuring Nicki Minaj
2015-07-16,My Way,Fetty Wap Featuring Monty
2015-07-16,Brother,NEEDTOBREATHE Featuring Gavin DeGraw
2015-07-23,Love Is Your Name,Steven Tyler
2015-07-23,Lord Knows,Meek Mill
2015-07-23,Jump Out The Face,Meek Mill Featuring Future
2015-07-23,Like I'm Gonna Lose You,Meghan Trainor Featuring John Legend
2015-07-23,Ex's & Oh's,Elle King
2015-07-23,Break Up With Him,Old Dominion
2015-07-30,Kings Never Die,Eminem Featuring Gwen Stefani
2015-07-30,Should've Been Us,Tori Kelly
2015-07-30,Fly,Maddie & Tae
2015-07-30,Burning House,Cam
2015-08-06,She's Kinda Hot,5 Seconds Of Summer
2015-08-06,How Deep Is Your Love,Calvin Harris & Disciples
2015-08-06,Where Ya At,Future Featuring Drake
2015-08-06,Strip It Down,Luke Bryan
2015-08-06,Locked Away,R. City Featuring Adam Levine
2015-08-06,Blow A Bag,Future
2015-08-06,Save It For A Rainy Day,Kenny Chesney
2015-08-06,Dance Like We're Making Love,Ciara
2015-08-13,Fire N Gold,Bea Miller
2015-08-13,Cheyenne,Jason Derulo
2015-08-20,Drag Me Down,One Direction
2015-08-20,Back To Back,Drake
2015-08-20,Rotten To The Core,"Dove Cameron, Cameron Boyce, Booboo Stewart & Sofia Carson"
2015-08-20,Omen,Disclosure Featuring Sam Smith
2015-08-20,Hotline Bling,Drake
2015-08-20,Charged Up,Drake
2015-08-20,100,The Game Featuring Drake
2015-08-20,Comfortable,K Camp
2015-08-20,Let Me See Ya Girl,Cole Swindell
2015-08-20,Here,Alessia Cara
2015-08-20,If Only,Dove Cameron
2015-08-27,Again,Fetty Wap
2015-08-27,High By The Beach,Lana Del Rey
2015-08-27,Love Myself,Hailee Steinfeld
2015-08-27,Nothin' Like You,Dan + Shay
2015-08-27,Gonna Wanna Tonight,Chase Rice
2015-08-27,Black Magic,Little Mix
2015-08-27,100 Grandkids,Mac Miller
2015-09-03,Straight Outta Compton,N.W.A
2015-09-03,Hit The Quan,iLoveMemphis
2015-09-03,Boyz-N-The Hood,Eazy-E
2015-09-03,The Fix,Nelly Featuring Jeremih
2015-09-03,Fly Away,5 Seconds Of Summer
2015-09-10,Smoke Break,Carrie Underwood
2015-09-10,Levels,Nick Jonas
2015-09-10,Downtown,"Macklemore & Ryan Lewis Featuring Eric Nally, Melle Mel, Kool Moe Dee & Grandmaster Caz"
2015-09-10,Liquor,Chris Brown
2015-09-10,About You,Trey Songz
2015-09-10,Cecilia And The Satellite,Andrew McMahon In The Wilderness
2015-09-10,I'm To Blame,Kip Moore
2015-09-17,What Do You Mean?,Justin Bieber
2015-09-17,Prisoner,The Weeknd Featuring Lana Del Rey
2015-09-17,Tell Your Friends,The Weeknd
2015-09-17,Acquainted,The Weeknd
2015-09-17,Real Life,The Weeknd
2015-09-17,Roots,Imagine Dragons
2015-09-17,Shameless,The Weeknd
2015-09-17,Losers,The Weeknd Featuring Labrinth
2015-09-17,Dark Times,The Weeknd Featuring Ed Sheeran
2015-09-17,Jet Black Heart,5 Seconds Of Summer
2015-09-17,New Americana,Halsey
2015-09-17,In The Night,The Weeknd
2015-09-24,Antidote,Travis Scott
2015-09-24,Burn Slow,Wiz Khalifa Featuring Rae Sremmurd
2015-09-24,White Iverson,Post Malone
2015-09-24,Ginza,J Balvin
2015-10-01,Same Old Love,Selena Gomez
2015-10-01,Right Hand,Drake
2015-10-01,Blase,Ty Dolla $ign Featuring Future & Rae Sremmurd
2015-10-01,Gonna,Blake Shelton
2015-10-01,Nothing But Trouble (Instagram Models),Lil Wayne & Charlie Puth
2015-10-01,Hold My Hand,Jess Glynne
2015-10-01,Firestone,Kygo Featuring Conrad
2015-10-01,Hide Away,Daya
2015-10-01,Come Get Her,Rae Sremmurd
2015-10-08,On My Mind,Ellie Goulding
2015-10-08,Jumpman,Drake & Future
2015-10-08,Infinity,One Direction
2015-10-08,RGF Island,Fetty Wap
2015-10-08,Diamonds Dancing,Drake & Future
2015-10-08,$ave Dat Money,Lil Dicky Featuring Fetty Wap & Rich Homie Quan
2015-10-08,Big Rings,Drake & Future
2015-10-08,Digital Dash,Drake & Future
2015-10-08,Confident,Demi Lovato
2015-10-08,Live From The Gutter,Drake & Future
2015-10-08,Scholarships,Drake & Future
2015-10-08,30 For 30 Freestyle,Drake
2015-10-08,I'm The Plug,Drake & Future
2015-10-08,Runnin' (Lose It All),Naughty Boy Featuring Beyonce & Arrow Benjamin
2015-10-08,Die A Happy Man,Thomas Rhett
2015-10-08,Powerful,Major Lazer Featuring Ellie Goulding & Tarrus Riley
2015-10-08,Hold Each Other,A Great Big World Featuring FUTURISTIC
2015-10-15,Alive,Sia
2015-10-15,Writing's On The Wall,Sam Smith
2015-10-15,Plastic Bag,Drake & Future
2015-10-15,Change Locations,Drake & Future
2015-10-15,Don't,Bryson Tiller
2015-10-15,Jugg,Fetty Wap Featuring Monty
2015-10-15,Jersey,Future
2015-10-15,Lay It All On Me,Rudimental Featuring Ed Sheeran
2015-10-22,Back Up,DeJ Loaf Featuring Big Sean
2015-10-22,Break Up In A Small Town,Sam Hunt
2015-10-22,Stay A Little Longer,Brothers Osborne
2015-10-29,I Got The Boy,Jana Kramer
2015-10-29,Top Of The World,Tim McGraw
2015-10-29,Love Me,The 1975
2015-11-05,Perfect,One Direction
2015-11-05,Cake By The Ocean,DNCE
2015-11-05,Say It,Tory Lanez
2015-11-05,Roses,The Chainsmokers Featuring Rozes
2015-11-05,Home,One Direction
2015-11-05,Can't Sleep Love,Pentatonix
2015-11-12,Hello,Adele
2015-11-12,Sorry,Justin Bieber
2015-11-12,Emperor's New Clothes,Panic! At The Disco
2015-11-12,Used To Love You Sober,Kane Brown
2015-11-12,Used To Love You,Gwen Stefani
2015-11-12,Dibs,Kelsea Ballerini
2015-11-12,I Love This Life,LOCASH
2015-11-12,Exchange,Bryson Tiller
2015-11-19,Focus,Ariana Grande
2015-11-19,Tennessee Whiskey,Chris Stapleton
2015-11-19,I'll Show You,Justin Bieber
2015-11-19,"Me, Myself & I",G-Eazy x Bebe Rexha
2015-11-19,Beautiful Drug,Zac Brown Band
2015-11-19,Already Callin' You Mine,Parmalee
2015-11-19,We Went,Randy Houser
2015-11-26,Adventure Of A Lifetime,Coldplay
2015-11-26,Do It Like Me,DLOW
2015-11-26,History,One Direction
2015-11-26,Traveller,Chris Stapleton
2015-11-26,Halo,Jordan Smith
2015-11-26,WTF (Where They From),Missy Elliott Featuring Pharrell Williams
2015-11-26,Stand By You,Rachel Platten
2015-11-26,My House,Flo Rida
2015-12-03,Love Yourself,Justin Bieber
2015-12-03,Great Is Thy Faithfulness,Jordan Smith
2015-12-03,The Feeling,Justin Bieber Featuring Halsey
2015-12-03,Mark My Words,Justin Bieber
2015-12-03,Purpose,Justin Bieber
2015-12-03,No Pressure,Justin Bieber Featuring Big Sean
2015-12-03,Company,Justin Bieber
2015-12-03,No Sense,Justin Bieber Featuring Travi$ Scott
2015-12-03,Life Is Worth Living,Justin Bieber
2015-12-03,Children,Justin Bieber
2015-12-03,Been You,Justin Bieber
2015-12-03,If I Could Fly,One Direction
2015-12-03,Olivia,One Direction
2015-12-03,We Are,Justin Bieber Featuring Nas
2015-12-03,Get Used To It,Justin Bieber
2015-12-03,A.M.,One Direction
2015-12-03,Temporary Fix,One Direction
2015-12-03,I Know What You Did Last Summer,Shawn Mendes & Camila Cabello
2015-12-03,Trust,Justin Bieber
2015-12-03,Never Enough,One Direction
2015-12-10,When We Were Young,Adele
2015-12-10,Water Under The Bridge,Adele
2015-12-10,Send My Love (To Your New Lover),Adele
2015-12-10,Remedy,Adele
2015-12-10,Home Alone Tonight,Luke Bryan Featuring Karen Fairchild
2015-12-10,Best Friend,Young Thug
2015-12-10,Rich $ex,Future
2015-12-17,Hallelujah,Jordan Smith
2015-12-17,Down In The DM,Yo Gotti Featuring Nicki Minaj
2015-12-17,One Call Away,Charlie Puth
2015-12-17,I'd Just Love To Lay You Down,Barrett Baber
2015-12-17,Daddy,PSY Featuring CL
2015-12-17,Girls Just Want To Have Fun,Madi Davis
2015-12-24,Somebody To Love,Jordan Smith
2015-12-24,Hands To Myself,Selena Gomez
2015-12-24,Dessert,Dawin
2015-12-24,Backroad Song,Granger Smith
2015-12-24,Random,G-Eazy
2015-12-24,Sorry,Rick Ross Featuring Chris Brown
2015-12-24,Drifting,G-Eazy Featuring Chris Brown & Tory Lanez
2015-12-31,Mary Did You Know,Jordan Smith
2015-12-31,Burning House,Emily Ann Roberts
2015-12-31,Back To Sleep,Chris Brown
2015-12-31,You Should Be Here,Cole Swindell
2015-12-31,Climb Every Mountain,Jordan Smith
2015-12-31,Good To Be Alive (Hallelujah),Andy Grammer
2015-12-31,God Only Knows,Jordan Smith & Adam Levine
2015-12-31,Sorry Not Sorry,Bryson Tiller
2015-12-31,Hollow,Tori Kelly
2016-01-08,Jingle Bell Rock,Bobby Helms
2016-01-08,Zero,Chris Brown
2016-01-08,Hallelujah,Lindsey Stirling
2016-01-08,Little More (Royalty),Chris Brown
2016-01-08,Really Really,Kevin Gates
2016-01-08,Let It Go,James Bay
2016-01-08,Stick Talk,Future
2016-01-08,Get Ugly,Jason Derulo
2016-01-15,Watch Out,2 Chainz
2016-01-15,Mr. Misunderstood,Eric Church
2016-01-15,Break On Me.,Keith Urban
2016-01-15,Confession,Florida Georgia Line
2016-01-22,Heartbeat,Carrie Underwood
2016-01-22,Oui,Jeremih
2016-01-22,Sugar,Robin Schulz Featuring Francesco Yates
2016-01-22,2 Phones,Kevin Gates
2016-01-22,Nobody To Blame,Chris Stapleton
2016-01-29,Lazarus,David Bowie
2016-01-29,Space Oddity,David Bowie
2016-01-29,Under Pressure,Queen & David Bowie
2016-01-29,Blackstar,David Bowie
2016-01-29,Drunk On Your Love,Brett Eldredge
2016-01-29,Bang My Head,David Guetta Featuring Sia & Fetty Wap
2016-02-05,I Took A Pill In Ibiza,Mike Posner
2016-02-05,Walking On A Dream,Empire Of The Sun
2016-02-05,Victorious,Panic! At The Disco
2016-02-05,Death Of A Bachelor,Panic! At The Disco
2016-02-05,Middle,DJ Snake Featuring Bipolar Sunshine
2016-02-05,7 Years,Lukas Graham
2016-02-05,Lean & Dabb,iLoveMemphis
2016-02-12,Work,Rihanna Featuring Drake
2016-02-12,Bake Sale,Wiz Khalifa Featuring Travi$ Scott
2016-02-12,Something In The Way You Move,Ellie Goulding
2016-02-12,I Like The Sound Of That,Rascal Flatts
2016-02-12,My Church,Maren Morris
2016-02-12,Country Nation,Brad Paisley
2016-02-12,Humble And Kind,Tim McGraw
2016-02-12,Bottom Of The Bottle,Curren$Y Featuring August Alsina & Lil Wayne
2016-02-12,Somewhere On A Beach,Dierks Bentley
2016-02-12,Snapback,Old Dominion
2016-02-19,Pillowtalk,Zayn
2016-02-19,Summer Sixteen,Drake
2016-02-19,Hymn For The Weekend,Coldplay
2016-02-19,We Don't Talk Anymore,Charlie Puth Featuring Selena Gomez
2016-02-19,Youth,Troye Sivan
2016-02-19,Needed Me,Rihanna
2016-02-19,Jam,"Kevin Gates Featuring Trey Songz, Ty Dolla $ign & Jamie Foxx"
2016-02-26,Low Life,Future Featuring The Weeknd
2016-02-26,Fly S**t Only,Future
2016-02-26,Jimmy Choo,Fetty Wap
2016-02-26,Ophelia,The Lumineers
2016-02-26,Die A Happy Man,Nelly
2016-02-26,Don't Let Me Down,The Chainsmokers Featuring Daya
2016-02-26,Whisper,Chase Rice
2016-02-26,Little Bit Of You,Chase Bryant
2016-03-04,Make Me Like You,Gwen Stefani
2016-03-04,All I Ask,Adele
2016-03-04,Cheap Thrills,Sia Featuring Sean Paul
2016-03-04,Never Forget You,Zara Larsson & MNEK
2016-03-04,Might Be,DJ Luke Nasty
2016-03-04,Think Of You,Chris Young Duet With Cassadee Pope
2016-03-04,Promise,Kid Ink Featuring Fetty Wap
2016-03-04,That Don't Sound Like You,Lee Brice
2016-03-11,Lost Boy,Ruth B
2016-03-11,Mind Reader,Dustin Lynch
2016-03-11,Look At My Dab,Migos
2016-03-11,The Sound Of Silence,Disturbed
2016-03-11,Wild Things,Alessia Cara
2016-03-11,Saved,Ty Dolla $ign Featuring E-40
2016-03-11,Cut It,O.T. Genasis Featuring Young Dolph
2016-03-11,Panda,Desiigner
2016-03-11,Might Not,Belly Featuring The Weeknd
2016-03-18,Piece By Piece,Kelly Clarkson
2016-03-18,Work From Home,Fifth Harmony Featuring Ty Dolla $ign
2016-03-18,It's You,Zayn
2016-03-18,Hello Friday,Flo Rida Featuring Jason Derulo
2016-03-18,T-Shirt,Thomas Rhett
2016-03-18,Til It Happens To You,Lady Gaga
2016-03-18,Head Over Boots,Jon Pardi
2016-03-25,No,Meghan Trainor
2016-03-25,Came Here To Forget,Blake Shelton
2016-03-25,Try Everything,Shakira
2016-03-25,Untitled 02 l 06.23.2014.,Kendrick Lamar
2016-03-25,American Country Love Song,Jake Owen
2016-03-25,Untitled 07 l Levitate,Kendrick Lamar
2016-03-25,Something New,Zendaya Featuring Chris Brown
2016-03-25,Gotta Lotta,2 Chainz Featuring Lil Wayne
2016-04-01,Dangerous Woman,Ariana Grande
2016-04-01,Like I Would,Zayn
2016-04-01,Ride,Twenty One Pilots
2016-04-01,Light It Up,Major Lazer Featuring Nyla & Fuse ODG
2016-04-01,Fast Car,Jonas Blue Featuring Dakota
2016-04-08,Team,Iggy Azalea
2016-04-08,Be Alright,Ariana Grande
2016-04-08,Body,Dreezy Featuring Jeremih
2016-04-15,Close,Nick Jonas Featuring Tove Lo
2016-04-15,Noise,Kenny Chesney
2016-04-15,With Them,Young Thug
2016-04-15,All The Way Up,"Fat Joe, Remy Ma & Jay Z Featuring French Montana & Infared"
2016-04-15,"Huntin', Fishin' And Lovin' Every Day",Luke Bryan
2016-04-15,Digits,Young Thug
2016-04-15,Moolah,Young Greatness
2016-04-15,New Level,A$AP Ferg Featuring Future
2016-04-15,Uber Everywhere,MadeinTYO
2016-04-22,Pop Style,Drake Featuring The Throne
2016-04-22,One Dance,Drake Featuring WizKid & Kyla
2016-04-22,Famous,Kanye West
2016-04-22,"Father Stretch My Hands, Pt. 1",Kanye West
2016-04-22,Lights Come On,Jason Aldean
2016-04-22,Pt. 2,Kanye West
2016-04-22,Ultralight Beam,Kanye West
2016-04-22,Waves,Kanye West
2016-04-22,Wasted Time,Keith Urban
2016-04-22,Kiss It Better,Rihanna
2016-04-22,FML,Kanye West
2016-04-22,Real Friends,Kanye West
2016-04-22,Come And See Me,PARTYNEXTDOOR Featuring Drake
2016-04-22,Never Be Like You,Flume Featuring Kai
2016-04-22,Feedback,Kanye West
2016-04-22,Record Year,Eric Church
2016-04-29,Messin' Around,Pitbull Featuring Enrique Iglesias
2016-04-29,Law,Yo Gotti Featuring E-40
2016-04-29,Faded,Alan Walker
2016-04-29,Ain't Your Mama,Jennifer Lopez
2016-04-29,If It Ain't Love,Jason Derulo
2016-05-06,Purple Rain,Prince And The Revolution
2016-05-06,When Doves Cry,Prince
2016-05-06,Kiss,Prince And The Revolution
2016-05-06,Little Red Corvette,Prince
2016-05-06,Let's Go Crazy,Prince And The Revolution
2016-05-06,1999,Prince
2016-05-06,Just Like Fire,P!nk
2016-05-06,Wicked,Future
2016-05-06,I Hate U I Love U,gnash Featuring Olivia O'Brien
2016-05-06,You Don't Own Me,Grace Featuring G-Eazy
2016-05-06,Let Me Love You,Ariana Grande Featuring Lil Wayne
2016-05-13,Formation,Beyonce
2016-05-13,Sorry,Beyonce
2016-05-13,Hold Up,Beyonce
2016-05-13,6 Inch,Beyonce Featuring The Weeknd
2016-05-13,Don't Hurt Yourself,Beyonce Featuring Jack White
2016-05-13,Raspberry Beret,Prince And The Revolution
2016-05-13,Freedom,Beyonce Featuring Kendrick Lamar
2016-05-13,Pray You Catch Me,Beyonce
2016-05-13,All Night,Beyonce
2016-05-13,I Would Die 4 U,Prince And The Revolution
2016-05-13,Daddy Lessons,Beyonce
2016-05-13,Sandcastles,Beyonce
2016-05-13,Love Drought,Beyonce
2016-05-13,Forward,Beyonce Featuring James Blake
2016-05-13,Wake Up,Fetty Wap
2016-05-13,Go Flex,Post Malone
2016-05-20,This Is What You Came For,Calvin Harris Featuring Rihanna
2016-05-20,H.O.L.Y.,Florida Georgia Line
2016-05-20,My Boo,Ghost Town DJ's
2016-05-20,Hype,Drake
2016-05-20,Controlla,Drake
2016-05-20,Grammys,Drake Featuring Future
2016-05-20,Still Here,Drake
2016-05-20,U With Me?,Drake
2016-05-20,9,Drake
2016-05-20,With You,Drake Featuring PARTYNEXTDOOR
2016-05-20,Childs Play,Drake
2016-05-20,Too Good,Drake Featuring Rihanna
2016-05-20,Feel No Ways,Drake
2016-05-20,Weston Road Flows,Drake
2016-05-20,Redemption,Drake
2016-05-20,Don't Mind,Kent Jones
2016-05-20,Keep The Family Close,Drake
2016-05-20,Faithful,Drake Featuring Pimp C & dvsn
2016-05-20,True Colors,Zedd & Kesha
2016-05-20,Fire & Desire,Drake
2016-05-20,Views,Drake
2016-05-27,Can't Stop The Feeling!,Justin Timberlake
2016-05-27,Go Ahead And Break My Heart,Blake Shelton Featuring Gwen Stefani
2016-05-27,Into You,Ariana Grande
2016-05-27,Church Bells,Carrie Underwood
2016-06-03,Me Too,Meghan Trainor
2016-06-03,Wherever I Go,OneRepublic
2016-06-03,The Fighter,Keith Urban Featuring Carrie Underwood
2016-06-03,No Problem,Chance The Rapper Featuring Lil Wayne & 2 Chainz
2016-06-03,THat Part,ScHoolboy Q Featuring Kanye West
2016-06-03,Blessings,Chance The Rapper Featuring Ty Dolla $ign
2016-06-03,I'm Sorry,Adam Wakefield
2016-06-03,Unsteady,X Ambassadors
2016-06-10,Lonesome Broken And Blue,Adam Wakefield
2016-06-10,Love On The Brain,Rihanna
2016-06-10,From The Ground Up,Dan + Shay
2016-06-10,Every Breath You Take,Hannah Huston
2016-06-10,Gold,Kiiara
2016-06-10,With You Tonight / Hasta El Amanecer,Nicky Jam
2016-06-10,Down That Road,Alisan Porter
2016-06-17,Kill Em With Kindness,Selena Gomez
2016-06-17,Peter Pan,Kelsea Ballerini
2016-06-17,Make You Miss Me,Sam Hunt
2016-06-17,Different For Girls,Dierks Bentley Featuring Elle King
2016-06-17,Fix,Chris Lane
2016-06-17,"Sit Still, Look Pretty",Daya
2016-06-24,For Free,DJ Khaled Featuring Drake
2016-06-24,Treat You Better,Shawn Mendes
2016-06-24,Nothing Is Promised,Mike WiLL Made-It x Rihanna
2016-07-01,Champions,"Kanye West, Gucci Mane, Big Sean, 2 Chainz, Travi$ Scott, Yo Gotti, Quavo, Desiigner"
2016-07-01,Broccoli,D.R.A.M. Featuring Lil Yachty
2016-07-01,Sweatshirt,Jacob Sartorius
2016-07-01,Money Longer,Lil Uzi Vert
2016-07-01,My PYT,Wale
2016-07-01,Toothbrush,DNCE
2016-07-08,Heathens,Twenty One Pilots
2016-07-08,Dark Necessities,Red Hot Chili Peppers
2016-07-08,All In My Head (Flex),Fifth Harmony Featuring Fetty Wap
2016-07-08,What The World Needs Now Is Love,Broadway For Orlando
2016-07-08,Ain't No Stopping Us Now,Kane Brown
2016-07-08,Why You Always Hatin?,YG Featuring Drake & Kamaiyah
2016-07-08,Night's On Fire,David Nail
2016-07-15,Sucker For Pain,"Lil Wayne, Wiz Khalifa & Imagine Dragons With Logic & Ty Dolla $ign Feat. X Ambassadors"
2016-07-15,I Got The Keys,DJ Khaled Featuring Jay Z & Future
2016-07-15,No Limit,Usher Featuring Young Thug
2016-07-15,She's Got A Way With Words,Blake Shelton
2016-07-15,Luv,Tory Lanez
2016-07-22,M.I.L.F. $,Fergie
2016-07-22,Bored To Death,blink-182
2016-07-22,Brand New,Ben Rector
2016-07-22,Lockjaw,French Montana Featuring Kodak Black
2016-07-22,Flexicution,Logic
2016-07-29,Love Make The World Go Round,Jennifer Lopez & Lin-Manuel Miranda
2016-07-29,Duele El Corazon,Enrique Iglesias Feat. Wisin or Tinashe & Javada
2016-07-29,You Was Right,Lil Uzi Vert
2016-07-29,You & Me,Marc E. Bassy Featuring G-Eazy
2016-07-29,La Bicicleta,Carlos Vives & Shakira
2016-07-29,Lush Life,Zara Larsson
2016-07-29,No Money,Galantis
2016-08-05,Rise,Katy Perry
2016-08-05,Make Me...,Britney Spears Featuring G-Eazy
2016-08-05,Vice,Miranda Lambert
2016-08-05,Girls Talk Boys,5 Seconds Of Summer
2016-08-05,Mama Said,Lukas Graham
2016-08-05,Body Say,Demi Lovato
2016-08-05,No Shopping,French Montana Featuring Drake
2016-08-05,A Little More Summertime,Jason Aldean
2016-08-05,"Wat U Mean (Aye, Aye, Aye)",Dae Dae
2016-08-05,Sex With Me,Rihanna
2016-08-12,Cold Water,Major Lazer Featuring Justin Bieber & MO
2016-08-12,Tiimmy Turner,Desiigner
2016-08-12,Purple Lamborghini,Skrillex & Rick Ross
2016-08-12,Hit Or Miss,Jacob Sartorius
2016-08-12,Back On Road,Gucci Mane & Drake
2016-08-12,1 Night,Lil Yachty
2016-08-12,P**** Print,Gucci Mane Featuring Kanye West
2016-08-12,This Girl,Kungs vs Cookin' On 3 Burners
2016-08-12,It Don't Hurt Like It Used To,Billy Currington
2016-08-12,Middle Of A Memory,Cole Swindell
2016-08-12,Castaway,Zac Brown Band
2016-08-19,Closer,The Chainsmokers Featuring Halsey
2016-08-19,Setting The World On Fire,Kenny Chesney Featuring P!nk
2016-08-19,Holy Key,"DJ Khaled Featuring Big Sean, Kendrick Lamar & Betty Wright"
2016-08-19,Starving,Hailee Steinfeld & Grey Featuring Zedd
2016-08-19,Chill Bill,Rob $tone Featuring J. Davi$ & Spooks
2016-08-26,Let Me Love You,DJ Snake Featuring Justin Bieber
2016-08-26,Gangsta,Kehlani
2016-08-26,Bohemian Rhapsody,Panic! At The Disco
2016-08-26,Cool Girl,Tove Lo
2016-08-26,Do You Mind,"DJ Khaled Featuring Nicki Minaj, Chris Brown, August Alsina, Jeremih, Future & Rick Ross"
2016-08-26,You Look Like I Need A Drink,Justin Moore
2016-09-02,Look Alive,Rae Sremmurd
2016-09-02,Pick Up The Phone,Young Thug And Travis Scott Featuring Quavo
2016-09-02,In The Name Of Love,Martin Garrix & Bebe Rexha
2016-09-02,Wishing,"DJ Drama Featuring Chris Brown, Skeme & Lyquin"
2016-09-02,Rock On,Tucker Beathard
2016-09-09,Nikes,Frank Ocean
2016-09-09,Ivy,Frank Ocean
2016-09-09,Pink + White,Frank Ocean
2016-09-09,Too Much Sauce,DJ ESCO Featuring Future & Lil Uzi Vert
2016-09-09,Mercy,Shawn Mendes
2016-09-09,Solo,Frank Ocean
2016-09-09,Nights,Frank Ocean
2016-09-09,I Met A Girl,William Michael Morgan
2016-09-09,Move,Luke Bryan
2016-09-16,Side To Side,Ariana Grande Featuring Nicki Minaj
2016-09-16,May We All,Florida Georgia Line Featuring Tim McGraw
2016-09-16,Grass Ain't Greener,Chris Brown
2016-09-16,OOOUUU,Young M.A
2016-09-16,Wyclef Jean,Young Thug
2016-09-16,Scars To Your Beautiful,Alessia Cara
2016-09-16,I Know Somebody,LOCASH
2016-09-23,The Greatest,Sia Featuring Kendrick Lamar
2016-09-23,Goosebumps,Travis Scott
2016-09-23,Caroline,Amine
2016-09-23,Fade,Kanye West
2016-09-30,Perfect Illusion,Lady Gaga
2016-09-30,Blue Ain't Your Color,Keith Urban
2016-09-30,Deja Vu,Post Malone Featuring Justin Bieber
2016-09-30,Sleep Without You,Brett Young
2016-09-30,Black Beatles,Rae Sremmurd Featuring Gucci Mane
2016-09-30,X,21 Savage & Metro Boomin Featuring Future
2016-10-07,Forever Country,"Artists Of Then, Now & Forever"
2016-10-07,My Way,Calvin Harris
2016-10-07,Starboy,The Weeknd Featuring Daft Punk
2016-10-07,Juju On That Beat (TZ Anthem),Zay Hilfigerrr & Zayion McCall
2016-10-07,Key To The Streets,YFN Lucci Featuring Migos & Trouble
2016-10-07,Cancer,Twenty One Pilots
2016-10-14,This Town,Niall Horan
2016-10-14,HandClap,Fitz And The Tantrums
2016-10-14,Song For Another Time,Old Dominion
2016-10-14,Capsize,Frenship & Emily Warren
2016-10-14,CRZY,Kehlani
2016-10-21,All We Know,The Chainsmokers Featuring Phoebe Ryan
2016-10-21,Say It,Flume Featuring Tove Lo
2016-10-21,False Alarm,The Weeknd
2016-10-21,Cranes In The Sky,Solange
2016-10-21,Don't Touch My Hair,Solange Featuring Sampha
2016-10-21,LIFTED,CL
2016-10-21,Fresh Eyes,Andy Grammer
2016-10-21,Wanna Be That Song,Brett Eldredge
2016-10-21,All Eyez,The Game Featuring Jeremih
2016-10-28,24K Magic,Bruno Mars
2016-10-28,Love Me Now,John Legend
2016-10-28,Don't Wanna Know,Maroon 5 Featuring Kendrick Lamar
2016-10-28,Today,Brad Paisley
2016-10-28,Million Reasons,Lady Gaga
2016-10-28,PPAP (Pen-Pineapple-Apple-Pen),PIKOTARO
2016-10-28,All Time Low,Jon Bellion
2016-10-28,Ain't My Fault,Zara Larsson
2016-10-28,Kids,OneRepublic
2016-11-04,Blow Your Mind (Mwah),Dua Lipa
2016-11-04,Dirty Laundry,Carrie Underwood
2016-11-04,Bad Things,Machine Gun Kelly x Camila Cabello
2016-11-04,Alone,Marshmello
2016-11-04,80s Mercedes,Maren Morris
2016-11-04,My Sh*t,A Boogie Wit da Hoodie
2016-11-04,How I'll Always Be,Tim McGraw
2016-11-11,Fake Love,Drake
2016-11-11,Hallelujah,Pentatonix
2016-11-11,Sneakin',Drake Featuring 21 Savage
2016-11-11,A-YO,Lady Gaga
2016-11-11,Shout Out To My Ex,Little Mix
2016-11-11,No Heart,21 Savage & Metro Boomin
2016-11-11,Greenlight,Pitbull Featuring Flo Rida & LunchMoney Lewis
2016-11-11,What They Want,Russ
2016-11-11,Say You Won't Let Go,James Arthur
2016-11-18,Litty,Meek Mill Featuring Tory Lanez
2016-11-18,Better Man,Little Big Town
2016-11-18,Froze,Meek Mill Featuring Lil Uzi Vert & Nicki Minaj
2016-11-18,Offended,Meek Mill Featuring Young Thug & 21 Savage
2016-11-18,"Two Birds, One Stone",Drake
2016-11-18,On The Regular,Meek Mill
2016-11-18,The Difference,Meek Mill Featuring Quavo
2016-11-18,Star Of The Show,Thomas Rhett
2016-11-18,Blue Notes,Meek Mill
2016-11-18,Chantaje,Shakira Featuring Maluma
2016-11-18,Blessed Up,Meek Mill
2016-11-25,Used To This,Future Featuring Drake
2016-11-25,Bounce Back,Big Sean
2016-11-25,Setting Fires,The Chainsmokers Featuring XYLO
2016-11-25,Selfish,PnB Rock
2016-11-25,Kill A Word,Eric Church Featuring Rhiannon Giddens
2016-12-02,Hallelujah,Leonard Cohen
2016-12-02,Me And Your Mama,Childish Gambino
2016-12-02,Bad And Boujee,Migos Featuring Lil Uzi Vert
2016-12-02,We The People....,A Tribe Called Quest
2016-12-02,A Guy With A Girl,Blake Shelton
2016-12-02,Call On Me,Starley
2016-12-09,Party Monster,The Weeknd
2016-12-09,I Feel It Coming,The Weeknd Featuring Daft Punk
2016-12-09,Love On The Weekend,John Mayer
2016-12-09,That's My Girl,Fifth Harmony
2016-12-09,Redbone,Childish Gambino
2016-12-09,That's What I Like,Bruno Mars
2016-12-09,Slumber Party,Britney Spears Featuring Tinashe
2016-12-09,Play That Song,Train
2016-12-09,Infinite,Eminem
2016-12-09,Versace On The Floor,Bruno Mars
2016-12-09,Parachute,Chris Stapleton
2016-12-16,Sidewalks,The Weeknd Featuring Kendrick Lamar
2016-12-16,Reminder,The Weeknd
2016-12-16,Six Feet Under,The Weeknd
2016-12-16,Die For You,The Weeknd & Ariana Grande
2016-12-16,Rockin',The Weeknd
2016-12-16,All I Know,The Weeknd Featuring Future
2016-12-16,Secrets,The Weeknd
2016-12-16,True Colors,The Weeknd
2016-12-16,How Far I'll Go,Auli'i Cravalho
2016-12-16,Stargirl Interlude,The Weeknd Featuring Lana Del Rey
2016-12-16,Attention,The Weeknd
2016-12-16,Nothing Without You,The Weeknd
2016-12-16,A Lonely Night,The Weeknd
2016-12-16,Love To Lay,The Weeknd
2016-12-16,Ordinary Life,The Weeknd
2016-12-16,You're Welcome,Dwayne Johnson
2016-12-16,Distraction,Kehlani
2016-12-16,How Far I'll Go,Alessia Cara
2016-12-16,We Know The Way,Opetaia Foa'i & Lin-Manuel Miranda
2016-12-16,Make Me (Cry),Noah Cyrus Featuring Labrinth
2016-12-23,Black Barbies,Nicki Minaj X Mike WiLL Made-It
2016-12-23,Home,gnash Featuring Johnny Yukon
2016-12-23,False Prophets,J. Cole
2016-12-23,Dirt On My Boots,Jon Pardi
2016-12-23,Rockabye,Clean Bandit Featuring Sean Paul & Anne-Marie
2016-12-30,I Don't Wanna Live Forever (Fifty Shades Darker),Zayn / Taylor Swift
2016-12-30,Deja Vu,J. Cole
2016-12-30,Immortal,J. Cole
2016-12-30,Neighbors,J. Cole
2016-12-30,Change,J. Cole
2016-12-30,"She's Mine, Pt. 1",J. Cole
2016-12-30,For Whom The Bell Tolls,J. Cole
2016-12-30,Ville Mentality,J. Cole
2016-12-30,4 Your Eyez Only,J. Cole
2016-12-30,Foldin Clothes,J. Cole
2016-12-30,She's Mine Pt. 2,J. Cole
2016-12-30,Just Hold On,Steve Aoki & Louis Tomlinson
2016-12-30,Everybody Dies,J. Cole
2016-12-30,Darlin' Don't Go,Sundance Head
2016-12-30,Congratulations,Post Malone Featuring Quavo
2016-12-30,At Last,Sundance Head
2017-01-01,Both,Gucci Mane Featuring Drake
2017-01-01,Feliz Navidad,Jose Feliciano
2017-01-01,A Holly Jolly Christmas,Burl Ives
2017-01-01,It's The Most Wonderful Time Of The Year,Andy Williams
2017-01-01,Last Christmas,Wham!
2017-01-01,Party,Chris Brown Featuring Usher & Gucci Mane
2017-01-01,OTW,DJ Luke Nasty
2017-01-01,Red Opps,21 Savage
2017-01-01,Swang,Rae Sremmurd
2017-01-08,Careless Whisper,Wham! Featuring George Michael
2017-01-08,Faith,George Michael
2017-01-08,Moves,Big Sean
2017-01-08,Seein' Red,Dustin Lynch
2017-01-08,iSpy,KYLE Featuring Lil Yachty
2017-01-08,Think A Little Less,Michael Ray
2017-01-08,No Flockin,Kodak Black
2017-01-08,Timeless,A Boogie Wit da Hoodie Featuring DJ SPINKING
2017-01-08,Way Down We Go,KALEO
2017-01-08,Hate U Love U,Olivia O'Brien
2017-01-08,Shaky Shaky,Daddy Yankee
2017-01-15,Sober Saturday Night,Chris Young Featuring Vince Gill
2017-01-15,Beibs In The Trap,Travis Scott
2017-01-15,I Got You,Bebe Rexha
2017-01-15,The Weekend,Brantley Gilbert
2017-01-15,Water,Ugly God
2017-01-22,Shape Of You,Ed Sheeran
2017-01-22,Castle On The Hill,Ed Sheeran
2017-01-22,Location,Khalid
2017-01-22,Drinkin' Too Much,Sam Hunt
2017-01-22,If The Boot Fits,Granger Smith
2017-01-29,Paris,The Chainsmokers
2017-01-29,T-Shirt,Migos
2017-01-29,Not Afraid Anymore,Halsey
2017-01-29,Despacito,Luis Fonsi & Daddy Yankee Featuring Justin Bieber
2017-01-29,Not Nice,PARTYNEXTDOOR
2017-01-29,Black,Dierks Bentley
2017-01-29,Down,Marian Hill
2017-02-05,Fast,Luke Bryan
2017-02-05,Guys My Age,Hey Violet
2017-02-05,Road Less Traveled,Lauren Alaina
2017-02-05,Issues,Julia Michaels
2017-02-05,Good Drank,2 Chainz x Gucci Mane x Quavo
2017-02-05,Any Ol' Barstool,Jason Aldean
2017-02-05,Dancing On My Own,Calum Scott
2017-02-05,Running Back,Wale Featuring Lil Wayne
2017-02-12,Body Like A Back Road,Sam Hunt
2017-02-12,Slippery,Migos Featuring Gucci Mane
2017-02-12,Kelly Price,Migos Featuring Travis Scott
2017-02-12,Call Casting,Migos
2017-02-12,Run Up,Major Lazer Featuring PARTYNEXTDOOR & Nicki Minaj
2017-02-12,I'm Better,Missy Elliott Featuring Lamb
2017-02-12,Get Right Witcha,Migos
2017-02-12,Scared To Be Lonely,Martin Garrix & Dua Lipa
2017-02-12,Culture,Migos Featuring DJ Khaled
2017-02-12,El Amante,Nicky Jam
2017-02-12,Some Kind Of Drug,G-Eazy Featuring Marc E. Bassy
2017-02-19,No Favors,Big Sean Featuring Eminem
2017-02-19,Believer,Imagine Dragons
2017-02-19,My Old Man,Zac Brown Band
2017-02-19,Sacrifices,Big Sean Featuring Migos
2017-02-19,Halfway Off The Balcony,Big Sean
2017-02-19,Jump Out The Window,Big Sean
2017-02-19,Owe Me,Big Sean
2017-02-19,Beauty And The Beast,Ariana Grande & John Legend
2017-02-19,I Don't,Mariah Carey Featuring YG
2017-02-19,Now & Later,Sage The Gemini
2017-02-19,In Case You Didn't Know,Brett Young
2017-02-19,Look At Me!,XXXTENTACION
2017-02-19,Light,Big Sean Featuring Jeremih
2017-02-26,Chained To The Rhythm,Katy Perry Featuring Skip Marley
2017-02-26,Cold,Maroon 5 Featuring Future
2017-02-26,Bom Bidi Bom,Nick Jonas & Nicki Minaj
2017-02-26,Shining,DJ Khaled Featuring Beyonce & JAY Z
2017-02-26,Helium,Sia
2017-02-26,Heroe Favorito,Romeo Santos
2017-02-26,Everything 1K,Kodak Black
2017-02-26,Everyday,Ariana Grande Featuring Future
2017-02-26,Rolex,Ayo & Teo
2017-02-26,Cash Me Outside (#CashMeOutside),DJ Suede The Remix God
2017-02-26,It Ain't Me,Kygo x Selena Gomez
2017-02-26,Yeah Boy,Kelsea Ballerini
2017-02-26,Hurricane,Luke Combs
2017-03-05,Tunnel Vision,Kodak Black
2017-03-05,How Would You Feel (Paean),Ed Sheeran
2017-03-05,Love,Lana Del Rey
2017-03-05,Draco,Future
2017-03-05,Mask Off,Future
2017-03-05,Heavy,Linkin Park Featuring Kiiara
2017-03-05,Rent Money,Future
2017-03-05,Something Just Like This,The Chainsmokers & Coldplay
2017-03-05,Super Trapper,Future
2017-03-05,Zoom,Future
2017-03-12,Stay,Zedd & Alessia Cara
2017-03-12,Slide,Calvin Harris Featuring Frank Ocean & Migos
2017-03-12,Selfish,Future Featuring Rihanna
2017-03-12,Comin Out Strong,Future Featuring The Weeknd
2017-03-12,Make Love,Gucci Mane & Nicki Minaj
2017-03-12,Losin Control,Russ
2017-03-12,"God, Your Mama, And Me",Florida Georgia Line Featuring Backstreet Boys
2017-03-12,Hometown Girl,Josh Turner
2017-03-12,Green Light,Lorde
2017-03-19,Perfect,Ed Sheeran
2017-03-19,Dive,Ed Sheeran
2017-03-19,Galway Girl,Ed Sheeran
2017-03-19,Happier,Ed Sheeran
2017-03-19,New Man,Ed Sheeran
2017-03-19,Supermarket Flowers,Ed Sheeran
2017-03-19,What Do I Know?,Ed Sheeran
2017-03-19,Eraser,Ed Sheeran
2017-03-19,Hearts Don't Break Around Here,Ed Sheeran
2017-03-19,Barcelona,Ed Sheeran
2017-03-26,No Frauds,Nicki Minaj With Drake & Lil Wayne
2017-03-26,Regret In Your Tears,Nicki Minaj
2017-03-26,Changed It,Nicki Minaj With Lil Wayne
2017-03-26,Chanel,Frank Ocean
2017-03-26,Liability,Lorde
2017-03-26,Prblms,6LACK
2017-04-02,Passionfruit,Drake
2017-04-02,Portland,Drake Featuring Quavo & Travis Scott
2017-04-02,Free Smoke,Drake
2017-04-02,Gyalchester,Drake
2017-04-02,Teenage Fever,Drake
2017-04-02,Sacrifices,Drake Featuring 2 Chainz & Young Thug
2017-04-02,Blem,Drake
2017-04-02,No Long Talk,Drake Featuring Giggs
2017-04-02,Get It Together,Drake Featuring Jorja Smith & Black Coffee
2017-04-02,KMT,Drake Featuring Giggs
2017-04-02,Jorja Interlude,Drake
2017-04-02,4422,Drake Featuring Sampha
2017-04-02,Madiba Riddim,Drake
2017-04-02,Glow,Drake Featuring Kanye West
2017-04-02,Do Not Disturb,Drake
2017-04-02,Nothings Into Somethings,Drake
2017-04-02,Ice Melts,Drake Featuring Young Thug
2017-04-02,Lose You,Drake
2017-04-02,Since Way Back,Drake Featuring PARTYNEXTDOOR
2017-04-02,Skepta Interlude,Drake
2017-04-02,Can't Have Everything,Drake
2017-04-02,At My Best,Machine Gun Kelly Featuring Hailee Steinfeld
2017-04-02,Trap Trap Trap,Rick Ross Featuring Young Thug & Wale
2017-04-02,Swalla,Jason Derulo Featuring Nicki Minaj & Ty Dolla $ign
2017-04-09,The Heart Part 4,Kendrick Lamar
2017-04-09,XO TOUR Llif3,Lil Uzi Vert
2017-04-09,Speak To A Girl,Tim McGraw & Faith Hill
2017-04-09,Still Got Time,Zayn Featuring PARTYNEXTDOOR
2017-04-16,Humble.,Kendrick Lamar
2017-04-16,Craving You,Thomas Rhett Featuring Maren Morris
2017-04-16,Everybody,Logic
2017-04-16,You Look Good,Lady Antebellum
2017-04-16,Tin Man,Miranda Lambert
2017-04-16,Subeme La Radio,"Enrique Iglesias Featuring Descemer Bueno, Zion & Lennox Or Sean Paul"
2017-04-16,First Day Out,Tee Grizzley
2017-04-16,The One,The Chainsmokers
2017-04-16,Conscience,Kodak Black Featuring Future
2017-04-16,Drowning,A Boogie Wit da Hoodie Featuring Kodak Black
2017-04-16,Heatstroke,"Calvin Harris Featuring Young Thug, Pharrell Williams & Ariana Grande"
2017-04-16,How Not To,Dan + Shay
2017-04-16,Human,Rag'n'Bone Man
2017-04-23,Sign Of The Times,Harry Styles
2017-04-23,Now Or Never,Halsey
2017-04-23,Unforgettable,French Montana Featuring Swae Lee
2017-04-23,Everyday We Lit,YFN Lucci Featuring PnB Rock
2017-04-23,Cake,Flo Rida & 99 Percent
2017-04-23,Bar At The End Of The World,Kenny Chesney
2017-04-23,Weak,AJR
2017-04-23,If I Told You,Darius Rucker
2017-04-23,Flatliner,Cole Swindell
2017-04-30,DNA.,Kendrick Lamar
2017-04-30,Loyalty.,Kendrick Lamar Featuring Rihanna
2017-04-30,Element.,Kendrick Lamar
2017-04-30,Love.,Kendrick Lamar Featuring Zacari
2017-04-30,Yah.,Kendrick Lamar
2017-04-30,XXX.,Kendrick Lamar Featuring U2
2017-04-30,Feel.,Kendrick Lamar
2017-04-30,Pride.,Kendrick Lamar
2017-04-30,The Cure,Lady Gaga
2017-04-30,Lust.,Kendrick Lamar
2017-04-30,Fear.,Kendrick Lamar
2017-04-30,Blood.,Kendrick Lamar
2017-04-30,God.,Kendrick Lamar
2017-04-30,Duckworth.,Kendrick Lamar
2017-04-30,Good Life,G-Eazy & Kehlani
2017-04-30,Peek A Boo,Lil Yachty Featuring Migos
2017-04-30,Black SpiderMan,Logic Featuring Damian Lemar Hudson
2017-04-30,Broken Halos,Chris Stapleton
2017-04-30,The Night We Met,Lord Huron
2017-05-07,There's Nothing Holdin' Me Back,Shawn Mendes
2017-05-07,Lust For Life,Lana Del Rey Featuring The Weeknd
2017-05-07,Attention,Charlie Puth
2017-05-07,Do Re Mi,blackbear
2017-05-07,Hard Times,Paramore
2017-05-07,My Girl,Dylan Scott
2017-05-14,I'm The One,"DJ Khaled Featuring Justin Bieber, Quavo, Chance The Rapper & Lil Wayne"
2017-05-14,1-800-273-8255,Logic Featuring Alessia Cara & Khalid
2017-05-14,First Time,Kygo & Ellie Goulding
2017-05-14,Thunder,Imagine Dragons
2017-05-14,Bon Appetit,Katy Perry Featuring Migos
2017-05-14,Privacy,Chris Brown
2017-05-14,Slow Hands,Niall Horan
2017-05-14,Magnolia,Playboi Carti
2017-05-14,Sweet Creature,Harry Styles
2017-05-14,Wokeuplikethis*,Playboi Carti Featuring Lil Uzi Vert
2017-05-21,Malibu,Miley Cyrus
2017-05-21,Every Time I Hear That Song,Blake Shelton
2017-05-21,Either Way,Chris Stapleton
2017-05-21,Drinkin' Problem,Midland
2017-05-28,Rollin,Calvin Harris Featuring Future & Khalid
2017-05-28,Bad Liar,Selena Gomez
2017-05-28,Whatever It Takes,Imagine Dragons
2017-05-28,Felices Los 4,Maluma
2017-05-28,No Promises,Cheat Codes Featuring Demi Lovato
2017-05-28,Ghost In This House,Lauren Duski
2017-05-28,Me Enamore,Shakira
2017-06-04,Strip That Down,Liam Payne Featuring Quavo
2017-06-04,Deja Vu,Lauren Duski
2017-06-04,Swish Swish,Katy Perry Featuring Nicki Minaj
2017-06-04,Crying In The Club,Camila Cabello
2017-06-04,Money On You,Chris Blue
2017-06-04,Yours If You Want It,Rascal Flatts
2017-06-04,Most Girls,Hailee Steinfeld
2017-06-04,The Dance,Lauren Duski
2017-06-04,Boy,Lee Brice
2017-06-11,Somethin Tells Me,Bryson Tiller
2017-06-11,Self-Made,Bryson Tiller
2017-06-11,Met Gala,Gucci Mane Featuring Offset
2017-06-11,Don't Get Too High,Bryson Tiller
2017-06-11,No Such Thing As A Broken Heart,Old Dominion
2017-06-11,Run Me Dry,Bryson Tiller
2017-06-11,There For You,Martin Garrix x Troye Sivan
2017-06-11,No Longer Friends,Bryson Tiller
2017-06-11,Butterfly Effect,Travis Scott
2017-06-11,Strangers,Halsey Featuring Lauren Jauregui
2017-06-18,Down,Fifth Harmony Featuring Gucci Mane
2017-06-18,To The Max,DJ Khaled Featuring Drake
2017-06-18,4 AM,2 Chainz Featuring Travis Scott
2017-06-18,Whatever You Need,Meek Mill Featuring Chris Brown & Ty Dolla $ign
2017-06-18,Small Town Boy,Dustin Lynch
2017-06-18,Know No Better,"Major Lazer Featuring Travis Scott, Camila Cabello & Quavo"
2017-06-18,It's Everyday Bro,Jake Paul Featuring Team 10
2017-06-18,Somebody Else Will,Justin Moore
2017-06-18,Nobody Else But You,Trey Songz
2017-06-25,2U,David Guetta Featuring Justin Bieber
2017-06-25,Love Galore,SZA Featuring Travis Scott
2017-06-25,Do I Make You Wanna,Billy Currington
2017-06-25,Escapate Conmigo,Wisin Featuring Ozuna
2017-06-25,What Ifs,Kane Brown Featuring Lauren Alaina
2017-06-25,It's A Vibe,"2 Chainz Featuring Ty Dolla $ign, Trey Songz & Jhene Aiko"
2017-06-25,It Ain't My Fault,Brothers Osborne
2017-07-02,Wild Thoughts,DJ Khaled Featuring Rihanna & Bryson Tiller
2017-07-02,Feels,"Calvin Harris Featuring Pharrell Williams, Katy Perry & Big Sean"
2017-07-02,First Day Out,Kodak Black
2017-07-02,Relationship,Young Thug Featuring Future
2017-07-02,Feel It Still,Portugal. The Man
2017-07-02,Real Hitta,Plies Featuring Kodak Black
2017-07-09,Signs,Drake
2017-07-09,Don't Quit,DJ Khaled & Calvin Harris Featuring Travis Scott & Jeremih
2017-07-09,No Complaints,Metro Boomin Featuring Offset & Drake
2017-07-09,On Everything,"DJ Khaled Featuring Travis Scott, Rick Ross & Big Sean"
2017-07-09,Crew,GoldLink Featuring Brent Faiyaz & Shy Glizzy
2017-07-16,Mi Gente,J Balvin & Willy William Featuring Beyonce
2017-07-16,Rake It Up,Yo Gotti Featuring Nicki Minaj
2017-07-16,Bodak Yellow (Money Moves),Cardi B
2017-07-16,Who Dat Boy,"Tyler, The Creator"
2017-07-16,Heartache On The Dance Floor,Jon Pardi
2017-07-16,Extra Luv,Future Featuring YG
2017-07-23,The Story Of O.J.,JAY-Z
2017-07-23,Praying,Kesha
2017-07-23,Bank Account,21 Savage
2017-07-23,4:44,JAY-Z
2017-07-23,Bam,"JAY-Z Featuring Damian ""Jr. Gong"" Marely"
2017-07-23,Family Feud,JAY-Z Featuring Beyonce
2017-07-23,Sorry Not Sorry,Demi Lovato
2017-07-23,Kill Jay Z,JAY-Z
2017-07-23,Smile,JAY-Z Featuring Gloria Carter
2017-07-23,Caught Their Eyes,JAY-Z Featuring Frank Ocean
2017-07-23,Moonlight,JAY-Z
2017-07-23,Glorious,Macklemore Featuring Skylar Grey
2017-07-23,Marcy Me,JAY-Z
2017-07-23,Get Low,Zedd & Liam Payne
2017-07-23,Fetish,Selena Gomez Featuring Gucci Mane
2017-07-23,Famous,21 Savage
2017-07-30,A Lie,French Montana Featuring The Weeknd & Max B
2017-07-30,Jerika,Jake Paul & Erika Costell Featuring Uncle Kade
2017-07-30,Young Dumb & Broke,Khalid
2017-07-30,Woman,Kesha Featuring The Dap-Kings Horns
2017-08-06,Back To You,Louis Tomlinson Featuring Bebe Rexha & Digital Farm Animals
2017-08-06,What's My Name,"China Anne McClain, Thomas Doherty & Dylan Playfair"
2017-08-06,Issues,Meek Mill
2017-08-06,Wins & Losses,Meek Mill
2017-08-06,It's Goin' Down,Descendants 2 Cast
2017-08-06,1942 Flows,Meek Mill
2017-08-06,Imitadora,Romeo Santos
2017-08-06,We Ball,Meek Mill Featuring Young Thug
2017-08-06,F**k That Check Up,Meek Mill & Lil Uzi Vert
2017-08-06,Heavy Heart,Meek Mill
2017-08-13,You Da Baddest,Future Featuring Nicki Minaj
2017-08-13,Unforgettable,Thomas Rhett
2017-08-13,When It Rains It Pours,Luke Combs
2017-08-13,They Don't Know,Jason Aldean
2017-08-13,Honest,The Chainsmokers
2017-08-13,The Weekend,SZA
2017-08-13,New Rules,Dua Lipa
2017-08-13,Wish I Knew You,The Revivalists
2017-08-13,Every Little Thing,Carly Pearce
2017-08-13,Learn To Let Go,Kesha
2017-08-13,All The Pretty Girls,Kenny Chesney
2017-08-13,For Her,Chris Lane
2017-08-20,The Race,Tay-K
2017-08-20,Patty Cake,Kodak Black
2017-08-20,OMG,Camila Cabello Featuring Quavo
2017-08-20,What About Us,P!nk
2017-08-20,Perplexing Pegasus,Rae Sremmurd
2017-08-20,B.E.D.,Jacquees
2017-08-20,Chillin' Like A Villain,"Sofia Carson, Cameron Boyce, Booboo Stewart & Mitchell Hope"
2017-08-20,Havana,Camila Cabello Featuring Young Thug
2017-08-27,Silence,Marshmello Featuring Khalid
2017-08-27,More Girls Like You,Kip Moore
2017-08-27,Something New,Wiz Khalifa Featuring Ty Dolla $ign
2017-08-27,Untouchable,YoungBoy Never Broke Again
2017-08-27,I Could Use A Love Song,Maren Morris
2017-08-27,Fix A Drink,Chris Janson
2017-09-03,Friends,Justin Bieber + BloodPop
2017-09-03,I Get The Bag,Gucci Mane Featuring Migos
2017-09-03,Roll In Peace,Kodak Black Featuring XXXTENTACION
2017-09-03,Look What You Made Me Do,Taylor Swift
2017-09-03,Younger Now,Miley Cyrus
2017-09-03,Its Every Night Sis,RiceGum Featuring Alissa Violet
2017-09-03,Transportin',Kodak Black
2017-09-03,Questions,Chris Brown
2017-09-10,Jocelyn Flores,XXXTENTACION
2017-09-10,The Way Life Goes,Lil Uzi Vert Featuring Nicki Minaj
2017-09-10,F**k Love,XXXTENTACION Featuring Trippie Redd
2017-09-10,Sauce It Up,Lil Uzi Vert
2017-09-10,Everybody Dies In Their Nightmares,XXXTENTACION
2017-09-10,444+222,Lil Uzi Vert
2017-09-10,What Lovers Do,Maroon 5 Featuring SZA
2017-09-10,Light It Up,Luke Bryan
2017-09-10,Revenge,XXXTENTACION
2017-09-10,Neon Guts,Lil Uzi Vert Featuring Pharrell Williams
2017-09-10,Two,Lil Uzi Vert
2017-09-10,X,Lil Uzi Vert
2017-09-10,For Real,Lil Uzi Vert
2017-09-10,UnFazed,Lil Uzi Vert Featuring The Weeknd
2017-09-10,No Sleep Leak,Lil Uzi Vert
2017-09-10,Depression & Obsession,XXXTENTACION
2017-09-10,Dark Queen,Lil Uzi Vert
2017-09-10,Save Me,XXXTENTACION
2017-09-10,Carry On,XXXTENTACION
2017-09-10,Tell Me You Love Me,Demi Lovato
2017-09-17,...Ready For It?,Taylor Swift
2017-09-17,These Heaux,Bhad Bhabie
2017-09-17,Bad At Love,Halsey
2017-09-17,Greatest Love Story,LANCO
2017-09-17,Sky Walker,Miguel Featuring Travis Scott
2017-09-17,No Fear,DeJ Loaf
2017-09-24,Too Good At Goodbyes,Sam Smith
2017-09-24,Dusk Till Dawn,Zayn Featuring Sia
2017-09-24,Love So Soft,Kelly Clarkson
2017-09-24,I'll Name The Dogs,Blake Shelton
2017-09-24,Found You,Kane Brown
2017-09-24,Gucci Gang,Lil Pump
2017-09-24,No Limit,G-Eazy Featuring A$AP Rocky & Cardi B
2017-09-24,Pills And Automobiles,"Chris Brown Featuring Yo Gotti, A Boogie Wit da Hoodie & Kodak Black"
2017-09-24,Let Me Go,Hailee Steinfeld & Alesso Featuring Florida Georgia Line & Watt
2017-10-01,Rockstar,Post Malone Featuring 21 Savage
2017-10-01,Too Much To Ask,Niall Horan
2017-10-01,Curve,Gucci Mane Featuring The Weeknd
2017-10-01,DNA,BTS
2017-10-01,Homemade Dynamite,"Lorde Featuring Khalid, Post Malone & SZA"
2017-10-08,I Fall Apart,Post Malone
2017-10-08,Good Old Days,Macklemore Featuring Kesha
2017-10-08,Losing Sleep,Chris Young
2017-10-08,Like I Loved You,Brett Young
2017-10-08,Round Here Buzz,Eric Church
2017-10-08,Plain Jane,A$AP Ferg Featuring Nicki Minaj
2017-10-15,Hi Bich,Bhad Bhabie
2017-10-15,No Promises,A Boogie Wit da Hoodie
2017-10-15,Say A',A Boogie Wit da Hoodie
2017-10-15,Undefeated,A Boogie Wit da Hoodie Featuring 21 Savage
2017-10-15,Beast Mode,A Boogie Wit da Hoodie Featuring PnB Rock & YoungBoy Never Broke Again
2017-10-15,Smooth,Florida Georgia Line
2017-10-22,Almost Like Praying,Lin-Manuel Miranda Featuring Artists For Puerto Rico
2017-10-22,Pray,Sam Smith Featuring Logic
2017-10-22,How Long,Charlie Puth
2017-10-22,Heaven,Kane Brown
2017-10-22,Dear Hate,Maren Morris Featuring Vince Gill
2017-10-22,Lights Down Low,MAX Featuring gnash
2017-10-22,Too Hotty,"Quavo, Takeoff & Offset"
2017-10-29,High End,Chris Brown Featuring Future & Young Thug
2017-10-29,Yours,Russell Dickerson
2017-10-29,Let You Down,NF
2017-10-29,Stunting Ain't Nuthin,Gucci Mane Featuring Slim Jxmmi & Young Dolph
2017-10-29,You Broke Up With Me,Walker Hayes
2017-10-29,Mayores,Becky G Featuring Bad Bunny
2017-10-29,Ask Me How I Know,Garth Brooks
2017-11-05,Gorgeous,Taylor Swift
2017-11-05,Patek Water,Future & Young Thug Featuring Offset
2017-11-05,Meant To Be,Bebe Rexha & Florida Georgia Line
2017-11-05,No Cap,Future & Young Thug
2017-11-05,Feed Me Dope,Future
2017-11-05,All Da Smoke,Future & Young Thug
2017-11-05,Candy Paint,Post Malone
2017-11-05,Wolves,Selena Gomez X Marshmello
2017-11-05,4 Da Gang,Future
2017-11-05,Bedroom Floor,Liam Payne
2017-11-05,Three,Future & Young Thug
2017-11-12,MotorSport,"Migos, Nicki Minaj & Cardi B"
2017-11-12,Ghostface Killers,"21 Savage, Offset & Metro Boomin Featuring Travis Scott"
2017-11-12,Ric Flair Drip,Offset & Metro Boomin
2017-11-12,Rap Saved Me,"21 Savage, Offset & Metro Boomin Featuring Quavo"
2017-11-12,My Choppa Hate N****s,21 Savage & Metro Boomin
2017-11-12,All On Me,Devin Dawson
2017-11-19,Call It What You Want,Taylor Swift
2017-11-19,Lemon,N*E*R*D & Rihanna
2017-11-19,Rubbin Off The Paint,YBN Nahmir
2017-11-19,Wait,Maroon 5
2017-11-19,Pull Up N Wreck,Big Sean & Metro Boomin Featuring 21 Savage
2017-11-19,Mad Stalkers,"21 Savage, Offset & Metro Boomin"
2017-11-19,Nightmare,Offset & Metro Boomin
2017-11-26,Walk On Water,Eminem Featuring Beyonce
2017-11-26,Gummo,6ix9ine
2017-11-26,Wanted You,NAV Featuring Lil Uzi Vert
2017-11-26,Female,Keith Urban
2017-11-26,Betrayed,Lil Xan
2017-11-26,The Plan,G-Eazy
2017-11-26,Pick It Up,Famous Dex Featuring A$AP Rocky
2017-12-03,Echame La Culpa,Luis Fonsi & Demi Lovato
2017-12-03,Awful Things,Lil Peep
2017-12-03,End Game,Taylor Swift Featuring Ed Sheeran & Future
2017-12-03,Home,"Machine Gun Kelly, X Ambassadors & Bebe Rexha"
2017-12-03,When We,Tank
2017-12-03,Beautiful Trauma,P!nk
2017-12-03,No Smoke,YoungBoy Never Broke Again
2017-12-03,The Rest Of Our Life,Tim McGraw & Faith Hill
2017-12-03,Written In The Sand,Old Dominion
2017-12-03,Faking It,Calvin Harris Featuring Kehlani & Lil Yachty
2017-12-10,MIC Drop,BTS Featuring Desiigner
2017-12-10,Codeine Dreaming,Kodak Black Featuring Lil Wayne
2017-12-10,Krippy Kush,"Farruko, Nicki Minaj, Bad Bunny, 21 Savage & Rvssian"
2017-12-10,Legends,Kelsea Ballerini
2017-12-10,Total Eclipse Of The Heart,Chloe Kohanski
2017-12-10,Perro Fiel,Shakira Featuring Nicky Jam
2017-12-17,Him & I,G-Eazy & Halsey
2017-12-17,Kooda,6ix9ine
2017-12-17,Juice,Yo Gotti
2017-12-17,Bella y Sensual,Romeo Santos Featuring Nicky Jam & Daddy Yankee
2017-12-17,Marry Me,Thomas Rhett
2017-12-17,Five More Minutes,Scotty McCreery
2017-12-17,Criminal,Natti Natasha x Ozuna
2017-12-24,Never Be The Same,Camila Cabello
2017-12-24,Go Legend,Big Sean & Metro Boomin Featuring Travis Scott
2017-12-24,Dark Knight Dummo,Trippie Redd Featuring Travis Scott
2017-12-24,My Dawg,Lil Baby
2017-12-24,Danger,Migos & Marshmello
2017-12-24,Untouchable,Eminem
2017-12-31,River,Eminem Featuring Ed Sheeran
2017-12-31,Tennessee Rain,Addison Agen
2017-12-31,Wish I Didn't Love You,Chloe Kohanski
2017-12-31,Ice Tray,Quavo & Lil Yachty
2017-12-31,I Pray,Red Marlow
2017-12-31,Believe,Eminem
2018-01-08,Bartier Cardi,Cardi B Featuring 21 Savage
2018-01-08,Finesse,Bruno Mars & Cardi B
2018-01-08,La Modelo,Ozuna x Cardi B
2018-01-08,One Foot,WALK THE MOON
2018-01-08,This Is Me,Keala Settle & The Greatest Showman Ensemble
2018-01-08,Rewrite The Stars,Zac Efron & Zendaya
2018-01-08,Never Enough,Loren Allred
2018-01-08,Stir Fry,Migos
2018-01-08,Corazon,Maluma X Nego do Borel
2018-01-08,The Greatest Show,"Hugh Jackman, Keala Settle, Zac Efron, Zendaya & The Greatest Showman Ensemble"
2018-01-08,Best Friend,"Sofi Tukker Featuring NERVO, The Knocks & Alisa Ueno"
2018-01-15,Filthy,Justin Timberlake
2018-01-15,All The Stars,Kendrick Lamar & SZA
2018-01-15,For You (Fifty Shades Freed),Liam Payne & Rita Ora
2018-01-15,Nowadays,Lil Skies Featuring Landon Cube
2018-01-15,I Miss You,Clean Bandit Featuring Julia Michaels
2018-01-15,Red Roses,Lil Skies Featuring Landon Cube
2018-01-22,The Champion,Carrie Underwood Featuring Ludacris
2018-01-22,KEKE,"6ix9ine, Fetty Wap & A Boogie Wit da Hoodie"
2018-01-22,Outside Today,YoungBoy Never Broke Again
2018-01-22,My My My!,Troye Sivan
2018-01-22,Tequila,Dan + Shay
2018-01-22,King's Dead,"Jay Rock, Kendrick Lamar, Future & James Blake"
2018-01-22,IDGAF,Dua Lipa
2018-01-22,El Bano,Enrique Iglesias Featuring Bad Bunny
2018-01-29,God's Plan,Drake
2018-01-29,Diplomatic Immunity,Drake
2018-01-29,Mine,Bazzi
2018-01-29,Sick Boy,The Chainsmokers
2018-01-29,Supplies,Justin Timberlake
2018-01-29,No Name,NF
2018-01-29,Rock,Plies
2018-02-05,Say Something,Justin Timberlake Featuring Chris Stapleton
2018-02-05,Walk It Talk It,Migos Featuring Drake
2018-02-05,The Middle,"Zedd, Maren Morris & Grey"
2018-02-05,You Make It Easy,Jason Aldean
2018-02-05,Narcos,Migos
2018-02-05,BBO (Bad Bitches Only),Migos Featuring 21 Savage
2018-02-05,Notice Me,Migos Featuring Post Malone
2018-02-05,Supastars,Migos
2018-02-05,White Sand,"Migos Featuring Travis Scott, Ty Dolla $ign & Big Sean"
2018-02-05,Gang Gang,Migos
2018-02-05,New Freezer,Rich The Kid Featuring Kendrick Lamar
2018-02-05,Higher We Go (Intro),Migos
2018-02-05,Auto Pilot,Migos
2018-02-05,Emoji A Chain,Migos
2018-02-05,El Farsante,Ozuna & Romeo Santos
2018-02-05,Most People Are Good,Luke Bryan
2018-02-05,CC,Migos Featuring Gucci Mane
2018-02-12,Pray For Me,The Weeknd & Kendrick Lamar
2018-02-12,Man Of The Woods,Justin Timberlake
2018-02-12,Dura,Daddy Yankee
2018-02-12,Hardaway,Derez De'Shon
2018-02-12,At The Club,Jacquees X DeJ Loaf
2018-02-12,The Long Way,Brett Eldredge
2018-02-12,Singles You Up,Jordan Davis
2018-02-12,A Girl Like You,Easton Corbin
2018-02-19,Look Alive,BlocBoy JB Featuring Drake
2018-02-19,X,"ScHoolboy Q, 2 Chainz & Saudi"
2018-02-19,Plug Walk,Rich The Kid
2018-02-19,The Ways,Khalid & Swae Lee
2018-02-19,Paramedic!,SOB X RBE
2018-02-19,Big Shot,Kendrick Lamar & Travis Scott
2018-02-19,Friends,Marshmello & Anne-Marie
2018-02-19,Black Panther,Kendrick Lamar
2018-02-19,I Like Me Better,Lauv
2018-02-26,Love Lies,Khalid & Normani
2018-02-26,Get You,Daniel Caesar Featuring Kali Uchis
2018-03-05,Psycho,Post Malone Featuring Ty Dolla $ign
2018-03-05,44 More,Logic
2018-03-05,Billy,6ix9ine
2018-03-05,Want You Back,5 Seconds Of Summer
2018-03-05,RONDO,6ix9ine Featuring Tory Lanez & Young Thug
2018-03-05,Booty,Blac Youngsta
2018-03-05,She's With Me,High Valley
2018-03-05,Break Up In The End,Cole Swindell
2018-03-05,Make Me Feel,Janelle Monae
2018-03-12,Sad!,XXXTENTACION
2018-03-12,Top Off,"DJ Khaled Featuring JAY Z, Future & B"
2018-03-12,Everyday,Logic & Marshmello
2018-03-12,No Excuses,Meghan Trainor
2018-03-12,Changes,XXXTENTACION
2018-03-12,Powerglide,Rae Sremmurd & Juicy J
2018-03-12,X,Nicky Jam x J Balvin
2018-03-12,Stranger Things,Joyner Lucas & Chris Brown
2018-03-12,Tempo,Chris Brown
2018-03-12,Sativa,Jhene Aiko Featuring Swae Lee Or Rae Sremmurd
2018-03-12,I Lived It,Blake Shelton
2018-03-12,Broken Clocks,SZA
2018-03-19,Zombie,Bad Wolves
2018-03-19,Indica Badu,Logic Featuring Wiz Khalifa
2018-03-19,Contra,Logic
2018-03-19,NBAYoungboat,Lil Yachty Featuring NBA YoungBoy
2018-03-19,Overnight,Logic
2018-03-19,66,Lil Yachty Featuring Trippie Redd
2018-03-19,Midnight,Logic
2018-03-19,Wassup,Logic Featuring Big Sean
2018-03-19,Delicate,Taylor Swift
2018-03-19,Yuck,Logic
2018-03-19,Boom!,Lil Yachty Featuring Ugly God
2018-03-19,BoomTrap Protocol,Logic
2018-03-19,Warm It Up,Logic Featuring Young Sinatra
2018-03-26,Freaky Friday,Lil Dicky Featuring Chris Brown
2018-03-26,Moonlight,XXXTENTACION
2018-03-26,Found / Tonight,Lin-Manuel Miranda & Ben Platt
2018-03-26,The Remedy For A Broken Heart (Why Am I So In Love),XXXTENTACION
2018-03-26,In My Blood,Shawn Mendes
2018-03-26,Numb,XXXTENTACION
2018-03-26,Infinity (888),XXXTENTACION Featuring Joey Bada$$
2018-03-26,One Number Away,Luke Combs
2018-03-26,Sit Next To Me,Foster The People
2018-03-26,Going Down!,XXXTENTACION
2018-03-26,Everybody Hates Me,The Chainsmokers
2018-04-02,Say Amen (Saturday Night),Panic! At The Disco
2018-04-02,Lost In Japan,Shawn Mendes X Zedd
2018-04-02,Japan,Famous Dex
2018-04-02,Up Down,Morgan Wallen Featuring Florida Georgia Line
2018-04-02,For The First Time,Darius Rucker
2018-04-02,No Roots,Alice Merton
2018-04-09,Call Out My Name,The Weeknd
2018-04-09,Be Careful,Cardi B
2018-04-09,Try Me,The Weeknd
2018-04-09,Wasted Times,The Weeknd
2018-04-09,I Was Never There,The Weeknd Featuring Gesaffelstein
2018-04-09,Hurt You,The Weeknd Featuring Gesaffelstein
2018-04-09,Medicine,Queen Naija
2018-04-09,Privilege,The Weeknd
2018-04-09,Boo'd Up,Ella Mai
2018-04-09,OKRA,"Tyler, The Creator"
2018-04-09,Take Back Home Girl,Chris Lane Featuring Tori Kelly
2018-04-09,"Woman, Amen",Dierks Bentley
2018-04-09,Proud,2 Chainz Featuring YG & Offset
2018-04-09,Focus,H.E.R.
2018-04-16,Nice For What,Drake
2018-04-16,I Like It,"Cardi B, Bad Bunny & J Balvin"
2018-04-16,Drip,Cardi B Featuring Migos
2018-04-16,I Do,Cardi B Featuring SZA
2018-04-16,Ring,Cardi B Featuring Kehlani
2018-04-16,Get Up 10,Cardi B
2018-04-16,Best Life,Cardi B Featuring Chance The Rapper
2018-04-16,Bickenhead,Cardi B
2018-04-16,Thru Your Phone,Cardi B
2018-04-16,She Bad,Cardi B & YG
2018-04-16,Money Bag,Cardi B
2018-04-16,Diamond Teeth Samurai,YoungBoy Never Broke Again
2018-04-16,One Kiss,Calvin Harris & Dua Lipa
2018-04-16,A$AP Forever,A$AP Rocky Featuring Moby
2018-04-16,Barbie Tingz,Nicki Minaj
2018-04-16,Get Along,Kenny Chesney
2018-04-16,Chun-Li,Nicki Minaj
2018-04-16,Alone,Halsey Featuring Big Sean & Stefflon Don
2018-04-23,Esskeetit,Lil Pump
2018-04-23,Cry Pretty,Carrie Underwood
2018-04-23,Let Me,Zayn
2018-04-23,Guatemala,Swae Lee Featuring Slim Jxmmi
2018-04-23,Anybody,Young Thug Featuring Nicki Minaj
2018-04-23,Gotti,6ix9ine
2018-04-30,No Tears Left To Cry,Ariana Grande
2018-04-30,ATM,J. Cole
2018-04-30,Kevin's Heart,J. Cole
2018-04-30,KOD,J. Cole
2018-04-30,Photograph,J. Cole
2018-04-30,Motiv8,J. Cole
2018-04-30,1985 (Intro To The Fall Off),J. Cole
2018-04-30,The Cut Off,J. Cole Featuring kiLL edward
2018-04-30,Brackets,J. Cole
2018-04-30,Window Pain (Outro),J. Cole
2018-04-30,Friends,J. Cole Featuring kiLL edward
2018-04-30,Once An Addict (Interlude),J. Cole
2018-04-30,Intro,J. Cole
2018-04-30,OTW,"Khalid, Ty Dolla $ign & 6LACK"
2018-04-30,Babe,Sugarland Featuring Taylor Swift
2018-04-30,Te Bote,"Casper Magico, Nio Garcia, Darell, Nicky Jam, Ozuna & Bad Bunny"
2018-04-30,Dame Tu Cosita,Pitbull x El Chombo x Karol G Featuring Cutty Ranks
2018-04-30,Everything's Gonna Be Alright,David Lee Murphy & Kenny Chesney
2018-04-30,Close,Rae Sremmurd & Travis Scott
2018-05-07,Better Now,Post Malone
2018-05-07,Paranoid,Post Malone
2018-05-07,Rich & Sad,Post Malone
2018-05-07,Spoil My Night,Post Malone Featuring Swae Lee
2018-05-07,Ball For Me,Post Malone Featuring Nicki Minaj
2018-05-07,Stay,Post Malone
2018-05-07,Same Bitches,Post Malone Featuring G-Eazy & YG
2018-05-07,Zack And Codeine,Post Malone
2018-05-07,Over Now,Post Malone
2018-05-07,Takin' Shots,Post Malone
2018-05-07,92 Explorer,Post Malone
2018-05-07,Otherside,Post Malone
2018-05-07,Blame It On Me,Post Malone
2018-05-07,Sugar Wraith,Post Malone
2018-05-07,Famous,Mason Ramsey
2018-05-07,Jonestown (Interlude),Post Malone
2018-05-07,Overdose,YoungBoy Never Broke Again
2018-05-07,Ye vs The People,Kanye West Featuring T.I.
2018-05-14,This Is America,Childish Gambino
2018-05-14,Watch,Travis Scott Featuring Lil Uzi Vert & Kanye West
2018-05-14,Beautiful Crazy,Luke Combs
2018-05-14,Youth,Shawn Mendes Featuring Khalid
2018-05-14,Done For Me,Charlie Puth Featuring Kehlani
2018-05-14,Gucci Flip Flops,Bhad Bhabie Featuring Lil Yachty
2018-05-14,Mercy,Brett Young
2018-05-14,Preach,YoungBoy Never Broke Again
2018-05-21,Shoota,Playboi Carti Featuring Lil Uzi Vert
2018-05-21,Yes Indeed,Lil Baby & Drake
2018-05-21,Back To You,Selena Gomez
2018-05-21,Lucid Dreams,Juice WRLD
2018-05-21,Me Niego,Reik Featuring Ozuna & Wisin
2018-05-21,Lust,Lil Skies
2018-05-21,All Girls Are The Same,Juice WRLD
2018-05-28,Fake Love,BTS
2018-05-28,Change Lanes,Kevin Gates
2018-05-28,Like That,Kris Wu
2018-05-28,Southside,Lil Baby
2018-05-28,Life Goes On,Lil Baby Featuring Gunna & Lil Uzi Vert
2018-05-28,Let It Sing,Kevin Gates
2018-05-28,Sangria Wine,Pharrell Williams x Camila Cabello
2018-05-28,Welcome To The Party,"Diplo, French Montana & Lil Pump Featuring Zhavia Ward"
2018-05-28,Champion,NAV Featuring Travis Scott
2018-05-28,Downtown's Dead,Sam Hunt
2018-05-28,Don't Go Breaking My Heart,Backstreet Boys
2018-06-04,I'm Upset,Drake
2018-06-04,Praise The Lord (Da Shine),A$AP Rocky Featuring Skepta
2018-06-04,TATI,6ix9ine Featuring DJ SPINKING
2018-06-04,Infrared,Pusha T
2018-06-04,Big Bank,"YG Featuring 2 Chainz, Big Sean & Nicki Minaj"
2018-06-04,If You Know You Know,Pusha T
2018-06-04,What Would Meek Do?,Pusha T Featuring Kanye West
2018-06-04,Dinero,Jennifer Lopez Featuring DJ Khaled & Cardi B
2018-06-04,Taste,Tyga Featuring Offset
2018-06-04,Lovely,Billie Eilish & Khalid
2018-06-04,I Was Jack (You Were Diane),Jake Owen
2018-06-04,Girls Like You,Maroon 5 Featuring Cardi B
2018-06-04,High Hopes,Panic! At The Disco
2018-06-04,The Games We Play,Pusha T
2018-06-11,Yikes,Kanye West
2018-06-11,All Mine,Kanye West
2018-06-11,Ghost Town,Kanye West Featuring PARTYNEXTDOOR
2018-06-11,Wouldn't Leave,Kanye West Featuring PARTYNEXTDOOR
2018-06-11,Violent Crimes,Kanye West
2018-06-11,I Thought About Killing You,Kanye West
2018-06-11,No Mistakes,Kanye West
2018-06-11,Simple,Florida Georgia Line
2018-06-11,Must've Never Met You,Luke Combs
2018-06-11,Humility,Gorillaz Featuring George Benson
2018-06-11,Africa,Weezer
2018-06-11,Youngblood,5 Seconds Of Summer
2018-06-11,Sin Pijama,Becky G + Natti Natasha
2018-06-18,Reborn,KIDS SEE GHOSTS
2018-06-18,4th Dimension,KIDS SEE GHOSTS Featuring Louis Prima
2018-06-18,Feel The Love,KIDS SEE GHOSTS
2018-06-18,"Freeee (Ghost Town, Pt. 2)",KIDS SEE GHOSTS
2018-06-18,Fire,KIDS SEE GHOSTS
2018-06-18,Cudi Montage,KIDS SEE GHOSTS
2018-06-18,KIDS SEE GHOSTS,KIDS SEE GHOSTS
2018-06-18,Lose It,Kane Brown
2018-06-18,Rich Sex,Nicki Minaj Featuring Lil Wayne
2018-06-18,I Know You,Lil Skies Featuring Yung Pinch
2018-06-25,Apes**t,The Carters
2018-06-25,Bed,Nicki Minaj Featuring Ariana Grande
2018-06-25,Bigger > You,"2 Chainz, Drake & Quavo"
2018-06-25,DDU-DU DDU-DU,BLACKPINK
2018-06-25,Born To Be Yours,Kygo & Imagine Dragons
2018-06-25,Boss,The Carters
2018-06-25,Ocean,Martin Garrix Featuring Khalid
2018-06-25,Hope,XXXTENTACION
2018-06-25,Summer,The Carters
2018-06-25,Drowns The Whiskey,Jason Aldean Featuring Miranda Lambert
2018-06-25,Nice,The Carters
2018-06-25,Cop Shot The Kid,Nas Featuring Kanye West
2018-06-25,Friends,The Carters
2018-07-02,Sober,Demi Lovato
2018-07-02,Legends,Juice WRLD
2018-07-02,Coming Home,Keith Urban Featuring Julia Michaels
2018-07-02,Life Changes,Thomas Rhett
2018-07-02,The Light Is Coming,Ariana Grande Featuring Nicki Minaj
2018-07-02,Solo,Clean Bandit Featuring Demi Lovato
2018-07-09,Nonstop,Drake
2018-07-09,In My Feelings,Drake
2018-07-09,Emotionless,Drake
2018-07-09,Don't Matter To Me,Drake Featuring Michael Jackson
2018-07-09,Mob Ties,Drake
2018-07-09,Elevate,Drake
2018-07-09,Survival,Drake
2018-07-09,Can't Take A Joke,Drake
2018-07-09,Talk Up,Drake Featuring JAY-Z
2018-07-09,8 Out Of 10,Drake
2018-07-09,Sandra's Rose,Drake
2018-07-09,Summer Games,Drake
2018-07-09,Blue Tint,Drake
2018-07-09,Jaded,Drake
2018-07-09,Is There More,Drake
2018-07-09,That's How You Feel,Drake
2018-07-09,Peak,Drake
2018-07-09,After Dark,Drake Featuring Static Major & Ty Dolla $ign
2018-07-09,Finesse,Drake
2018-07-09,Ratchet Happy Birthday,Drake
2018-07-09,Final Fantasy,Drake
2018-07-09,March 14,Drake
2018-07-09,Karma,Queen Naija
2018-07-09,Kiss Somebody,Morgan Evans
2018-07-09,"Sunrise, Sunburn, Sunset",Luke Bryan
2018-07-09,Hotel Key,Old Dominion
2018-07-09,Growing Pains,Alessia Cara
2018-07-16,Wifi Lit,Future
2018-07-16,Jumpsuit,Twenty One Pilots
2018-07-16,31 Days,Future
2018-07-16,Cuddle My Wrist,Future
2018-07-16,Millidelphia,Meek Mill Featuring Swizz Beatz
2018-07-16,Racks Blue,Future
2018-07-16,Dangerous,Meek Mill Featuring Jeremih & PnB Rock
2018-07-16,Drug Addicts,Lil Pump
2018-07-16,Jackie Chan,Tiesto & Dzeko Featuring Preme & Post Malone
2018-07-16,Kream,Iggy Azalea Feauring Tyga
2018-07-23,God Is A Woman,Ariana Grande
2018-07-23,Summertime Magic,Childish Gambino
2018-07-23,You Say,Lauren Daigle
2018-07-23,Eastside,"benny blanco, Halsey & Khalid"
2018-07-23,Wasted,Juice WRLD Featuring Lil Uzi Vert
2018-07-23,Desperate Man,Eric Church
2018-07-23,Hopeless Romantic,Wiz Khalifa Featuring Swae Lee
2018-07-23,Fr Fr,Wiz Khalifa Featuring Lil Skies
2018-07-23,Nico And The Niners,Twenty One Pilots
2018-07-23,Broken,lovelytheband
2018-07-23,Hooked,Dylan Scott
2018-07-23,Ocean,TK Kravitz Featuring Jacqueez
2018-07-23,1942,G-Eazy Featuring Yo Gotti & YBN Nahmir
2018-07-23,I'm A Mess,Bebe Rexha
2018-07-23,Remind Me To Forget,Kygo Featuring Miguel
2018-07-30,FEFE,6ix9ine Featuring Nicki Minaj & Murda Beatz
2018-07-30,Natural,Imagine Dragons
2018-07-30,I Might Need Security,Chance The Rapper
2018-07-30,Level Up,Ciara
2018-07-30,Best Part,Daniel Caesar Featuring H.E.R.
2018-07-30,Nevermind,Dennis Lloyd
2018-07-30,You Should See Me In A Crown,Billie Eilish
2018-07-30,Lie,NF
2018-08-06,No Brainer,"DJ Khaled Featuring Justin Bieber, Chance The Rapper & Quavo"
2018-08-06,One Day,Logic Featuring Ryan Tedder
2018-08-06,Side Effects,The Chainsmokers Featuring Emily Warren
2018-08-06,That's On Me,Yella Beezy
2018-08-06,Handgun,YG Featuring A$AP Rocky
2018-08-06,Drunk Me,Mitchell Tenpenny
2018-08-13,Sicko Mode,Travis Scott
2018-08-13,Stargazing,Travis Scott
2018-08-13,Carousel,Travis Scott
2018-08-13,Yosemite,Travis Scott
2018-08-13,R.I.P Screw,Travis Scott
2018-08-13,Stop Trying To Be God,Travis Scott
2018-08-13,Wake Up,Travis Scott
2018-08-13,No Bystanders,Travis Scott
2018-08-13,5% Tint,Travis Scott
2018-08-13,Can't Say,Travis Scott
2018-08-13,NC-17,Travis Scott
2018-08-13,Who? What!,Travis Scott
2018-08-13,Skeletons,Travis Scott
2018-08-13,Astrothunder,Travis Scott
2018-08-13,Houstonfornication,Travis Scott
2018-08-13,Beautiful,Bazzi Featuring Camila Cabello
2018-08-13,Coffee Bean,Travis Scott
2018-08-13,Could've Been,H.E.R. Featuring Bryson Tiller
2018-08-13,Trip,Ella Mai
2018-08-13,Lean Wit Me,Juice WRLD
2018-08-20,Barbie Dreams,Nicki Minaj
2018-08-20,Taking A Walk,Trippie Redd
2018-08-20,Majesty,Nicki Minaj Featuring Eminem & Labrinth
2018-08-20,Ganja Burns,Nicki Minaj
2018-08-20,W O R K I N  M E,Quavo
2018-08-20,Album Of The Year (Freestyle),J. Cole
2018-08-20,Have It All,Jason Mraz
2018-08-20,Drew Barrymore,Bryce Vine
2018-08-20,She Got The Best Of Me,Luke Combs
2018-08-20,Thought I Knew You,Nicki Minaj Featuring The Weeknd
2018-08-27,Breathin,Ariana Grande
2018-08-27,Sweetener,Ariana Grande
2018-08-27,Everytime,Ariana Grande
2018-08-27,Happier,Marshmello & Bastille
2018-08-27,Promises,Calvin Harris & Sam Smith
2018-08-27,R.E.M,Ariana Grande
2018-08-27,Blue Tacoma,Russell Dickerson
2018-08-27,Chanel (Go Get It),Young Thug Featuring Gunna & Lil Baby
2018-08-27,Goodnight N Go,Ariana Grande
2018-08-27,Made For Now,Janet & Daddy Yankee
2018-08-27,Pete Davidson,Ariana Grande
2018-09-03,IDOL,BTS Featuring Nicki Minaj
2018-09-03,I Am Who They Say I Am,YoungBoy Never Broke Again Featuring Kevin Gates & Quando Rondo
2018-09-03,Unica,Ozuna
2018-09-03,Mo Bamba,Sheck Wes
2018-09-03,Smile (Living My Best Life),Lil' Duval Featuring Snoop Dogg & Ball Greezy
2018-09-03,Drunk Girl,Chris Janson
2018-09-03,The Way I Am,Charlie Puth
2018-09-03,Happy Now,Zedd & Elley Duhe
2018-09-10,Lucky You,Eminem Featuring Joyner Lucas
2018-09-10,The Ringer,Eminem
2018-09-10,Fall,Eminem
2018-09-10,Kamikaze,Eminem
2018-09-10,Greatest,Eminem
2018-09-10,Not Alike,Eminem Featuring Royce Da 5'9
2018-09-10,BEBE,6ix9ine Featuring Anuel AA
2018-09-10,Normal,Eminem
2018-09-10,Stepping Stone,Eminem
2018-09-10,Venom,Eminem
2018-09-10,Feels Like Summer,Childish Gambino
2018-09-10,Nice Guy,Eminem & Jessie Reyez
2018-09-10,Good Guy,Eminem Featuring Jessie Reyez
2018-09-10,Thunderclouds,"Labrinth, Sia & Diplo Present... LSD"
2018-09-10,Hangin' On,Chris Young
2018-09-17,I Love It,Kanye West & Lil Pump
2018-09-17,Rap Devil,Machine Gun Kelly
2018-09-17,Self Care,Mac Miller
2018-09-17,Hurt Feelings,Mac Miller
2018-09-17,Come Back To Earth,Mac Miller
2018-09-17,Vaina Loca,Ozuna x Manuel Turizo
2018-09-17,Speechless,Dan + Shay
2018-09-17,Electricity,Silk City x Dua Lipa
2018-09-24,Killshot,Eminem
2018-09-24,Drip Too Hard,Lil Baby & Gunna
2018-09-24,Wake Up In The Sky,Gucci Mane X Bruno Mars X Kodak Black
2018-09-24,New Patek,Lil Uzi Vert
2018-09-24,Better,Khalid
2018-09-24,Falling Down,Lil Peep & XXXTENTACION
2018-09-24,Pretty Little Fears,6LACK Featuring J. Cole
2018-09-24,Leave Me Alone,Flipp Dinero
2018-09-24,Best Shot,Jimmie Allen
2018-09-24,Noticed,Lil Mosey
2018-10-01,No Stylist,French Montana Featuring Drake
2018-10-01,Head Above Water,Avril Lavigne
2018-10-01,This Feeling,The Chainsmokers Featuring Kelsea Ballerini
2018-10-01,Backin' It Up,Pardison Fontaine Featuring Cardi B
2018-10-01,Rich,Maren Morris
2018-10-08,Mona Lisa,Lil Wayne Featuring Kendrick Lamar
2018-10-08,Don't Cry,Lil Wayne Featuring XXXTENTACION
2018-10-08,Uproar,Lil Wayne
2018-10-08,Let It Fly,Lil Wayne Featuring Travis Scott
2018-10-08,Dedicate,Lil Wayne
2018-10-08,Can't Be Broken,Lil Wayne
2018-10-08,What About Me,Lil Wayne Featuring Sosamann
2018-10-08,Dark Side Of The Moon,Lil Wayne Featuring Nicki Minaj
2018-10-08,Taki Taki,"DJ Snake Featuring Selena Gomez, Ozuna & Cardi B"
2018-10-08,Shallow,Lady Gaga & Bradley Cooper
2018-10-08,Famous,Lil Wayne Featuring Reginae Carter
2018-10-08,Dope N****z,Lil Wayne Featuring Snoop Dogg
2018-10-08,Open Letter,Lil Wayne
2018-10-08,"If I'm Lyin, I'm Flyin",Kodak Black
2018-10-08,Problems,Lil Wayne
2018-10-08,Hittas,Lil Wayne
2018-10-08,Open Safe,Lil Wayne
2018-10-08,Took His Time,Lil Wayne
2018-10-08,Mess,Lil Wayne
2018-10-08,Let It All Work Out,Lil Wayne
2018-10-08,Start This S**t Off Right,Lil Wayne Featuring Ashanti & Mack Maine
2018-10-08,Used 2,Lil Wayne
2018-10-08,Demon,Lil Wayne
2018-10-08,Perfect Strangers,Lil Wayne
2018-10-08,Dope New Gospel,Lil Wayne Featuring Nivea
2018-10-15,Never Recover,Lil Baby & Gunna Featuring Drake
2018-10-15,Without Me,Halsey
2018-10-15,STOOPID,6ix9ine Featuring Bobby Shmurda
2018-10-15,Close Friends,Lil Baby
2018-10-15,I'll Never Love Again,Lady Gaga
2018-10-15,Always Remember Us This Way,Lady Gaga
2018-10-15,Off White VLONE,Lil Baby & Gunna Featuring Lil Durk & NAV
2018-10-15,Business Is Business,Lil Baby & Gunna
2018-10-15,Is That Alright?,Lady Gaga
2018-10-15,Belly,Lil Baby & Gunna
2018-10-15,My Blood,Twenty One Pilots
2018-10-15,Maybe It's Time,Bradley Cooper
2018-10-15,Deep End,Lil Baby
2018-10-15,I Am,Lil Baby & Gunna
2018-10-22,ZEZE,Kodak Black Featuring Travis Scott & Offset
2018-10-22,MIA,Bad Bunny Featuring Drake
2018-10-22,Flip The Switch,Quavo Featuring Drake
2018-10-22,Pass Out,Quavo Featuring 21 Savage
2018-10-22,Biggest Alley Oop,Quavo
2018-10-22,Rerun,Quavo Featuring Travis Scott
2018-10-22,Huncho Dreams,Quavo
2018-10-22,Lose It,Quavo Featuring Lil Baby
2018-10-29,Sunflower (Spider-Man: Into The Spider-Verse),Post Malone & Swae Lee
2018-10-29,Fine China,Future & Juice WRLD
2018-10-29,Money,Cardi B
2018-10-29,When The Party's Over,Billie Eilish
2018-10-29,Jet Lag,Future & Juice WRLD Featuring Young Scooter
2018-10-29,Astronauts,Future & Juice WRLD
2018-10-29,Saturday Nights,Khalid & Kane Brown
2018-10-29,Suncity,Khalid Featuring Empress Of
2018-10-29,Vertigo,Khalid
2018-10-29,Yacht Club,Lil Yachty Featuring Juice WRLD
2018-10-29,Make It Back,Juice WRLD
2018-10-29,Kiss And Make Up,Dua Lipa & BLACKPINK
2018-10-29,Get Dripped,Lil Yachty Featuring Playboi Carti
2018-10-29,Burning Man,Dierks Bentley Featuring Brothers Osborne
2018-11-05,Arms Around You,XXXTENTACION x Lil Pump Featuring Maluma & Swae Lee
2018-11-05,Last Memory,TakeOff
2018-11-05,Talk To Me,Tory Lanez & Rich The Kid
2018-11-05,Topanga,Trippie Redd
2018-11-05,Dip,Tyga & Nicki Minaj
2018-11-05,Waste It On Me,Steve Aoki Featuring BTS
2018-11-05,A Million Dreams,P!nk
2018-11-05,Be Alright,Dean Lewis
2018-11-05,Kamikaze,Lil Mosey
2018-11-12,"Thank U, Next",Ariana Grande
2018-11-12,Bohemian Rhapsody,Queen
2018-11-12,Don't Come Out The House,Metro Boomin Featuring 21 Savage
2018-11-12,10 Freaky Girls,Metro Boomin Featuring 21 Savage
2018-11-12,Space Cadet,Metro Boomin Featuring Gunna
2018-11-12,Overdue,Metro Boomin Featuring Travis Scott
2018-11-12,Dreamcatcher,Metro Boomin Featuring Swae Lee & Travis Scott
2018-11-12,No More,"Metro Boomin Featuring Travis Scott, Kodak Black & 21 Savage"
2018-11-12,Ella Quiere Beber,Anuel AA & Romeo Santos
2018-11-12,Consequences,Camila Cabello
2018-11-12,Casper,TakeOff
2018-11-12,Up To Something,Metro Boomin Featuring Travis Scott & Young Thug
2018-11-19,BAD!,XXXTENTACION
2018-11-19,Armed And Dangerous,Juice WRLD
2018-11-19,1400 / 999 Freestyle,Trippie Redd Featuring Juice WRLD
2018-11-19,Love Scars 3,Trippie Redd
2018-11-19,Bad Liar,Imagine Dragons
2018-11-19,Negative Energy,Trippie Redd Featuring Kodie Shane
2018-11-19,Sixteen,Thomas Rhett
2018-11-19,Good Girl,Dustin Lynch
2018-11-19,Last Shot,Kip Moore
2018-11-19,Millionaire,Chris Stapleton
2018-11-19,Toxic Waste,Trippie Redd
2018-11-26,Take One,Kodak Black
2018-11-26,Twerk,City Girls Featuring Cardi B
2018-11-26,Ocean Eyes,Billie Eilish
2018-11-26,Close To Me,Ellie Goulding X Diplo Featuring Swae Lee
2018-11-26,Girl Like You,Jason Aldean
2018-11-26,Burn The House Down,AJR
2018-12-03,MAMA,6ix9ine Featuring Nicki Minaj & Kanye West
2018-12-03,KIKA,6ix9ine Featuring Tory Lanez
2018-12-03,TIC TOC,6ix9ine Featuring Lil Baby
2018-12-03,Come Out And Play,Billie Eilish
2018-12-03,WAKA,6ix9ine Featuring A Boogie Wit da Hoodie
2018-12-03,You,Jacquees
2018-12-10,Going Bad,Meek Mill Featuring Drake
2018-12-10,What's Free,Meek Mill Featuring Rick Ross & JAY-Z
2018-12-10,On Me,Meek Mill Featuring Cardi B
2018-12-10,Rudolph The Red-Nosed Reindeer,Gene Autry & The Pinafores
2018-12-10,Uptown Vibes,Meek Mill Featuring Fabolous & Anuel AA
2018-12-10,Let It Snow! Let It Snow! Let It Snow!,Dean Martin
2018-12-10,Pure Cocaine,Lil Baby
2018-12-10,24/7,Meek Mill Featuring Ella Mai
2018-12-10,Intro,Meek Mill
2018-12-10,Respect The Game,Meek Mill
2018-12-10,Good Form,Nicki Minaj Featuring Lil Wayne
2018-12-10,Trauma,Meek Mill
2018-12-10,Time,Lil Baby Featuring Meek Mill
2018-12-10,Nuketown,Ski Mask The Slump God Featuring Juice WRLD
2018-12-10,Calling My Spirit,Kodak Black
2018-12-10,Ready,Lil Baby Featuring Gunna
2018-12-10,Nothing Breaks Like A Heart,Mark Ronson Featuring Miley Cyrus
2018-12-10,Championships,Meek Mill
2018-12-10,Tic Tac Toe,Meek Mill Featuring Kodak Black
2018-12-10,Almost Slipped,Meek Mill
2018-12-10,Splash Warning,"Meek Mill Featuring Future, Roddy Ricch & Young Thug"
2018-12-10,Pay You Back,Meek Mill Featuring 21 Savage
2018-12-10,Foot Fungus,Ski Mask The Slump God
2018-12-10,Crush A Lot,Lil Baby
2018-12-10,Oodles O' Noodles Babies,Meek Mill
2018-12-10,Global,Lil Baby
2018-12-10,Word On The Street,Lil Baby
2018-12-17,whoa (mind in awe),XXXTENTACION
2018-12-17,Here Comes Santa Claus (Right Down Santa Claus Lane),Gene Autry
2018-12-17,Sleigh Ride,The Ronettes
2018-12-17,Guardian Angel,XXXTENTACION
2018-12-17,I Don't Let Go,XXXTENTACION
2018-12-17,One Minute,XXXTENTACION Featuring Kanye West & Travis Barker
2018-12-17,Train Food,XXXTENTACION
2018-12-17,What Are You So Afraid Of,XXXTENTACION
2018-12-17,Staring At The Sky,XXXTENTACION
2018-12-17,Difference (Interlude),XXXTENTACION
2018-12-17,Look Back At It,A Boogie Wit da Hoodie
2018-12-17,This Is It,Scotty McCreery
2018-12-24,Imagine,Ariana Grande
2018-12-24,(There's No Place Like) Home For The Holidays (1959),Perry Como With Mitchell Ayers And His Orchestra
2018-12-24,It's Beginning To Look A Lot Like Christmas,Perry Como And The Fontane Sisters With Mitchell Ayres And His Orchestra
2018-12-24,Happy Xmas (War Is Over),John & Yoko/The Plastic Ono Band With The Harlem Community Choir
2018-12-24,Wonderful Christmastime,Paul McCartney
2018-12-24,White Christmas (1947),Bing Crosby With Ken Darby Singers & John Scott Trotter & His Orchestra
2018-12-24,Christmas (Baby Please Come Home),Darlene Love
2018-12-24,MoshPit,Kodak Black Featuring Juice WRLD
2018-12-24,Cozy Little Christmas,Katy Perry
2018-12-24,Testimony,Kodak Black
2018-12-24,Sweet But Psycho,Ava Max
2018-12-24,Gnarly,Kodak Black Featuring Lil Pump
2018-12-24,The Christmas Song,Lauren Daigle
2018-12-24,Envy Me,Calboy
2018-12-31,A Lot,21 Savage
2018-12-31,Blue Christmas,Elvis Presley
2018-12-31,Run Rudolph Run,Chuck Berry
2018-12-31,Wow.,Post Malone
2018-12-31,Jingle Bells,Frank Sinatra With The Orchestra & Chorus Of Gordon Jenkins
2018-12-31,Swervin,A Boogie Wit da Hoodie Featuring 6ix9ine
2018-12-31,Can't Leave Without It,21 Savage
2018-12-31,Startender,A Boogie Wit da Hoodie Featuring Offset & Tyga
2018-12-31,All My Friends,21 Savage
2018-12-31,Break Da Law,21 Savage
2018-12-31,Monster,21 Savage
2018-12-31,1.5,21 Savage
2018-12-31,Out For The Night,21 Savage
2018-12-31,Gun Smoke,21 Savage
2018-12-31,Demons And Angels,A Boogie Wit da Hoodie Featuring Juice WRLD
2018-12-31,ASMR,21 Savage
2019-01-08,Baby Shark,Pinkfong
2019-01-08,Take It From Me,Jordan Davis
2019-01-08,What Makes You Country,Luke Bryan
2019-01-08,Down To The Honkytonk,Jake Owen
2019-01-08,Love Someone,Lukas Graham
2019-01-08,Love Wins,Carrie Underwood
2019-01-08,Ruin My Life,Zara Larsson
2019-01-08,Body,Loud Luxury Featuring Brando
2019-01-08,Here Tonight,Brett Young
2019-01-08,Burn Out,Midland
2019-01-08,Solo de Mi,Bad Bunny
2019-01-08,Roses,benny blanco & Juice WRLD Featuring Brendon Urie
2019-01-08,Make It Sweet,Old Dominion
2019-01-08,idontwannabeyouanymore,Billie Eilish
2019-01-15,Undecided,Chris Brown
2019-01-15,Crushed Up,Future
2019-01-15,Butterfly Doors,Lil Pump
2019-01-15,Valuable Pain,YoungBoy Never Broke Again
2019-01-22,Lost In The Fire,Gesaffelstein & The Weeknd
2019-01-22,Dancing With A Stranger,Sam Smith & Normani
2019-01-22,Nights Like This,Kehlani Featuring Ty Dolla $ign
2019-01-22,Thotiana,Blueface
2019-01-22,Let Me Down Slowly,Alec Benjamin + Alessia Cara
2019-01-22,Jumpin On A Jet,Future
2019-01-22,Splashin,Rich The Kid
2019-01-29,7 Rings,Ariana Grande
2019-01-29,Middle Child,J. Cole
2019-01-29,Keanu Reeves,Logic
2019-01-29,First Off,Future Featuring Travis Scott
2019-01-29,Never Stop,Future
2019-01-29,Secreto,Anuel AA & Karol G
2019-01-29,Mixed Personalities,YNW Melly Featuring Kanye West
2019-01-29,Temptation,Future
2019-01-29,Rocket Ship,Future
2019-01-29,Pure Water,Mustard & Migos
2019-01-29,F&N,Future
2019-01-29,On My Way To You,Cody Johnson
2019-01-29,Murder On My Mind,YNW Melly
2019-01-29,GIRL,Maren Morris
2019-01-29,Face My Fears,Hikaru Utada & Skrillex
2019-01-29,Call The Coroner,Future
2019-02-05,Put A Date On It,Yo Gotti Featuring Lil Baby
2019-02-05,Bury A Friend,Billie Eilish
2019-02-05,I'm So Tired...,Lauv & Troye Sivan
2019-02-05,Shot Clock,Ella Mai
2019-02-05,Sauce!,XXXTENTACION
2019-02-05,Con Calma,Daddy Yankee & Katy Perry Featuring Snow
2019-02-05,Night Shift,Jon Pardi
2019-02-12,One Call,Gunna
2019-02-12,Miss Me More,Kelsea Ballerini
2019-02-19,"Break Up With Your Girlfriend, I'm Bored",Ariana Grande
2019-02-19,Needy,Ariana Grande
2019-02-19,NASA,Ariana Grande
2019-02-19,Bloodline,Ariana Grande
2019-02-19,Ghostin,Ariana Grande
2019-02-19,Fake Smile,Ariana Grande
2019-02-19,Bad Idea,Ariana Grande
2019-02-19,In My Head,Ariana Grande
2019-02-19,Talk,Khalid
2019-02-19,Make Up,Ariana Grande
2019-02-19,Who Do You Love,The Chainsmokers Featuring 5 Seconds Of Summer
2019-02-19,Rainbow,Kacey Musgraves
2019-02-26,Please Me,Cardi B & Bruno Mars
2019-02-26,Robbery,Juice WRLD
2019-02-26,Red Room,Offset
2019-02-26,Talk You Out Of It,Florida Georgia Line
2019-02-26,Eyes On You,Chase Rice
2019-02-26,365,Zedd & Katy Perry
2019-02-26,Worth It,YK Osiris
2019-02-26,There Was This Girl,Riley Green
2019-02-26,One That Got Away,Michael Ray
2019-03-05,Legacy,Offset Featuring Travis Scott & 21 Savage
2019-03-05,Walk Me Home,P!nk
2019-03-05,Clout,Offset Featuring Cardi B
2019-03-05,How Did I Get Here,Offset Featuring  J. Cole
2019-03-05,Outstanding,Gunna
2019-03-05,Be Like Me,Lil Pump Featuring Lil Wayne
2019-03-05,3 Headed Snake,Gunna Featuring Young Thug
2019-03-05,Wit It,Gunna
2019-03-05,Lick,Offset
2019-03-05,Girls Need Love,Summer Walker X Drake
2019-03-05,Speed It Up,Gunna
2019-03-05,I Guess I Just Feel Like,John Mayer
2019-03-05,Good As You,Kane Brown
2019-03-05,Same Yung N***a,Gunna Featuring Playboi Carti
2019-03-05,Faucet Failure,Ski Mask The Slump God
2019-03-12,Sucker,Jonas Brothers
2019-03-12,I,Lil Skies
2019-03-12,Look What God Gave Her,Thomas Rhett
2019-03-12,Hear Me Calling,Juice WRLD
2019-03-12,Wish You Were Gay,Billie Eilish
2019-03-12,Whip,2 Chainz Featuring Travis Scott
2019-03-12,Act Up,City Girls
2019-03-12,Old Town Road,Lil Nas X Featuring Billy Ray Cyrus
2019-03-12,Whiskey Glasses,Morgan Wallen
2019-03-12,I Can't Get Enough,"benny blanco, Tainy, Selena Gomez & J Balvin"
2019-03-12,Rule The World,2 Chainz Featuring Ariana Grande
2019-03-12,Momma I Hit A Lick,2 Chainz Featuring Kendrick Lamar
2019-03-19,Empty,Juice WRLD
2019-03-19,Fast,Juice WRLD
2019-03-19,Maze,Juice WRLD
2019-03-19,Here With Me,Marshmello Featuring CHVRCHES
2019-03-19,My Bad,Khalid
2019-03-19,Undrunk,FLETCHER
2019-03-19,Rumor,Lee Brice
2019-03-19,Flaws And Sins,Juice WRLD
2019-03-19,Calma,Pedro Capo X Farruko
2019-03-19,I've Been Waiting,Lil Peep & iLoveMakonnen Featuring Fall Out Boy
2019-03-26,Numb Numb Juice,ScHoolboy Q
2019-03-26,Sally Walker,Iggy Azalea
2019-03-26,Slow Dancing In The Dark,Joji
2019-04-02,Price On My Head,NAV Featuring The Weeknd
2019-04-02,Confessions Of A Dangerous Mind,Logic
2019-04-02,Tap,NAV Featuring Meek Mill
2019-04-02,Pop Out,Polo G Featuring Lil Tjay
2019-04-02,Don't Call Me Up,Mabel
2019-04-02,Last Hurrah,Bebe Rexha
2019-04-09,Bad Guy,Billie Eilish
2019-04-09,Xanny,Billie Eilish
2019-04-09,My Strange Addiction,Billie Eilish
2019-04-09,Racks In The Middle,Nipsey Hussle Featuring Roddy Ricch & Hit-Boy
2019-04-09,All The Good Girls Go To Hell,Billie Eilish
2019-04-09,I Love You,Billie Eilish
2019-04-09,God's Country,Blake Shelton
2019-04-09,Ilomilo,Billie Eilish
2019-04-09,Listen Before I Go,Billie Eilish
2019-04-09,Double Up,Nipsey Hussle Featuring Belly & DOM KENNEDY
2019-04-09,Monopoly,Ariana Grande & Victoria Monet
2019-04-09,8,Billie Eilish
2019-04-09,Last Time That I Checc'd,Nipsey Hussle Featuring YG
2019-04-09,Suge,DaBaby
2019-04-09,Dedication,Nipsey Hussle Featuring Kendrick Lamar
2019-04-16,Cool,Jonas Brothers
2019-04-16,Kill This Love,BLACKPINK
2019-04-16,Outta My Head,Khalid With John Mayer
2019-04-16,Don't Pretend,Khalid x SAFE
2019-04-16,Bad Luck,Khalid
2019-04-16,Right Back,Khalid Featuring A Boogie Wit da Hoodie
2019-04-16,Inmortal,Aventura
2019-04-16,Big Ole Freak,Megan Thee Stallion
2019-04-16,Victory Lap,Nipsey Hussle Featuring Stacy Barthe
2019-04-23,Boy With Luv,BTS Featuring Halsey
2019-04-23,Sanguine Paradise,Lil Uzi Vert
2019-04-23,Blue On Black,"Five Finger Death Punch Featuring Kenny Wayne Shepherd, Brantley Gilbert & Brian May"
2019-04-23,SOS,Avicii Featuring Aloe Blacc
2019-04-23,That's A Rack,Lil Uzi Vert
2019-04-23,Love Ain't,Eli Young Band
2019-04-23,Make It Right,BTS Featuring Lauv
2019-04-23,"Hey Look Ma, I Made It",Panic! At The Disco
2019-04-30,Earth,Lil Dicky
2019-04-30,Before I Let Go,Beyonce
2019-04-30,Slide,French Montana Featuring Blueface & Lil Tjay
2019-04-30,Love Someone,Brett Eldredge
2019-04-30,Shotta Flow,NLE Choppa
2019-04-30,ME!,Taylor Swift Featuring Brendon Urie
2019-05-07,Floating,ScHoolboy Q Featuring 21 Savage
2019-05-07,Baila Baila Baila,Ozuna x Daddy Yankee x J Balvin x Farruko x Anuel AA
2019-05-07,CHopstix,ScHoolboy Q + Travis Scott
2019-05-07,Light It Up,"Marshmello, Tyga & Chris Brown"
2019-05-07,Power Is Power,"SZA, The Weeknd & Travis Scott"
2019-05-07,Knockin' Boots,Luke Bryan
2019-05-07,Love Me Anyway,P!nk Featuring Chris Stapleton
2019-05-07,Stop Snitching,YG
2019-05-14,If I Can't Have You,Shawn Mendes
2019-05-14,Homicide,Logic Featuring Eminem
2019-05-14,Truth Hurts,Lizzo
2019-05-14,Beer Never Broke My Heart,Luke Combs
2019-05-14,Go Loko,"YG, Tyga & Jon Z"
2019-05-14,Middle Child,PnB Rock & XXXTENTACION
2019-05-14,All To Myself,Dan + Shay
2019-05-14,Paradise,Bazzi
2019-05-14,Die Young,Roddy Ricch
2019-05-21,I Don't Care,Ed Sheeran & Justin Bieber
2019-05-21,Triggered,Jhene Aiko
2019-05-21,Soltera,"Lunay, Daddy Yankee & Bad Bunny"
2019-05-21,Someone You Loved,Lewis Capaldi
2019-05-21,Te Robare,Nicky Jam X Ozuna
2019-05-21,Juice,Lizzo
2019-05-28,EARFQUAKE,"Tyler, The Creator"
2019-05-28,Nightmare,Halsey
2019-05-28,Wish Wish,DJ Khaled Featuring Cardi B & 21 Savage
2019-05-28,Higher,DJ Khaled Featuring Nipsey Hussle & John Legend
2019-05-28,Just Us,DJ Khaled Featuring SZA
2019-05-28,You Stay,"DJ Khaled Featuring Meek Mill, J Balvin, Lil Baby & Jeremih"
2019-05-28,I Think,"Tyler, The Creator"
2019-05-28,Celebrate,DJ Khaled Featuring Travis Scott & Post Malone
2019-05-28,Jealous,"DJ Khaled Featuring Chris Brown, Lil Wayne & Big Sean"
2019-05-28,Running Out Of Time,"Tyler, The Creator"
2019-05-28,Igor's Theme,"Tyler, The Creator"
2019-05-28,New Magic Wand,"Tyler, The Creator"
2019-05-28,A Boy Is A Gun,"Tyler, The Creator"
2019-05-28,What's Good,"Tyler, The Creator"
2019-05-28,What If I Never Get Over You,Lady Antebellum
2019-05-28,Puppet,"Tyler, The Creator"
2019-05-28,Weather The Storm,DJ Khaled Featuring Meek Mill & Lil Baby
2019-06-04,The London,"Young Thug, J. Cole & Travis Scott"
2019-06-04,Cross Me,Ed Sheeran Featuring Chance The Rapper & PnB Rock
2019-06-04,Easier,5 Seconds Of Summer
2019-06-04,Isis,Joyner Lucas Featuring Logic
2019-06-04,Some Of It,Eric Church
2019-06-04,Bacc At It Again,"Yella Beezy, Gucci Mane & Quavo"
2019-06-04,HP,Maluma
2019-06-04,Rearview Town,Jason Aldean
2019-06-11,Never Really Over,Katy Perry
2019-06-11,Press,Cardi B
2019-06-11,Mother's Daughter,Miley Cyrus
2019-06-11,Call You Mine,The Chainsmokers & Bebe Rexha
2019-06-11,The Search,NF
2019-06-11,Shut Up About Politics,John Rich Featuring The Five
2019-06-11,La La Land,Bryce Vine Featuring YG
2019-06-11,Ran$om,Lil Tecca
2019-06-11,Under Enemy Arms,Trippie Redd
2019-06-11,Raised On Country,Chris Young
2019-06-11,Trampoline,SHAED
2019-06-18,No Guidance,Chris Brown Featuring Drake
2019-06-18,Even Though I'm Leaving,Luke Combs
2019-06-18,The Git Up,Blanco Brown
2019-06-18,Callaita,Bad Bunny & Tainy
2019-06-18,Heaven,Avicii
2019-06-18,Please Tell Me,Future
2019-06-18,Amor Genuino,Ozuna
2019-06-18,Only Human,Jonas Brothers
2019-06-18,XanaX Damage,Future
2019-06-18,Government Official,Future
2019-06-18,Otro Trago,"Sech, Darell, Nicky Jam, Ozuna & Anuel AA"
2019-06-25,You Need To Calm Down,Taylor Swift
2019-06-25,Money In The Grave,Drake Featuring Rick Ross
2019-06-25,Omerta,Drake
2019-06-25,Down Bad,"Dreamville Featuring JID, Bas, J. Cole, EARTHGANG & Young Nudy"
2019-06-25,Sanctuary,Joji
2019-06-25,Rescue Me,Marshmello Featuring A Day To Remember
2019-06-25,It's You,Ali Gatie
2019-06-25,The Ones That Didn't Make It Back Home,Justin Moore
2019-07-02,Senorita,Shawn Mendes & Camila Cabello
2019-07-02,Panini,Lil Nas X
2019-07-02,MEGATRON,Nicki Minaj
2019-07-02,Rodeo,Lil Nas X & Cardi B Or Nas
2019-07-02,One Thing Right,Marshmello & Kane Brown
2019-07-02,Out The Mud,Lil Baby Featuring Future
2019-07-02,Cash Shit,Megan Thee Stallion Featuring DaBaby
2019-07-02,Summer Days,Martin Garrix Featuring Macklemore & Patrick Stump
2019-07-09,Beautiful People,Ed Sheeran Featuring Khalid
2019-07-09,Higher Love,Kygo X Whitney Houston
2019-07-09,Que Pretendes,J Balvin & Bad Bunny
2019-07-09,Don't Check On Me,Chris Brown Featuring Justin Bieber & Ink
2019-07-09,When I Grow Up,NF
2019-07-09,My Type,Saweetie
2019-07-09,Lalala,Y2K & bbno$
2019-07-16,Goodbyes,Post Malone Featuring Young Thug
2019-07-16,Under The Sun,"Dreamville Featuring J. Cole, Lute & DaBaby"
2019-07-16,BLOW,Ed Sheeran With Chris Stapleton & Bruno Mars
2019-07-16,Costa Rica,"Dreamville Featuring Bas, JID, Guapdad 4000, Reese LAFLARE, Jace, Mez, Smokepurpp, Buddy & Ski Mask The Slump God"
2019-07-16,No Me Conoce,"Jhay Cortez, J Balvin & Bad Bunny"
2019-07-16,I Don't Know About You,Chris Lane
2019-07-23,Antisocial,Ed Sheeran & Travis Scott
2019-07-23,South Of The Border,Ed Sheeran Featuring Camila Cabello & Cardi B
2019-07-23,Remember The Name,Ed Sheeran Featuring Eminem & 50 Cent
2019-07-23,Tip Of My Tongue,Kenny Chesney
2019-07-23,Baguettes In The Face,"Mustard Featuring NAV, Playboi Carti & A Boogie Wit da Hoodie"
2019-07-23,Like A Rodeo,Kane Brown
2019-07-23,Time,NF
2019-07-23,Southbound,Carrie Underwood
2019-07-23,Spirit,Beyonce
2019-07-23,Best Part Of Me,Ed Sheeran Featuring YEBBA
2019-07-30,How Do You Sleep?,Sam Smith
2019-07-30,Baby,Lil Baby & DaBaby
2019-07-30,China,"Anuel AA, Daddy Yankee, Karol G, Ozuna & J Balvin"
2019-07-30,The Archer,Taylor Swift
2019-07-30,Brown Skin Girl,"Beyonce, SAINt JHN & Wizkid Featuring Blue Ivy Carter"
2019-07-30,Hate Me,Ellie Goulding & Juice WRLD
2019-07-30,Mood 4 Eva,"Beyonce, JAY-Z & Childish Gambino Featuring Oumou Sangare"
2019-07-30,Ballin',Mustard & Roddy Ricch
2019-08-06,Gold Roses,Rick Ross Featuring Drake
2019-08-06,Hot Shower,Chance The Rapper Featuring MadeinTYO & DaBaby
2019-08-06,Single Again,Big Sean
2019-08-06,Takeaway,The Chainsmokers & ILLENIUM Featuring Lennon Stella
2019-08-06,Living,Dierks Bentley
2019-08-06,Leave Me Alone,NF
2019-08-06,Daddy,Blueface & Rich The Kid
2019-08-06,All Day Long,Chance The Rapper Featuring John Legend
2019-08-06,Do You Remember,Chance The Rapper Featuring Death Cab For Cutie
2019-08-13,Boyfriend,Ariana Grande & Social House
2019-08-13,Trust Issues,Drake
2019-08-13,How About Now,Drake
2019-08-13,The Motion,Drake
2019-08-13,Queen Of Mean,Sarah Jeffery
2019-08-13,Dreams Money Can Buy,Drake
2019-08-13,Uno,Ambjaay
2019-08-13,Club Paradise,Drake
2019-08-13,We Were,Keith Urban
2019-08-13,Fear Inoculum,Tool
2019-08-13,Love You Too Late,Cole Swindell
2019-08-13,Days In The East,Drake
2019-08-13,What Happens In A Small Town,Brantley Gilbert + Lindsay Ell
2019-08-13,Prayed For You,Matt Stell
2019-08-20,Hot Girl Summer,"Megan Thee Stallion, Nicki Minaj & Ty Dolla $ign"
2019-08-20,Mac 10,Trippie Redd Featuring Lil Baby & Lil Duke
2019-08-20,Small Talk,Katy Perry
2019-08-20,Night Falls,"Dove Cameron, Sofia Carson, Booboo Stewart, Cameron Boyce, Thomas Doherty, China Anne McClain & Dylan Playfair"
2019-08-20,On Chill,Wale Featuring Jeremih
2019-08-20,Snake Skin,Trippie Redd
2019-08-20,Buy My Own Drinks,Runaway June
2019-08-20,F.N,Lil Tjay
2019-08-20,Baby Sitter,DaBaby Featuring Offset
2019-08-27,Lover,Taylor Swift
2019-08-27,Hot,Young Thug Featuring Gunna
2019-08-27,Bad Bad Bad,Young Thug Featuring Lil Baby
2019-08-27,Motivation,Normani
2019-08-27,Slide Away,Miley Cyrus
2019-08-27,What's The Move,Young Thug Featuring Lil Uzi Vert
2019-08-27,Just How It Is,Young Thug
2019-08-27,Surf,Young Thug Featuring Gunna
2019-08-27,Sup Mate,Young Thug Featuring Future
2019-08-27,Won't Be Late,Swae Lee Featuring Drake
2019-08-27,Heartless,Diplo Presents Thomas Wesley Featuring Morgan Wallen
2019-08-27,Light It Up,Young Thug
2019-08-27,Juicy,Doja Cat & Tyga
2019-08-27,Lil Baby,Young Thug
2019-08-27,Ecstasy,Young Thug Featuring Machine Gun Kelly
2019-08-27,Every Little Thing,Russell Dickerson
2019-08-27,Did It Again,Lil Tecca
2019-09-03,The Man,Taylor Swift
2019-09-03,I Forgot That You Existed,Taylor Swift
2019-09-03,Cruel Summer,Taylor Swift
2019-09-03,Paper Rings,Taylor Swift
2019-09-03,Miss Americana & The Heartbreak Prince,Taylor Swift
2019-09-03,I Think He Knows,Taylor Swift
2019-09-03,Good As Hell,Lizzo
2019-09-03,Cornelia Street,Taylor Swift
2019-09-03,London Boy,Taylor Swift
2019-09-03,Soon You'll Get Better,Taylor Swift Featuring Dixie Chicks
2019-09-03,Death By A Thousand Cuts,Taylor Swift
2019-09-03,Afterglow,Taylor Swift
2019-09-03,False God,Taylor Swift
2019-09-03,Playing Games,Summer Walker
2019-09-03,Daylight,Taylor Swift
2019-09-03,One Man Band,Old Dominion
2019-09-03,It's Nice To Have A Friend,Taylor Swift
2019-09-10,Circles,Post Malone
2019-09-10,Doin' Time,Lana Del Rey
2019-09-10,Babushka Boi,A$AP Rocky
2019-09-10,Heat,Chris Brown Featuring Gunna
2019-09-10,Out Of Luck,Lil Tecca
2019-09-10,Shots,Lil Tecca
2019-09-10,Bezerk,Big Sean Featuring A$AP Ferg & Hit-Boy
2019-09-10,Good Vibes,Chris Janson
2019-09-10,God Only Knows,for KING & COUNTRY
2019-09-10,The Bones,Maren Morris
2019-09-10,Love Me,Lil Tecca
2019-09-10,La Cancion,J Balvin & Bad Bunny
2019-09-17,Take What You Want,Post Malone Featuring Ozzy Osbourne & Travis Scott
2019-09-17,Hollywood's Bleeding,Post Malone
2019-09-17,Enemies,Post Malone Featuring DaBaby
2019-09-17,Saint-Tropez,Post Malone
2019-09-17,Die For Me,Post Malone Featuring Future & Halsey
2019-09-17,On The Road,Post Malone Featuring Meek Mill & Lil Baby
2019-09-17,A Thousand Bad Times,Post Malone
2019-09-17,I'm Gonna Be,Post Malone
2019-09-17,Staring At The Sun,Post Malone Featuring SZA
2019-09-17,Allergic,Post Malone
2019-09-17,Myself,Post Malone
2019-09-17,I Know,Post Malone
2019-09-17,Liar,Camila Cabello
2019-09-17,Internet,Post Malone
2019-09-17,Shameless,Camila Cabello
2019-09-17,Self Control,YoungBoy Never Broke Again
2019-09-17,homecoming queen?,Kelsea Ballerini
2019-09-17,223's,YNW Melly & 9lokknine
2019-09-24,Don't Call Me Angel (Charlie's Angels),"Ariana Grande, Miley Cyrus & Lana Del Rey"
2019-09-24,Camelot,NLE Choppa
2019-09-24,Graveyard,Halsey
2019-09-24,Behind Barz,Drake
2019-09-24,Mood Swings,A Boogie Wit da Hoodie
2019-09-24,Hot Girl Bummer,blackbear
2019-09-24,"1, 2 Many",Luke Combs & Brooks & Dunn
2019-09-24,Remember You Young,Thomas Rhett
2019-10-01,INTRO,DaBaby
2019-10-01,Memories,Maroon 5
2019-10-01,Adicto,"Tainy, Anuel AA & Ozuna"
2019-10-01,Stuck In A Dream,Lil Mosey x Gunna
2019-10-01,Loco Contigo,"DJ Snake, J. Balvin & Tyga"
2019-10-08,BOP,DaBaby
2019-10-08,VIBEZ,DaBaby
2019-10-08,TOES,DaBaby Featuring Lil Baby & Moneybagg Yo
2019-10-08,iPHONE,DaBaby & Nicki Minaj
2019-10-08,OFF THE RIP,DaBaby
2019-10-08,POP STAR,DaBaby Featuring Kevin Gates
2019-10-08,RAW SHIT,DaBaby Featuring Migos
2019-10-08,GOSPEL,"DaBaby Featuring Chance The Rapper, Gucci Mane & YK Osiris"
2019-10-08,Writing On The Wall,"French Montana Featuring Post Malone, Cardi B & Rvssian"
2019-10-08,REALLY,DaBaby Featuring Stunna 4 Vegas
2019-10-08,XXL,DaBaby
2019-10-08,PROLLY HEARD,DaBaby
2019-10-08,Chicken Noodle Soup,j-hope Featuring Becky G.
2019-10-08,Heartache Medication,Jon Pardi
2019-10-08,By My Lonely,Kevin Gates
2019-10-08,There He Go,DaBaby
2019-10-15,HIGHEST IN THE ROOM,Travis Scott
2019-10-15,"10,000 Hours",Dan + Shay & Justin Bieber
2019-10-15,Bandit,Juice WRLD & YoungBoy Never Broke Again
2019-10-15,Come Thru,Summer Walker & Usher
2019-10-15,I'll Kill You,Summer Walker Featuring Jhene Aiko
2019-10-15,Stretch You Out,Summer Walker Featuring A Boogie Wit da Hoodie
2019-10-15,Body,Summer Walker
2019-10-15,Drunk Dialing...LODT,Summer Walker
2019-10-15,Over It,Summer Walker
2019-10-15,Nice To Meet Ya,Niall Horan
2019-10-15,Leave Em Alone,"Layton Greene, Lil Baby, City Girls & PnB Rock"
2019-10-15,Potential,Summer Walker
2019-10-15,Dance Monkey,Tones And I
2019-10-22,Lights Up,Harry Styles
2019-10-22,Lonely Child,YoungBoy Never Broke Again
2019-10-22,Make No Sense,YoungBoy Never Broke Again
2019-10-22,Carter Son,YoungBoy Never Broke Again
2019-10-22,Kinfolks,Sam Hunt
2019-10-22,Hot Now,YoungBoy Never Broke Again
2019-10-22,All Dat,Moneybagg Yo X Megan Thee Stallion
2019-10-22,In Control,YoungBoy Never Broke Again
2019-10-22,Time I'm On,YoungBoy Never Broke Again
2019-10-22,Rich As Hell,YoungBoy Never Broke Again
2019-10-29,Lose You To Love Me,Selena Gomez
2019-10-29,Somebody,"Internet Money, Lil Tecca & A Boogie Wit da Hoodie"
2019-10-29,DHL,Frank Ocean
2019-11-05,Follow God,Kanye West
2019-11-05,Closed On Sunday,Kanye West
2019-11-05,Selah,Kanye West
2019-11-05,On God,Kanye West
2019-11-05,Look At Her Now.,Selena Gomez
2019-11-05,Everything We Need,Kanye West Featuring Ty Dolla $ign & Ant Clemons
2019-11-05,God Is,Kanye West
2019-11-05,Use This Gospel,Kanye West Featuring Clipse & Kenny G
2019-11-05,Every Hour,Kanye West Featuring Sunday Service Choir
2019-11-05,Water,Kanye West Featuring Ant Clemons
2019-11-05,Hands On,Kanye West Featuring Fred Hammond
2019-11-05,Jesus Is Lord,Kanye West
2019-11-05,Start Wit Me,Roddy Ricch & Gunna
2019-11-05,What She Wants Tonight,Luke Bryan
2019-11-12,Don't Start Now,Dua Lipa
2019-11-12,Roxanne,Arizona Zervas
2019-11-12,Immortal,21 Savage
2019-11-12,It All Comes Out In The Wash,Miranda Lambert
2019-11-12,Love Me More,Trippie Redd
2019-11-12,In My Room,Frank Ocean
2019-11-12,Ridin' Roads,Dustin Lynch
2019-11-12,For My Daughter,Kane Brown
2019-11-12,Easy,DaniLeigh Featuring Chris Brown
2019-11-12,Big Boy Diamonds,Gucci Mane Featuring Kodak Black & London On Da Track
2019-11-19,Woah,Lil Baby
2019-11-19,Heart On Ice,Rod Wave
2019-11-19,Better Together,Luke Combs
2019-11-19,Everything I Wanted,Billie Eilish
2019-11-19,Tusa,Karol G & Nicki Minaj
2019-11-19,Yellow Hearts,Ant Saunders
2019-11-19,Jerry Sprunger,Tory Lanez & T-Pain
2019-11-19,Show Me Love,Alicia Keys Featuring Miguel
2019-11-19,Valentino,24kGoldn
2019-11-26,Reply,A Boogie Wit da Hoodie Featuring Lil Uzi Vert
2019-11-26,None Of Your Concern,Jhene Aiko Featuring Big Sean
2019-11-26,Watermelon Sugar,Harry Styles
2019-11-26,The Take,Tory Lanez Featuring Chris Brown
2019-11-26,Falling,Trevor Daniel
2019-11-26,Beauty In The Benz,Tory Lanez Featuring Snoop Dogg
2019-11-26,Up All Night,Khalid
2019-11-26,We Back,Jason Aldean
2019-11-26,Homesick,Kane Brown
2019-11-26,Death,Trippie Redd Featuring DaBaby
2019-11-26,Hell Right,Blake Shelton Featuring Trace Adkins
2019-11-26,RITMO (Bad Boys For Life),Black Eyed Peas X J Balvin
2019-12-03,Heartless,The Weeknd
2019-12-03,Vete,Bad Bunny
2019-12-03,Into The Unknown,Idina Menzel & AURORA
2019-12-03,Who Needs Love,Trippie Redd
2019-12-03,6 Kiss,Trippie Redd Featuring Juice WRLD & YNW Melly
2019-12-03,Loyal,PARTYNEXTDOOR Featuring Drake
2019-12-03,Suicidal,YNW Melly & Juice WRLD
2019-12-03,Hate Me,Trippie Redd Featuring YoungBoy Never Broke Again
2019-12-03,Candy,Doja Cat
2019-12-03,Cuban Links,Rod Wave & Kevin Gates
2019-12-03,Into The Unknown,Panic! At The Disco
2019-12-03,Show Yourself,Idina Menzel & Evan Rachel Wood
2019-12-10,Blinding Lights,The Weeknd
2019-12-10,Happy Holiday / The Holiday Season,Andy Williams
2019-12-10,No Idea,Don Toliver
2019-12-10,Like It's Christmas,Jonas Brothers
2019-12-10,Tip Toe,Roddy Ricch Featuring A Boogie Wit da Hoodie
2019-12-17,Adore You,Harry Styles
2019-12-17,The Box,Roddy Ricch
2019-12-17,Christmas Tree Farm,Taylor Swift
2019-12-17,Peta,Roddy Ricch Featuring Meek Mill
2019-12-17,My Oh My,Camila Cabello Featuring DaBaby
2019-12-17,Bad Vibes Forever,XXXTENTACION Featuring PnB Rock & Trippie Redd
2019-12-17,Lord Above,Fat Joe & Dre Featuring Eminem & Mary J. Blige
2019-12-17,Big Stepper,Roddy Ricch
2019-12-17,BEST ON EARTH,Russ & BIA
2019-12-24,Futsal Shuffle 2020,Lil Uzi Vert
2019-12-24,Falling,Harry Styles
2019-12-24,Dirty Iyanna,YoungBoy Never Broke Again
2019-12-24,Let Me Know (I Wonder Why Freestyle),Juice WRLD
2019-12-24,Nobody But You,Blake Shelton Duet With Gwen Stefani
2019-12-24,Famous Hoes,NLE Choppa
2019-12-24,Cherry,Harry Styles
2019-12-24,Golden,Harry Styles
2019-12-24,She,Harry Styles
2019-12-31,Baby It's Cold Outside,Dean Martin
2019-12-31,"You're A Mean One, Mr. Grinch",Thurl Ravenscroft
2019-12-31,Happy Xmas (War Is Over),John Legend
2019-12-31,Slide,H.E.R. Featuring YG
2020-01-08,Out West,JACKBOYS Featuring Young Thug
2020-01-08,GANG GANG,JACKBOYS & Sheck Wes
2020-01-08,HAD ENOUGH,Don Toliver Featuring Quavo & Offset
2020-01-08,WHAT TO DO?,JACKBOYS Featuring Don Toliver
2020-01-08,GATTI,"JACKBOYS, Pop Smoke & Travis Scott"
2020-01-08,High Fashion,Roddy Ricch Featuring Mustard
2020-01-08,I Hope,Gabby Barrett Featuring Charlie Puth
2020-01-08,Make Me Want To,Jimmie Allen
2020-01-08,More Hearts Than Mine,Ingrid Andress
2020-01-08,I Wish Grandpas Never Died,Riley Green
2020-01-08,Slow Dance In A Parking Lot,Jordan Davis
2020-01-08,July,Noah Cyrus & Leon Bridges
2020-01-15,Yummy,Justin Bieber
2020-01-15,U Played,MoneyBagg Yo Featuring Lil Baby
2020-01-15,SUGAR,BrockHampton
2020-01-15,All I Want,Olivia Rodrigo
2020-01-15,I Hope You're Happy Now,Carly Pearce & Lee Brice
2020-01-15,20/20,Lil Tjay
2020-01-15,Say So,Doja Cat Featuring Nicki Minaj
2020-01-15,ORANGE SODA,Baby Keem
2020-01-22,Life Is Good,Future Featuring Drake
2020-01-22,Sum 2 Prove,Lil Baby
2020-01-22,Good News,Mac Miller
2020-01-22,You Should Be Sad,Halsey
2020-01-22,Rare,Selena Gomez
2020-01-22,Eleven,Khalid
2020-01-22,Conversations In The Dark,John Legend
2020-01-22,Protect da Brand,Moneybagg Yo Featuring DaBaby
2020-01-29,Godzilla,Eminem Featuring Juice WRLD
2020-01-29,What A Man Gotta Do,Jonas Brothers
2020-01-29,Darkness,Eminem
2020-01-29,Those Kinda Nights,Eminem Featuring Ed Sheeran
2020-01-29,Unaccommodating,Eminem Featuring Young M.A
2020-01-29,Blue World,Mac Miller
2020-01-29,Circles,Mac Miller
2020-01-29,You Gon' Learn,"Eminem Featuring Royce da 5'9"" & White Gold"
2020-01-29,Black Swan,BTS
2020-01-29,P*$$y Fairy (OTW),Jhene Aiko
2020-01-29,Leaving Heaven,Eminem Featuring Skylar Grey
2020-01-29,Complicated,Mac Miller
2020-01-29,Hand Me Downs,Mac Miller
2020-01-29,Premonition (Intro),Eminem
2020-01-29,I Can See,Mac Miller
2020-01-29,In Too Deep,Eminem
2020-01-29,Woods,Mac Miller
2020-01-29,Everybody,Mac Miller
2020-01-29,Marsh,Eminem
2020-01-29,No Regrets,Eminem Featuring Don Toliver
2020-01-29,Lock It Up,Eminem Featuring Anderson .Paak
2020-01-29,Surf,Mac Miller
2020-01-29,Stepdad,Eminem
2020-01-29,That's On Me,Mac Miller
2020-02-05,B.I.T.C.H.,Megan Thee Stallion
2020-02-05,Anyone,Demi Lovato
2020-02-05,Letter To Nipsey,Meek Mill Featuring Roddy Ricch
2020-02-05,Chasin' You,Morgan Wallen
2020-02-05,Before You Go,Lewis Capaldi
2020-02-05,Homemade,Jake Owen
2020-02-05,Underdog,Alicia Keys
2020-02-05,First Man,Camila Cabello
2020-02-05,What If I Told You That I Love You,Ali Gatie
2020-02-05,Catch,Brett Young
2020-02-05,Dive Bar,Garth Brooks & Blake Shelton
2020-02-12,I Do It,Lil Wayne Featuring Big Sean & Lil Baby
2020-02-12,Only The Young,Taylor Swift
2020-02-12,Physical,Dua Lipa
2020-02-12,Mahogany,Lil Wayne
2020-02-12,King Of My City,A Boogie Wit da Hoodie
2020-02-12,Mama Mia,Lil Wayne
2020-02-12,Funeral,Lil Wayne
2020-02-12,Nice To Meet Ya,Meghan Trainor Featuring Nicki Minaj
2020-02-12,Get Me,Justin Bieber Featuring Kehlani
2020-02-19,Intentions,Justin Bieber Featuring Quavo
2020-02-19,Yikes,Nicki Minaj
2020-02-19,Know Your Worth,Khalid x Disclosure
2020-02-19,Blueberry Faygo,Lil Mosey
2020-02-19,Run,Joji
2020-02-19,KEII,Anuel AA
2020-02-19,Believe,Meek Mill Featuring Justin Timberlake
2020-02-19,Whats Poppin,"Jack Harlow Featuring DaBaby, Tory Lanez & Lil Wayne"
2020-02-19,No Judgement,Niall Horan
2020-02-26,No Time To Die,Billie Eilish
2020-02-26,Numbers,"A Boogie Wit da Hoodie Featuring Roddy Ricch, Gunna & London On Da Track"
2020-02-26,Forever,Justin Bieber Featuring Post Malone & Clever
2020-02-26,To Die For,Sam Smith
2020-02-26,g n f (Give No Fxk),"Migos, Young Thug & Travis Scott"
2020-02-26,Dior,Pop Smoke
2020-02-26,Me And My Guitar,A Boogie Wit da Hoodie
2020-02-26,Go Stupid,Polo G Featuring NLE Choppa & Stunna 4 Vegas
2020-02-26,Might Not Give Up,A Boogie Wit da Hoodie Featuring Young Thug
2020-02-26,Thug Love,A Boogie Wit da Hoodie
2020-02-26,After Hours,The Weeknd
2020-02-26,Ignorantes,Bad Bunny & Sech
2020-02-26,Stain,A Boogie Wit da Hoodie Featuring DaBaby
2020-02-26,Come Around Me,Justin Bieber
2020-02-26,Cinderella Story,A Boogie Wit da Hoodie
2020-02-26,Habitual,Justin Bieber
2020-02-26,All Around Me,Justin Bieber
2020-03-04,ON,BTS
2020-03-04,Lil Top,YoungBoy Never Broke Again
2020-03-04,Red Eye,YoungBoy Never Broke Again
2020-03-04,Fine By Time,YoungBoy Never Broke Again
2020-03-04,Bad Bad,YoungBoy Never Broke Again
2020-03-04,Knocked Off,YoungBoy Never Broke Again
2020-03-04,Moral Of The Story,Ashe Featuring Niall Horan
2020-03-04,RIP Lil Phat,YoungBoy Never Broke Again
2020-03-04,My Time,BTS
2020-03-04,Long RD,YoungBoy Never Broke Again
2020-03-04,Filter,BTS
2020-03-04,Bat Man,YoungBoy Never Broke Again
2020-03-04,Shake The Room,Pop Smoke Featuring Quavo
2020-03-04,Feel Me,Selena Gomez
2020-03-11,Stupid Love,Lady Gaga
2020-03-11,Heatin Up,Lil Baby & Gunna
2020-03-11,That Way,Lil Uzi Vert
2020-03-11,Commercial,Lil Baby Featuring Lil Uzi Vert
2020-03-11,Live Off My Closet,Lil Baby Featuring Future
2020-03-11,Emotionally Scarred,Lil Baby
2020-03-11,Si Veo A Tu Mama,Bad Bunny
2020-03-11,La Dificil,Bad Bunny
2020-03-11,PTSD,"G Herbo Featuring Chance The Rapper, Juice WRLD & Lil Uzi Vert"
2020-03-11,Grace,Lil Baby & 42 Dugg
2020-03-11,La Santa,Bad Bunny X Daddy Yankee
2020-03-11,Get Ugly,Lil Baby
2020-03-11,No Sucker,Lil Baby & Moneybagg Yo
2020-03-11,How,Lil Baby
2020-03-11,The Other Side,SZA X Justin Timberlake
2020-03-11,Pero Ya No,Bad Bunny
2020-03-11,Forever,Lil Baby Featuring Lil Wayne
2020-03-11,Yo Perreo Sola,Bad Bunny
2020-03-11,Same Thing,Lil Baby
2020-03-11,Safaera,"Bad Bunny, Jowell & Randy & Nengo Flow"
2020-03-11,Bichiyal,Bad Bunny & Yaviah
2020-03-11,We Should,Lil Baby & Young Thug
2020-03-11,Solia,Bad Bunny
2020-03-11,Esta Cabron Ser Yo,Bad Bunny X Anuel AA
2020-03-11,Sunday Best,Surfaces
2020-03-11,Can't Explain,Lil Baby
2020-03-18,Baby Pluto,Lil Uzi Vert
2020-03-18,Lo Mein,Lil Uzi Vert
2020-03-18,Silly Watch,Lil Uzi Vert
2020-03-18,P2,Lil Uzi Vert
2020-03-18,I Love Me,Demi Lovato
2020-03-18,Homecoming,Lil Uzi Vert
2020-03-18,B.S.,Jhene Aiko Featuring H.E.R.
2020-03-18,Prices,Lil Uzi Vert
2020-03-18,POP,Lil Uzi Vert
2020-03-18,Bigger Than Life,Lil Uzi Vert
2020-03-18,Celebration Station,Lil Uzi Vert
2020-03-18,You Better Move,Lil Uzi Vert
2020-03-18,I'm Sorry,Lil Uzi Vert
2020-03-18,Venetia,Lil Uzi Vert
2020-03-18,Chrome Heart Tags,Lil Uzi Vert
2020-03-18,Bust Me,Lil Uzi Vert
2020-03-18,Happiness Over Everything (H.O.E.),Jhene Aiko Featuring Future & Miguel
2020-03-18,Secure The Bag,Lil Uzi Vert
2020-03-18,Captain Hook,Megan Thee Stallion
2020-03-18,Urgency,Lil Uzi Vert Featuring Syd
2020-03-18,SkyBox,Gunna
2020-03-18,Oprah's Bank Account,"Lil Yachty, Drake & DaBaby"
2020-03-25,Myron,Lil Uzi Vert
2020-03-25,Bean (Kobe),Lil Uzi Vert Featuring Chief Keef
2020-03-25,Yessirskiii,Lil Uzi Vert & 21 Savage
2020-03-25,Lotus,Lil Uzi Vert
2020-03-25,Wassup,Lil Uzi Vert Featuring Future
2020-03-25,Strawberry Peels,Lil Uzi Vert Featuring Young Thug & Gunna
2020-03-25,Moon Relate,Lil Uzi Vert
2020-03-25,I Can Show You,Lil Uzi Vert
2020-03-25,Trap This Way (This Way),Lil Uzi Vert
2020-03-25,Death Bed,Powfu Featuring beabadoobee
2020-03-25,Leaders,Lil Uzi Vert Featuring NAV
2020-03-25,No Auto,Lil Uzi Vert Featuring Lil Durk
2020-03-25,Come This Way,Lil Uzi Vert
2020-03-25,Does To Me,Luke Combs Featuring Eric Church
2020-03-25,Got The Guap,Lil Uzi Vert Featuring Young Thug
2020-03-25,Supalonely,BENEE Featuring Gus Dapperton
2020-03-25,Money Spread,Lil Uzi Vert Featuring Young Nudy
2020-03-25,Cardigan,Don Toliver
2020-03-25,Beer Can't Fix,Thomas Rhett Featuring Jon Pardi
2020-03-25,Savage,Megan Thee Stallion Featuring Beyonce
2020-04-01,In Your Eyes,The Weeknd
2020-04-01,Alone Again,The Weeknd
2020-04-01,Scared To Live,The Weeknd
2020-04-01,Hardest To Love,The Weeknd
2020-04-01,Too Late,The Weeknd
2020-04-01,Snowchild,The Weeknd
2020-04-01,Escape From LA,The Weeknd
2020-04-01,Save Your Tears,The Weeknd & Ariana Grande
2020-04-01,Faith,The Weeknd
2020-04-01,Roses,SAINt JHN
2020-04-01,Repeat After Me (Interlude),The Weeknd
2020-04-01,Until I Bleed Out,The Weeknd
2020-04-01,Walk Em Down,NLE Choppa Featuring Roddy Ricch
2020-04-01,The Other Girl,Kelsea Ballerini x Halsey
2020-04-08,Turks,"NAV, Gunna & Travis Scott"
2020-04-08,Break My Heart,Dua Lipa
2020-04-08,Believe It,PARTYNEXTDOOR & Rihanna
2020-04-08,After A Few,Travis Denning
2020-04-08,I Love My Country,Florida Georgia Line
2020-04-08,Hard To Forget,Sam Hunt
2020-04-08,Last Time I Say Sorry,Kane Brown & John Legend
2020-04-08,If The World Was Ending,JP Saxe Featuring Julia Michaels
2020-04-15,Toosie Slide,Drake
2020-04-15,Find My Way,DaBaby
2020-04-15,Fuck The World,Rod Wave
2020-04-15,Pray 4 Love,Rod Wave
2020-04-15,Be A Light,"Thomas Rhett Featuring Reba McEntire, Hillary Scott, Chris Tomlin & Keith Urban"
2020-04-15,Thief In The Night,Rod Wave
2020-04-15,Tycoon,Future
2020-04-15,I Remember,Rod Wave
2020-04-15,The Greatest,Rod Wave
2020-04-15,Bluebird,Miranda Lambert
2020-04-15,Ribbon In The Sky,Rod Wave
2020-04-15,Here And Now,Kenny Chesney
2020-04-15,Thug Life,Rod Wave
2020-04-15,No Weakness,Rod Wave
2020-04-22,Level Of Concern,Twenty One Pilots
2020-04-22,Stupid Again,Tory Lanez
2020-04-22,Boyfriend,Selena Gomez
2020-04-22,Broke In A Minute,Tory Lanez
2020-04-22,Sigues Con El,Arcangel x Sech
2020-04-22,Die From A Broken Heart,Maddie & Tae
2020-04-22,DND,Polo G
2020-04-22,In Between,Scotty McCreery
2020-04-22,Ride It.,Regard
2020-04-22,Girl Of My Dreams,Rod Wave
2020-04-22,Boss Bitch,Doja Cat
2020-04-29,Rockstar,DaBaby Featuring Roddy Ricch
2020-04-29,Jump,DaBaby Featuring YoungBoy Never Broke Again
2020-04-29,@ MEH,Playboi Carti
2020-04-29,I'm Ready,Sam Smith & Demi Lovato
2020-04-29,PICK UP,DaBaby Featuring Quavo
2020-04-29,NASTY,DaBaby Featuring Ashanti & Megan Thee Stallion
2020-04-29,LIGHTSKIN SH*T,DaBaby Featuring Future & jetsonmade
2020-04-29,More Than My Hometown,Morgan Wallen
2020-04-29,CAN'T STOP,DaBaby
2020-04-29,BLAME IT ON BABY,DaBaby
2020-04-29,SAD SHIT,DaBaby
2020-04-29,DROP,DaBaby Featuring A Boogie Wit da Hoodie & London On Da Track
2020-04-29,TALK ABOUT IT,DaBaby
2020-04-29,CHAMPION,DaBaby
2020-04-29,I Dare You,Kelly Clarkson
2020-04-29,After Party,Don Toliver
2020-04-29,God Whispered Your Name,Keith Urban
2020-05-06,The Scotts,"THE SCOTTS, Travis Scott & Kid Cudi"
2020-05-06,Righteous,Juice WRLD
2020-05-06,All In,Lil Baby
2020-05-06,Sasuke,Lil Uzi Vert
2020-05-06,Cool Again,Kane Brown
2020-05-06,Ain't Easy,YoungBoy Never Broke Again
2020-05-06,Party Girl,StaySolidRocky
2020-05-06,Diamonds,YoungBoy Never Broke Again
2020-05-06,Bout My Business,YoungBoy Never Broke Again Featuring Sherhonda Gaulden
2020-05-06,Rough Ryder,YoungBoy Never Broke Again
2020-05-06,Drinking Alone,Carrie Underwood
2020-05-06,Thug Of Spades,YoungBoy Never Broke Again Featuring DaBaby
2020-05-13,Pain 1993,Drake Featuring Playboi Carti
2020-05-13,Chicago Freestyle,Drake Featuring Giveon
2020-05-13,D4L,"Future, Drake & Young Thug"
2020-05-13,Not You Too,Drake Featuring Chris Brown
2020-05-13,Desires,Drake Featuring Future
2020-05-13,Be Kind,Marshmello & Halsey
2020-05-13,Time Flies,Drake
2020-05-13,Deep Pockets,Drake
2020-05-13,Demons,Drake Featuring Fivio Foreign & Sosa Geek
2020-05-13,When To Say When,Drake
2020-05-13,Landed,Drake
2020-05-13,From Florida With Love,Drake
2020-05-13,Losses,Drake
2020-05-13,War,Drake
2020-05-13,Six Feet Apart,Luke Combs
2020-05-13,We Paid,Lil Baby & 42 Dugg
2020-05-13,Social Distancing,Lil Baby
2020-05-13,Low Down,Lil Baby
2020-05-13,Humble,Lil Baby
2020-05-13,One Margarita,Luke Bryan
2020-05-13,Don't Rush,Young T & Bugsey Featuring Headie One
2020-05-20,Stuck With U,Ariana Grande & Justin Bieber
2020-05-20,Gooba,6ix9ine
2020-05-20,3 Headed Goat,Lil Durk Featuring Lil Baby & Polo G
2020-05-20,Can I,Kehlani Featuring Tory Lanez
2020-05-20,Zoo York,Lil Tjay Featuring Fivio Foreign & Pop Smoke
2020-05-20,Toxic,Kehlani
2020-05-20,Go Crazy,Chris Brown & Young Thug
2020-05-20,Change Your Life,Kehlani Featuring Jhene Aiko
2020-05-20,Me Vs Me,Moneybagg Yo
2020-05-20,Viral Moment,Lil Durk
2020-05-27,Flex,Polo G Featuring Juice WRLD
2020-05-27,Solitaires,Future Featuring Travis Scott
2020-05-27,X,Jonas Brothers Featuring Karol G
2020-05-27,Trillionaire,Future Featuring YoungBoy Never Broke Again
2020-05-27,Daisies,Katy Perry
2020-05-27,Trapped In The Sun,Future
2020-05-27,All Bad,Future Featuring Lil Uzi Vert
2020-05-27,Be Something,Polo G Featuring Lil Baby
2020-05-27,Martin & Gina,Polo G
2020-05-27,21,Polo G
2020-05-27,Hard To Choose One,Future
2020-05-27,Ridin Strikers,Future
2020-05-27,Hitek Tek,Future
2020-05-27,Too Comfortable,Future
2020-05-27,Posted With Demons,Future
2020-05-27,Touch The Sky,Future
2020-05-27,One Of My,Future
2020-05-27,Harlem Shake,Future Featuring Young Thug
2020-05-27,Don't Believe The Hype,Polo G
2020-05-27,Beautiful Pain (Losin My Mind),Polo G
2020-05-27,33,Polo G
2020-05-27,I Know,Polo G
2020-06-03,Rain On Me,Lady Gaga & Ariana Grande
2020-06-03,Dollaz On My Head,Gunna Featuring Young Thug
2020-06-03,Cooler Than A Bitch,Gunna Featuring Roddy Ricch
2020-06-03,Top Floor,Gunna Featuring Travis Scott
2020-06-03,Wunna,Gunna
2020-06-03,Blindfold,Gunna Featuring Lil Baby
2020-06-03,Need It,Migos Featuring YoungBoy Never Broke Again
2020-06-03,Argentina,Gunna
2020-06-03,Met Gala,Gunna
2020-06-03,Daechwita,Agust D
2020-06-03,Nasty Girl / On Camera,Gunna
2020-06-03,MOTW,Gunna
2020-06-03,Gimmick,Gunna
2020-06-03,Feigning,Gunna
2020-06-03,ily,Surf Mesa Featuring Emilee
2020-06-10,Sour Candy,Lady Gaga & BLACKPINK
2020-06-10,Tell Me U Luv Me,Juice WRLD & Trippie Redd
2020-06-10,TKN,Rosalia & Travis Scott
2020-06-10,Got What I Got,Jason Aldean
2020-06-10,One Big Country Song,LOCASH
2020-06-10,T.D,"Lil Yachty & Tierra Whack Featuring A$AP Rocky & Tyler, The Creator"
2020-06-10,Alice,Lady Gaga
2020-06-10,Hasta Que Dios Diga,Anuel AA & Bad Bunny
2020-06-10,Why We Drink,Justin Moore
2020-06-10,Lose Somebody,Kygo & OneRepublic
2020-06-10,One Of Them Girls,Lee Brice
2020-06-10,Like That,Doja Cat Featuring Gucci Mane
2020-06-10,One Beer,HARDY Featuring Lauren Alaina & Devin Dawson
2020-06-17,Otherside Of America,Meek Mill
2020-06-17,Deep End Freestyle,Sleepy Hallow
2020-06-17,Mamacita,"Black Eyed Peas, Ozuna + J.Rey Soul"
2020-06-17,One Night Standards,Ashley McBryde
2020-06-17,Hard Days,Brantley Gilbert
2020-06-17,Worldwide Beautiful,Kane Brown
2020-06-24,Trollz,6ix9ine & Nicki Minaj
2020-06-24,The Bigger Picture,Lil Baby
2020-06-24,Make It Rain,Pop Smoke Featuring Rowdy Rebel
2020-06-24,Go!,Kid LAROI & Juice WRLD
2020-06-24,Shotta Flow 5,NLE Choppa
2020-06-24,Snow On Tha Bluff,J. Cole
2020-06-24,Tommy Lee,Tyla Yaweh & Post Malone
2020-06-24,Savage Love (Laxed - Siren Beat),Jawsh 685 x Jason Derulo
2020-06-24,Do It,Chloe X Halle
2020-06-24,Done,Chris Janson
2020-06-24,The Man Who Loves You The Most,Zac Brown Band
2020-06-24,Need Me,J.I The Prince Of N.Y
2020-07-01,Black Parade,Beyonce
2020-07-01,Bleed,A Boogie Wit da Hoodie
2020-07-01,My Truck,BRELAND
2020-07-01,One Shot,YoungBoy Never Broke Again Featuring Lil Baby
2020-07-01,Pretty Heart,Parker McCollum
2020-07-01,Bang!,AJR
2020-07-08,Girls In The Hood,Megan Thee Stallion
2020-07-08,How You Like That,BLACKPINK
2020-07-08,Wash Us In The Blood,Kanye West Featuring Travis Scott
2020-07-08,Know My Rights,6LACK Featuring Lil Baby
2020-07-08,Past Life,Trevor Daniel x Selena Gomez
2020-07-08,Stick That In Your Country Song,Eric Church
2020-07-08,Lovin' On You,Luke Combs
2020-07-08,Rags2Riches,Rod Wave Featuring ATR Son Son
2020-07-08,I Called Mama,Tim McGraw
2020-07-15,For The Night,Pop Smoke Featuring Lil Baby & DaBaby
2020-07-15,The Woo,Pop Smoke Featuring 50 Cent & Roddy Ricch
2020-07-15,Got It On Me,Pop Smoke
2020-07-15,Aim For The Moon,Pop Smoke Featuring Quavo
2020-07-15,Gangstas,Pop Smoke
2020-07-15,44 Bulldog,Pop Smoke
2020-07-15,Something Special,Pop Smoke
2020-07-15,Yea Yea,Pop Smoke
2020-07-15,Mood Swings,Pop Smoke Featuring Lil Tjay
2020-07-15,What You Know Bout Love,Pop Smoke
2020-07-15,Snitchin,Pop Smoke Featuring Quavo & Future
2020-07-15,Bad Bitch From Tokyo (Intro),Pop Smoke
2020-07-15,Enjoy Yourself,Pop Smoke Featuring Karol G
2020-07-15,Creature,Pop Smoke Featuring Swae Lee
2020-07-15,Said Sum,Moneybagg Yo
2020-07-15,West Coast Shit,Pop Smoke Featuring Tyga & Quavo
2020-07-15,Life's A Mess,Juice WRLD X Halsey
2020-07-15,Diana,Pop Smoke Featuring King Combs
2020-07-15,Tunnel Vision (Outro),Pop Smoke
2020-07-15,YaYa,6ix9ine
2020-07-22,Come & Go,Juice WRLD x Marshmello
2020-07-22,Wishing Well,Juice WRLD
2020-07-22,Conversations,Juice WRLD
2020-07-22,Hate The Other Side,Juice WRLD & Marshmello Featuring Polo G & The Kid LAROI
2020-07-22,Blood On My Jeans,Juice WRLD
2020-07-22,Titanic,Juice WRLD
2020-07-22,Bad Energy,Juice WRLD
2020-07-22,The Adventures Of Moon Man & Slim Shady,Kid Cudi & Eminem
2020-07-22,Stay High,Juice WRLD
2020-07-22,Fighting Demons,Juice WRLD
2020-07-22,Up Up And Away,Juice WRLD
2020-07-22,Screw Juice,Juice WRLD
2020-07-22,I Want It,Juice WRLD
2020-07-22,Can't Die,Juice WRLD
2020-07-22,Man Of The Year,Juice WRLD
2020-07-22,Be Like That,Kane Brown With Swae Lee & Khalid
2020-07-22,Let It Go,Summer Walker
2020-07-22,My Affection,Summer Walker & PARTYNEXTDOOR
2020-07-22,Tap In,Saweetie
2020-07-29,Popstar,DJ Khaled Featuring Drake
2020-07-29,Greece,DJ Khaled Featuring Drake
2020-07-29,Breaking Me,Topic & A7S
2020-07-29,the.climb.back,J. Cole
2020-08-05,Cardigan,Taylor Swift
2020-08-05,The 1,Taylor Swift
2020-08-05,Exile,Taylor Swift Featuring Bon Iver
2020-08-05,The Last Great American Dynasty,Taylor Swift
2020-08-05,My Tears Ricochet,Taylor Swift
2020-08-05,August,Taylor Swift
2020-08-05,Mirrorball,Taylor Swift
2020-08-05,Seven,Taylor Swift
2020-08-05,Invisible String,Taylor Swift
2020-08-05,This Is Me Trying,Taylor Swift
2020-08-05,Betty,Taylor Swift
2020-08-05,Illicit Affairs,Taylor Swift
2020-08-05,Nobody's Love,Maroon 5
2020-08-05,Mad Woman,Taylor Swift
2020-08-05,Lion King On Ice,J. Cole
2020-08-05,Happy Anywhere,Blake Shelton Featuring Gwen Stefani
2020-08-05,Epiphany,Taylor Swift
2020-08-05,Peace,Taylor Swift
2020-08-05,Un Dia (One Day),"J Balvin, Dua Lipa, Bad Bunny & Tainy"
2020-08-05,Hoax,Taylor Swift
2020-08-05,Perfect,Logic
2020-08-12,My Future,Billie Eilish
2020-08-12,Move Ya Hips,A$AP Ferg Featuring  Nicki Minaj & MadeinTYO
2020-08-12,I Should Probably Go To Bed,Dan + Shay
2020-08-12,No Dribble,DaBaby x Stunna 4 Vegas
2020-08-19,WAP,Cardi B Featuring Megan Thee Stallion
2020-08-19,Smile,Juice WRLD & The Weeknd
2020-08-19,Letter From Houston,Rod Wave
2020-08-19,Kings & Queens,Ava Max
2020-08-19,My Ex's Best Friend,Machine Gun Kelly X blackbear
2020-08-19,Mood,24kGoldn Featuring iann dior
2020-08-19,Freestyle,Rod Wave
2020-08-19,Some Girls,Jameson Rodgers
2020-08-19,La Jeepeta,Nio Garcia x Anuel AA x Myke Towers x Brray x Juanka
2020-08-19,B*tch From da Souf,Mulatto
2020-08-26,Laugh Now Cry Later,Drake Featuring Lil Durk
2020-08-26,7 Summers,Morgan Wallen
2020-08-26,Midnight Sky,Miley Cyrus
2020-08-26,Kacey Talk,YoungBoy Never Broke Again
2020-08-26,Heather,Conan Gray
2020-08-26,Lemonade,Internet Money & Gunna Featuring Don Toliver & NAV
2020-08-26,24,Money Man Featuring Lil Baby
2020-08-26,Caramelo,Ozuna x Karol G x Myke Towers
2020-08-26,Lonely If You Are,Chase Rice
2020-09-02,Dynamite,BTS
2020-09-02,The Plan,Travis Scott
2020-09-02,Hawai,Maluma & The Weeknd
2020-09-02,All In,YoungBoy Never Broke Again
2020-09-02,You Broke Me First.,Tate McRae
2020-09-02,Spicy,Nas Featuring Fivio Foreign & A$AP Ferg
2020-09-09,Ice Cream,BLACKPINK X Selena Gomez
2020-09-09,Over Now,Calvin Harris X The Weeknd
2020-09-09,Starting Over,Chris Stapleton
2020-09-09,Blastoff,Internet Money Featuring Juice WRLD & Trippie Redd
2020-09-09,Expensive,Ty Dolla $ign Featuring Nicki Minaj
2020-09-09,Lets Link,WhoHeem
2020-09-09,Ain't Always The Cowboy,Jon Pardi
2020-09-16,Hit Different,SZA Featuring Ty Dolla $ign
2020-09-16,The Voice,Lil Durk
2020-09-16,Relacion,"Sech, Daddy Yankee & J Balvin Featuring Rosalia & Farruko"
2020-09-16,Wolves,Big Sean Featuring Post Malone
2020-09-16,Lithuania,Big Sean Featuring Travis Scott
2020-09-16,Deep Reverence,Big Sean Featuring Nipsey Hussle
2020-09-16,Love You Like I Used To,Russell Dickerson
2020-09-16,Body Language,Big Sean Featuring Ty Dolla $ign & Jhene Aiko
2020-09-16,Everywhere But On,Matt Stell
2020-09-16,Why Would I Stop?,Big Sean
2020-09-23,My Window,YoungBoy Never Broke Again Featuring Lil Wayne
2020-09-23,OK Not To Be OK,Marshmello & Demi Lovato
2020-09-23,Drug Addiction,YoungBoy Never Broke Again
2020-09-23,Gone Too Soon,Andrew Jannakos
2020-09-23,Dead Trollz,YoungBoy Never Broke Again
2020-09-23,Cross Roads,YoungBoy Never Broke Again
2020-09-23,The Last Backyard...,YoungBoy Never Broke Again
2020-09-23,Right Foot Creep,YoungBoy Never Broke Again
2020-09-23,You Got It,VEDO
2020-09-23,Dirty Stick,YoungBoy Never Broke Again
2020-09-30,Holy,Justin Bieber Featuring Chance The Rapper
2020-09-30,Diamonds,Sam Smith
2020-09-30,One Too Many,Keith Urban Duet With P!nk
2020-09-30,Without You,Luke Combs Featuring Amanda Shires
2020-09-30,Dolly,Lil Tecca & Lil Uzi Vert
2020-09-30,When You Down,Lil Tecca & Polo G Featuring Lil Durk
2020-09-30,Me Gusta,Anitta Featuring Cardi B & Myke Towers
2020-09-30,Wet. (She Got That...),YFN Lucci
2020-09-30,Whole Lotta Choppas,Sada Baby Featuring Nicki Minaj
2020-09-30,Blind,DaBaby Featuring Young Thug
2020-10-07,Franchise,Travis Scott Featuring Young Thug & M.I.A.
2020-10-07,Forget Me Too,Machine Gun Kelly & Halsey
2020-10-07,Epidemic,Polo G
2020-10-07,Bloody Valentine,Machine Gun Kelly
2020-10-07,U 2 Luv,Ne-Yo & Jeremih
2020-10-07,Better,Zayn
2020-10-07,Drunk Face,Machine Gun Kelly
2020-10-07,"Big, Big Plans",Chris Lane
2020-10-07,"Ay, Dios Mio!",Karol G
2020-10-07,Good Time,Niko Moon
2020-10-07,Put Your Records On,Ritt Momney
2020-10-07,Money Over Fallouts,Tory Lanez
2020-10-14,Runnin,21 Savage & Metro Boomin
2020-10-14,Mr. Right Now,21 Savage & Metro Boomin Featuring Drake
2020-10-14,Wonder,Shawn Mendes
2020-10-14,Glock In My Lap,21 Savage & Metro Boomin
2020-10-14,Dreams,Fleetwood Mac
2020-10-14,Rich N*gga Sh*t,21 Savage & Metro Boomin Featuring Young Thug
2020-10-14,Don't Stop,Megan Thee Stallion Featuring Young Thug
2020-10-14,Slidin,21 Savage & Metro Boomin
2020-10-14,Many Men,21 Savage & Metro Boomin
2020-10-14,Fallin',Why Don't We
2020-10-14,Outta Time,Bryson Tiller Featuring Drake
2020-10-14,My Dawg,21 Savage & Metro Boomin
2020-10-14,Brand New Draco,21 Savage & Metro Boomin
2020-10-14,Lovesick Girls,BLACKPINK
2020-10-14,Snitches & Rats,21 Savage & Metro Boomin Featuring Young Nudy
2020-10-14,No Opp Left Behind,21 Savage & Metro Boomin
2020-10-14,Levitating,Dua Lipa
2020-10-14,Steppin On N*ggas,21 Savage & Metro Boomin
2020-10-14,RIP Luv,21 Savage & Metro Boomin
2020-10-14,Always Forever,Bryson Tiller
2020-10-14,Years Go By,Bryson Tiller
2020-10-14,Said N Done,21 Savage & Metro Boomin
2020-10-21,"Baby, I'm Jealous",Bebe Rexha Featuring Doja Cat
2020-10-21,Hole In The Bottle,Kelsea Ballerini
2020-10-21,Sofia,Clairo
2020-10-28,Lonely,Justin Bieber & benny blanco
2020-10-28,You're Mines Still,Yung Bleu Featuring Drake
2020-10-28,Hate The Way,G-Eazy Featuring blackbear
2020-10-28,Canceled,Larray
2020-10-28,Happy Does,Kenny Chesney
2020-10-28,Throat Baby (Go Baby),BRS Kash
2020-10-28,Pardon,T.I. Featuring Lil Baby
2020-10-28,Champagne Night,Lady A
2020-11-04,Positions,Ariana Grande
2020-11-04,Forever After All,Luke Combs
2020-11-04,Tyler Herro,Jack Harlow
2020-11-04,Spicy,Ty Dolla $ign Featuring Post Malone
2020-11-04,The Other Guy,Luke Combs
2020-11-04,Damage,H.E.R.
2020-11-04,Back To The Streets,Saweetie Featuring Jhene Aiko
2020-11-04,So Done,The Kid LAROI
2020-11-04,Cold As You,Luke Combs
2020-11-04,Practice,DaBaby
2020-11-04,La Toxica,Farruko
2020-11-04,Head & Heart,Joel Corry X MNEK
2020-11-04,"Wine, Beer, Whiskey",Little Big Town
2020-11-11,34+35,Ariana Grande Feat. Doja Cat & Megan Thee Stallion
2020-11-11,Dakiti,Bad Bunny & Jhay Cortez
2020-11-11,Motive,Ariana Grande Featuring Doja Cat
2020-11-11,Off The Table,Ariana Grande Featuring The Weeknd
2020-11-11,pov,Ariana Grande
2020-11-11,Just Like Magic,Ariana Grande
2020-11-11,Shut Up,Ariana Grande
2020-11-11,Nasty,Ariana Grande
2020-11-11,Safety Net,Ariana Grande Featuring Ty Dolla $ign
2020-11-11,Six Thirty,Ariana Grande
2020-11-11,My Hair,Ariana Grande
2020-11-11,Obvious,Ariana Grande
2020-11-11,West Side,Ariana Grande
2020-11-11,Love Language,Ariana Grande
2020-11-11,Weeeeee,Trippie Redd
2020-11-11,Stay Down,"Lil Durk, 6LACK & Young Thug"
2020-11-11,Thick,DJ Chose Featuring BeatKing
2020-11-11,Take You Dancing,Jason Derulo
2020-11-18,What That Speed Bout!?,"Mike WiLL Made-It, Nicki Minaj & YoungBoy Never Broke Again"
2020-11-18,Took Her To The O,King Von
2020-11-18,Don't Need Friends,NAV Featuring Lil Baby
2020-11-18,The Code,King Von Featuring Polo G
2020-11-18,Tragic,The Kid LAROI Featuring YoungBoy Never Brok Again & Internet Money
2020-11-18,All These N**gas,King Von Featuring Lil Durk
2020-11-18,Crazy Story 2.0,King Von Featuring Lil Durk
2020-11-18,Always Do,The Kid LAROI
2020-11-18,Young Wheezy,NAV With Gunna
2020-11-18,Beers And Sunshine,Darius Rucker
2020-11-18,Therefore I Am,Billie Eilish
2020-11-18,Whoopty,CJ
2020-11-18,"F*ck You, Goodbye",The Kid LAROI Featuring Machine Gun Kelly
2020-11-25,Drankin N Smokin,Future & Lil Uzi Vert
2020-11-25,Holiday,Lil Nas X
2020-11-25,Stripes Like Burberry,Future & Lil Uzi Vert
2020-11-25,That's It,Future & Lil Uzi Vert
2020-11-25,Real Baby Pluto,Future & Lil Uzi Vert
2020-11-25,Iris,Phoebe & Maggie
2020-11-25,Marni On Me,Future & Lil Uzi Vert
2020-11-25,Million Dollar Play,Future & Lil Uzi Vert
2020-11-25,Sleeping On The Floor,Future & Lil Uzi Vert
2020-11-25,What's Your Country Song,Thomas Rhett
2020-11-25,Plastic,Future & Lil Uzi Vert
2020-11-25,Rockstar Chainz,Future
2020-11-25,Bought A Bad Bitch,Future & Lil Uzi Vert
2020-12-02,Life Goes On,BTS
2020-12-02,Monster,Shawn Mendes & Justin Bieber
2020-12-02,Body,Megan Thee Stallion
2020-12-02,Blue & Grey,BTS
2020-12-02,Stay,BTS
2020-12-02,Somebody's Problem,Morgan Wallen
2020-12-02,Still Goin Down,Morgan Wallen
2020-12-02,Prisoner,Miley Cyrus Featuring Dua Lipa
2020-12-02,Fly To My Room,BTS
2020-12-02,Telepathy,BTS
2020-12-02,Cry Baby,Megan Thee Stallion Featuring DaBaby
2020-12-02,Dis-ease,BTS
2020-12-02,Shots Fired,Megan Thee Stallion
2020-12-02,Livin' The Dream,Morgan Wallen
2020-12-02,Pain Away,Meek Mill Featuring Lil Durk
2020-12-02,Do It On The Tip,Megan Thee Stallion Featuring City Girls & Hot Girl Meg
2020-12-02,Circles,Megan Thee Stallion
2020-12-02,Bichota,Karol G
2020-12-02,Cover Me Up,Morgan Wallen
2020-12-09,La Noche de Anoche,Bad Bunny & Rosalia
2020-12-09,Te Mudaste,Bad Bunny
2020-12-09,Yo Visto Asi,Bad Bunny
2020-12-09,Dicked Down In Dallas,Trey Lewis
2020-12-09,Haciendo Que Me Amas,Bad Bunny
2020-12-09,Te Deseo Lo Mejor,Bad Bunny
2020-12-09,Under The Mistletoe,Kelly Clarkson & Brett Eldredge
2020-12-09,Booker T,Bad Bunny
2020-12-09,El Mundo Es Mio,Bad Bunny
2020-12-09,Hoy Cobre,Bad Bunny
2020-12-09,Rockin' Around The Christmas Tree,Justin Bieber
2020-12-09,Maldita Pobreza,Bad Bunny
2020-12-09,La Droga,Bad Bunny
2020-12-09,Favorite Time Of Year,Carrie Underwood
2020-12-16,On Me,Lil Baby
2020-12-16,Errbody,Lil Baby
2020-12-16,Without You,The Kid LAROI
2020-12-16,Real Shit,Juice WRLD x benny blanco
2020-12-16,Oh Santa!,Mariah Carey Featuring Ariana Grande & Jennifer Hudson
2020-12-16,Take Me Home For Christmas,Dan + Shay
2020-12-16,Hallelujah,Carrie Underwood & John Legend
2020-12-16,Silent Night,Carrie Underwood
2020-12-23,Willow,Taylor Swift
2020-12-23,Champagne Problems,Taylor Swift
2020-12-23,"No Body, No Crime",Taylor Swift Featuring HAIM
2020-12-23,'Tis The Damn Season,Taylor Swift
2020-12-23,Gold Rush,Taylor Swift
2020-12-23,Tequila Shots,Kid Cudi
2020-12-23,Tolerate It,Taylor Swift
2020-12-23,Deck The Halls,Nat King Cole
2020-12-23,She Knows This,Kid Cudi
2020-12-23,Happiness,Taylor Swift
2020-12-23,Show Out,"Kid Cudi, Skepta & Pop Smoke"
2020-12-23,Evermore,Taylor Swift Featuring Bon Iver
2020-12-23,Ivy,Taylor Swift
2020-12-23,Coney Island,Taylor Swift Featuring The National
2020-12-23,Another Day,Kid Cudi
2020-12-23,Dorothea,Taylor Swift
2020-12-23,Long Story Short,Taylor Swift
2020-12-23,Cowboy Like Me,Taylor Swift
2020-12-23,Way Out,Jack Harlow Featuring Big Sean
2020-12-23,Marjorie,Taylor Swift
2020-12-23,Mr. Solo Dolo III,Kid Cudi
2020-12-23,Dive,Kid Cudi
2020-12-23,Closure,Taylor Swift
2020-12-23,Heaven On Earth,Kid Cudi
2020-12-23,Reminds Me Of You,The Kid LAROI & Juice WRLD
2020-12-23,Sad People,Kid Cudi
2020-12-23,Damaged,Kid Cudi
2020-12-23,Beautiful Trip,Kid Cudi
2020-12-30,Mele Kalikimaka (Merry Christmas),Bing Crosby & The Andrews Sisters
2020-12-30,This Christmas,Donny Hathaway
2020-12-30,Please Come Home For Christmas,Eagles
2020-12-30,Santa Claus Is Comin' To Town,Jackson 5
2020-12-30,Little Saint Nick,The Beach Boys
2020-12-30,Have Yourself A Merry Little Christmas,Michael Buble
2020-12-30,I'll Be Home For Christmas,Bing Crosby With John Scott Trotter And His Orchestra
2020-12-30,Afterglow,Ed Sheeran
2020-12-30,Gnat,Eminem
2020-12-30,The First Noel,Gabby Barrett
2020-12-30,Adderall (Corvette Corvette),Popp Hunna
2020-12-30,Backdoor,Lil Durk
2020-12-30,Moonwalking In Calabasas,DDG
2021-01-08,Good Days,SZA
2021-01-08,Still Trappin',Lil Durk & King Von
2021-01-08,Redman,Lil Durk
2021-01-08,Slay3r,Playboi Carti
2021-01-08,Go2DaMoon,Playboi Carti Featuring Kanye West
2021-01-08,Refugee,Lil Durk
2021-01-08,Monsters,All Time Low Featuring Demi Lovato & blackbear
2021-01-08,Vamp Anthem,Playboi Carti
2021-01-08,Down To One,Luke Bryan
2021-01-08,New N3on,Playboi Carti
2021-01-08,Death Ain't Easy,Lil Durk
2021-01-08,Just The Way,Parmalee x Blanco Brown
2021-01-08,M3tamorphosis,Playboi Carti Featuring Kid Cudi
2021-01-08,The Good Ones,Gabby Barrett
2021-01-15,Anyone,Justin Bieber
2021-01-15,Long Live,Florida Georgia Line
2021-01-15,Girl Like Me,Black Eyed Peas X Shakira
2021-01-15,Momma's House,Dustin Lynch
2021-01-15,Back In Blood,Pooh Shiesty Featuring Lil Durk
2021-01-15,Hell Of A View,Eric Church
2021-01-15,Almost Maybes,Jordan Davis
2021-01-15,Lady,Brett Young
2021-01-15,Heat Waves,Glass Animals
2021-01-22,Drivers License,Olivia Rodrigo
2021-01-22,Wasted On You,Morgan Wallen
2021-01-22,Sand In My Boots,Morgan Wallen
2021-01-22,Best Friend,Saweetie Featuring Doja Cat
2021-01-22,Warning,Morgan Wallen
2021-01-22,865,Morgan Wallen
2021-01-22,Dangerous,Morgan Wallen
2021-01-22,Neon Eyes,Morgan Wallen
2021-01-22,More Surprised Than Me,Morgan Wallen
2021-01-22,Whiskey'd My Way,Morgan Wallen
2021-01-22,Your Bartender,Morgan Wallen
2021-01-22,Outlaw,Morgan Wallen Featuring Ben Burgess
2021-01-22,Only Thing That's Gone,Morgan Wallen Featuring Chris Stapleton
2021-01-22,Streets,Doja Cat
2021-01-22,This Bar,Morgan Wallen
2021-01-22,Wonderin' Bout The Wind,Morgan Wallen
2021-01-22,Pick Up Your Feelings,Jazmine Sullivan
2021-01-22,Girl Like Me,Jazmine Sullivan Featuring H.E.R.
2021-01-22,Buss It,Erica Banks
2021-01-29,Bad Boy,Juice WRLD & Young Thug
2021-01-29,Masterpiece,DaBaby
2021-01-29,Undivided,Tim McGraw & Tyler Hubbard
2021-01-29,Beat Box,SpotemGottem Featuring Pooh Shiesty Or DaBaby
2021-01-29,Goosebumps,Travis Scott & HVME
2021-01-29,De Una Vez,Selena Gomez
2021-01-29,Better Days,Ant Clemons Featuring Justin Timberlake
2021-01-29,Somebody Like That,Tenille Arts
2021-02-05,Skin,Sabrina Carpenter
2021-02-05,Lo Vas A Olvidar,Billie Eilish & ROSALIA
2021-02-05,Opp Stoppa,YBN Nahmir Featuring 21 Savage
2021-02-05,Antes,Anuel AA & Ozuna
2021-02-12,Finesse Out The Gang Way,Lil Durk Featuring Lil Baby
2021-02-12,Should've Ducked,Lil Durk Featuring Pooh Shiesty
2021-02-12,Gravity,"Brent Faiyaz & DJ Dahi Featuring Tyler, The Creator"
2021-02-12,Baila Conmigo,Selena Gomez With Rauw Alejandro
2021-02-12,Kanye Krazy,Lil Durk
2021-02-12,Fake Woke,Tom MacDonald
2021-02-19,Up,Cardi B
2021-02-19,Time Today,Moneybagg Yo
2021-02-19,Neighbors,Pooh Shiesty Featuring BIG30
2021-02-19,GNF (OKOKOK),Polo G
2021-02-19,Glad You Exist,Dan + Shay
2021-02-19,Provide,G-Eazy Featuring Chris Brown & Mark Morrison
2021-02-19,Box Of Churches,Pooh Shiesty Featuring 21 Savage
2021-02-19,My Head And My Heart,Ava Max
2021-02-19,No More Parties,Coi Leray Featuring Lil Durk
2021-02-19,Bandido,Myke Towers & Juhn
2021-02-19,Lifestyle,Jason Derulo Featuring Adam Levine
2021-02-19,Quicksand,Morray
2021-02-26,Calling My Phone,Lil Tjay Featuring 6LACK
2021-02-26,Love Story (Taylor's Version),Taylor Swift
2021-02-26,We're Good,Dua Lipa
2021-02-26,What It Feels Like,Nipsey Hussle & JAY-Z
2021-02-26,Astronaut In The Ocean,Masked Wolf
2021-02-26,Heartbreak Anniversary,Giveon
2021-02-26,Like I Want You,Giveon
2021-02-26,How They Remember You,Rascal Flatts
2021-03-05,Clouds,NF
2021-03-05,Telepatia,Kali Uchis
2021-03-05,Test Drive,Ariana Grande
2021-03-05,Hit Bout It,Lil Yachty Featuring Kodak Black
2021-03-05,Chicken Tendies,Clinton Kane
2021-03-05,ZaZa,6ix9ine
2021-03-05,Made For You,Jake Owen
2021-03-05,The Business,Tiesto
2021-03-05,Hello,Pop Smoke Featuring A Boogie Wit da Hoodie
2021-03-05,Track Star,Mooski
2021-03-12,AP,Pop Smoke
2021-03-12,Only Wanna Be With You,Post Malone
2021-03-12,Drunk (And I Don't Wanna Go Home),Elle King & Miranda Lambert
2021-03-12,Breaking Up Was Easy In The 90's,Sam Hunt
2021-03-12,Nobody,Dylan Scott
2021-03-12,Gone,Dierks Bentley
2021-03-19,What's Next,Drake
2021-03-19,Wants And Needs,Drake Featuring Lil Baby
2021-03-19,Lemon Pepper Freestyle,Drake Featuring Rick Ross
2021-03-19,Leave The Door Open,Silk Sonic (Bruno Mars & Anderson .Paak)
2021-03-19,Hold On,Justin Bieber
2021-03-19,Real As It Gets,Lil Baby Featuring EST Gee
2021-03-19,Beautiful Mistakes,Maroon 5 Featuring Megan Thee Stallion
2021-03-19,Hellcats & Trackhawks,Lil Durk
2021-03-19,Life's A Mess II,"Juice WRLD, Clever & Post Malone"
2021-03-19,Lil Bit,Nelly & Florida Georgia Line
2021-03-26,Street Runner,Rod Wave
2021-03-26,On The Ground,ROSE
2021-03-26,Lost,NF Featuring Hopsin
2021-03-26,Follow You,Imagine Dragons
2021-03-26,Daywalker!,Machine Gun Kelly & CORPSE
2021-03-26,Settling Down,Miranda Lambert
2021-04-02,Peaches,Justin Bieber Featuring Daniel Caesar & Giveon
2021-04-02,Headshot,"Lil Tjay, Polo G & Fivio Foreign"
2021-04-02,As I Am,Justin Bieber Featuring Khalid
2021-04-02,Unstable,Justin Bieber Featuring The Kid LAROI
2021-04-02,Off My Face,Justin Bieber
2021-04-02,Ghost,Justin Bieber
2021-04-02,2 Much,Justin Bieber
2021-04-02,Deserve You,Justin Bieber
2021-04-02,Die For You,Justin Bieber Featuring Dominic Fike
2021-04-02,Tombstone,Rod Wave
2021-04-02,Love You Different,Justin Bieber Featuring BEAM
2021-04-02,Loved By You,Justin Bieber Featuring Burna Boy
2021-04-02,Somebody,Justin Bieber
2021-04-02,Famous Friends,Chris Young + Kane Brown
2021-04-09,Montero (Call Me By Your Name),Lil Nas X
2021-04-09,Richer,Rod Wave Featuring Polo G
2021-04-09,Hard For The Next,Moneybagg Yo & Future
2021-04-09,You All Over Me (Taylor's Version) (From The Vault),Taylor Swift Featuring Maren Morris
2021-04-09,SoulFly,Rod Wave
2021-04-09,Gone Till November,Rod Wave
2021-04-09,Don't Forget,Rod Wave
2021-04-09,Blame On You,Rod Wave
2021-04-09,Big Purr (Prrdd),Coi Leray & Pooh Shiesty
2021-04-09,All I Got,Rod Wave
2021-04-09,Pills & Billz,Rod Wave
2021-04-09,How The Game Go,Rod Wave
2021-04-09,OMDB,Rod Wave
2021-04-09,What's Love??,Rod Wave
2021-04-09,Shock Da World,Rod Wave
2021-04-09,Sneaky Links,Rod Wave
2021-04-16,Deja Vu,Olivia Rodrigo
2021-04-16,Run It Up,Lil Tjay Featuring Offset & Moneybagg Yo
2021-04-16,Dancing With The Devil,Demi Lovato
2021-04-16,Met Him Last Night,Demi Lovato Featuring Ariana Grande
2021-04-16,4 Da Gang,42 Dugg & Roddy Ricch
2021-04-16,Film Out,BTS
2021-04-16,Mr. Perfectly Fine (Taylor's Version) (From The Vault),Taylor Swift
2021-04-16,Arcade,Duncan Laurence
2021-04-23,Rapstar,Polo G
2021-04-23,Kiss Me More,Doja Cat Featuring SZA
2021-04-23,Ruff Ryders' Anthem,DMX
2021-04-23,Forever & Always (Taylor's Version),Taylor Swift
2021-04-23,Fearless (Taylor's Version),Taylor Swift
2021-04-23,You Belong With Me (Taylor's Version),Taylor Swift
2021-04-23,Big Gangsta,Kevin Gates
2021-04-23,Shy Away,Twenty One Pilots
2021-04-23,Fifteen (Taylor's Version),Taylor Swift
2021-04-23,The Way I Loved You (Taylor's Version),Taylor Swift
2021-04-30,Solid,Young Thug & Gunna Featuring Drake
2021-04-30,Ski,Young Thug & Gunna
2021-04-30,Diamonds Dancing,Young Thug & Gunna Featuring Travis Scott
2021-04-30,Proud Of You,Young Thug Featuring Lil Uzi Vert & Yung Kayo
2021-04-30,Came And Saw,Young Thug Featuring Rowdy Rebel
2021-04-30,Paid The Fine,Young Thug & Gunna Featuring Lil Baby & YTB Trench
2021-04-30,Chasing After You,Ryan Hurd With Maren Morris
2021-04-30,Go!,Moneybagg Yo Featuring BIG30
2021-04-30,Slatty,Young Thug & Gunna Featuring Yak Gotti & Lil Duke
2021-05-07,Shottas (Lala),Moneybagg Yo
2021-05-07,If Pain Was A Person,Moneybagg Yo
2021-05-07,Wockesha,Moneybagg Yo
2021-05-07,Botella Tras Botella,Gera MX + Christian Nodal
2021-05-07,Come Through,H.E.R. Featuring Chris Brown
2021-05-07,Free Promo,Moneybagg Yo Featuring Polo G & Lil Durk
2021-05-07,Just Say Det,Moneybagg Yo
2021-05-07,Blame It On You,Jason Aldean
2021-05-07,Way Less Sad,AJR
2021-05-07,Clear Da Air,Moneybagg Yo
2021-05-14,Your Power,Billie Eilish
2021-05-14,Every Chance I Get,DJ Khaled Featuring Lil Baby & Lil Durk
2021-05-14,Sorry Not Sorry,"DJ Khaled Featuring Nas, JAY-Z & James Fauntleroy"
2021-05-14,I Did It,"DJ Khaled Featuring Post Malone, Megan Thee Stallion, Lil Baby & DaBaby"
2021-05-14,Let It Go,DJ Khaled Featuring Justin Bieber & 21 Savage
2021-05-14,Ramen & OJ,Joyner Lucas & Lil Baby
2021-05-14,Country Again,Thomas Rhett
2021-05-14,Body In Motion,"DJ Khaled Featuring Bryson Tiller, Lil Baby & Roddy Ricch"
2021-05-14,Big Paper,DJ Khaled Featuring Cardi B
2021-05-14,Durag Activity,Baby Keem & Travis Scott
2021-05-14,Final Warning,NLE Choppa
2021-05-14,Single Saturday Night,Cole Swindell
2021-05-14,Tampa,Cico P
2021-05-14,Thankful,DJ Khaled Featuring Lil Wayne & Jeremih
2021-05-21,interlude,J. Cole
2021-05-21,Miss The Rage,Trippie Redd & Playboi Carti
2021-05-21,Higher Power,Coldplay
2021-05-21,Never Left,Lil Tecca
2021-05-21,All I Know So Far,P!nk
2021-05-21,What You Need,Don Toliver
2021-05-21,Minimum Wage,Blake Shelton
2021-05-28,Good 4 U,Olivia Rodrigo
2021-05-28,my.life,"J. Cole, 21 Savage & Morray"
2021-05-28,amari,J. Cole
2021-05-28,pride.is.the.devil,J. Cole & Lil Baby
2021-05-28,95.south,J. Cole
2021-05-28,Seeing Green,"Nicki Minaj, Drake & Lil Wayne"
2021-05-28,applying.pressure,J. Cole
2021-05-28,100.mil',J. Cole & Bas
2021-05-28,let.go.my.hand,"J. Cole, Bas & 6LACK"
2021-05-28,punchin'.the.clock,J. Cole
2021-05-28,hunger.on.hillside,J. Cole & Bas
2021-05-28,close,J. Cole
2021-05-28,Straightenin,Migos
2021-05-28,Fractions,Nicki Minaj
2021-05-28,Build A Bitch,Bella Poarch
2021-05-28,His & Hers,"Internet Money, Don Toliver & Lil Uzi Vert Featuring Gunna"
2021-05-28,White Teeth,YoungBoy Never Broke Again
2021-05-28,Itty Bitty Piggy,Nicki Minaj
2021-05-28,Things A Man Oughta Know,Lainey Wilson
2021-05-28,Crocodile Teeth,Nicki Minaj & Skillibeng
2021-06-04,Butter,BTS
2021-06-04,Traitor,Olivia Rodrigo
2021-06-04,Brutal,Olivia Rodrigo
2021-06-04,Enough For You,Olivia Rodrigo
2021-06-04,Happier,Olivia Rodrigo
2021-06-04,Favorite Crime,Olivia Rodrigo
2021-06-04,"1 Step Forward, 3 Steps Back",Olivia Rodrigo
2021-06-04,"Jealousy, Jealousy",Olivia Rodrigo
2021-06-04,Hope Ur OK,Olivia Rodrigo
2021-06-04,Gang Gang,Polo G & Lil Wayne
2021-06-04,Twerkulator,City Girls
2021-06-04,Sun Goes Down,Lil Nas X
2021-06-04,Maybach,42 Dugg Featuring Future
2021-06-04,Leave Before You Love Me,Marshmello X Jonas Brothers
2021-06-04,24 Hours,A Boogie Wit da Hoodie Featuring Lil Durk
2021-06-11,Killer,Eminem Featuring Jack Harlow & Cordae
2021-06-11,Tell Em,Cochise & $NOT
2021-06-11,Todo de Ti,Rauw Alejandro
2021-06-11,Drinkin' Beer. Talkin' God. Amen.,Chase Rice Featuring Florida Georgia Line
2021-06-11,Voice Of The Heroes,Lil Baby & Lil Durk
2021-06-11,Outside,MO3 X OG Bobby Billions
2021-06-18,Yonaguni,Bad Bunny
2021-06-18,Hats Off,"Lil Baby, Lil Durk & Travis Scott"
2021-06-18,Late At Night,Roddy Ricch
2021-06-18,Lost Cause,Billie Eilish
2021-06-18,2040,Lil Baby & Lil Durk
2021-06-18,How It Feels,Lil Baby & Lil Durk
2021-06-18,Still Runnin,"Lil Baby, Lil Durk & Meek Mill"
2021-06-18,Who I Want,Lil Baby & Lil Durk
2021-06-18,Still Hood,Lil Baby & Lil Durk
2021-06-18,Okay,Lil Baby & Lil Durk
2021-06-18,Man Of My Word,Lil Baby & Lil Durk
2021-06-18,Medical,Lil Baby & Lil Durk
2021-06-18,Rich Off Pain,"Lil Baby, Lil Durk & Rod Wave"
2021-06-18,Lying,Lil Baby & Lil Durk
2021-06-18,Snowflakes,Tom MacDonald
2021-06-18,That's Facts,Lil Baby & Lil Durk
2021-06-18,Please,Lil Baby & Lil Durk
2021-06-18,Up The Side,"Lil Baby, Lil Durk & Young Thug"
2021-06-18,If You Want To,Lil Baby & Lil Durk
2021-06-25,Having Our Way,Migos Featuring Drake
2021-06-25,Thot Shit,Megan Thee Stallion
2021-06-25,No Return,Polo G Featuring The Kid LAROI & Lil Durk
2021-06-25,Avalanche,Migos
2021-06-25,Need To Know,Doja Cat
2021-06-25,Black Hearted,Polo G
2021-06-25,Painting Pictures,Polo G
2021-06-25,Modern Day,Migos
2021-06-25,Toxic,Polo G
2021-06-25,Solar Power,Lorde
2021-06-25,Malibu,Migos Featuring Polo G
2021-06-25,Type Shit,Migos & Cardi B
2021-06-25,Clueless,Polo G Featuring Pop Smoke & Fivio Foreign
2021-06-25,Heart Of A Giant,Polo G Featuring Rod Wave
2021-06-25,Party Lyfe,Polo G Featuring DaBaby
2021-06-25,Go Part 1,Polo G Featuring G Herbo
2021-06-25,transparentsoul,Willow Featuring Travis Barker
2021-06-25,Boom,Polo G
2021-06-25,Fiel,"Los Legendarios, Wisin & Jhay Cortez"
2021-06-25,Bloody Canvas,Polo G
2021-06-25,You,Regard x Troye Sivan x Tate McRae
2021-07-02,Ball If I Want To,DaBaby
2021-07-02,Fancy Like,Walker Hayes
2021-07-02,We Didn't Have Much,Justin Moore
2021-07-02,Waves,Luke Bryan
2021-07-02,Lumberjack,"Tyler, The Creator"
2021-07-02,Working,Tate McRae X Khalid
2021-07-02,My Boy,Elvie Shane
2021-07-09,Bad Habits,Ed Sheeran
2021-07-09,You Right,Doja Cat & The Weeknd
2021-07-09,WUSYANAME,"Tyler, The Creator Featuring YoungBoy Never Broke Again & Ty Dolla $ign"
2021-07-09,Ain't Shit,Doja Cat
2021-07-09,Juggernaut,"Tyler, The Creator Featuring Lil Uzi Vert & Pharrell Williams"
2021-07-09,AM,Nio Garcia X J Balvin X Bad Bunny
2021-07-09,Lemonhead,"Tyler, The Creator Featuring 42 Dugg"
2021-07-09,Hot Wind Blows,"Tyler, The Creator Featuring Lil Wayne"
2021-07-09,Red Light Green Light,DaBaby
2021-07-09,Corso,"Tyler, The Creator"
2021-07-09,I Don't Do Drugs,Doja Cat Featuring Ariana Grande
2021-07-09,Sir Baudelaire,"Tyler, The Creator Featuring DJ Drama"
2021-07-09,Sweet / I Thought You Wanted To Dance,"Tyler, The Creator Featuring Brent Faiyaz & Fana Hues"
2021-07-09,Massa,"Tyler, The Creator"
2021-07-09,RunItUp,"Tyler, The Creator Featuring Teezo Touchdown"
2021-07-09,Beggin',Maneskin
2021-07-09,Manifesto,"Tyler, The Creator Featuring Domo Genesis"
2021-07-09,Woman,Doja Cat
2021-07-09,Get Into It (Yuh),Doja Cat
2021-07-09,Wilshire,"Tyler, The Creator"
2021-07-09,Rise!,"Tyler, The Creator Featuring Daisy World"
2021-07-16,Am I The Only One,Aaron Lewis
2021-07-16,Wasting Time,Brent Faiyaz Featuring Drake
2021-07-16,Renegade,Big Red Machine Featuring Taylor Swift
2021-07-16,Cry No More,G Herbo Featuring Polo G & Lil Tjay
2021-07-16,Essence,Wizkid Featuring Justin Bieber & Tems
2021-07-16,A-O-K,Tai Verdes
2021-07-16,You Should Probably Leave,Chris Stapleton
2021-07-16,I Was On A Boat That Day,Old Dominion
2021-07-16,Cold Beer Calling My Name,Jameson Rodgers Featuring Luke Combs
2021-07-23,Permission To Dance,BTS
2021-07-23,Stay,The Kid LAROI & Justin Bieber
2021-07-23,Motley Crew,Post Malone
2021-07-23,Whole Lotta Money,BIA Featuring Nicki Minaj
2021-07-23,NDA,Billie Eilish
2021-07-23,Memory,Kane Brown X blackbear
2021-07-23,The Jackie,Bas With J. Cole & Lil TJay
2021-07-23,Volando,"Mora, Bad Bunny & Sech"
2021-07-23,De Museo,Bad Bunny
2021-07-23,Next Girl,Carly Pearce
2021-07-30,Wild Side,Normani Featuring Cardi B
2021-07-30,Tell The Vision,Pop Smoke Featuring Kanye West & Pusha T
2021-07-30,Holy Smokes,Trippie Redd Featuring Lil Uzi Vert
2021-07-30,Bout A Million,Pop Smoke Featuring 21 Savage & 42 Dugg
2021-07-30,Woo Baby,Pop Smoke Featuring Chris Brown
2021-07-30,Mr. Jones,Pop Smoke Featuring Future
2021-07-30,More Time,Pop Smoke
2021-07-30,Manslaughter,Pop Smoke Featuring Rick Ross & The-Dream
2021-07-30,Demeanor,Pop Smoke Featuring Dua Lipa
2021-07-30,2055,Sleepy Hallow
2021-07-30,Love Again,Dua Lipa
2021-07-30,30,Pop Smoke Featuring Bizzy Banks
2021-08-06,Industry Baby,Lil Nas X & Jack Harlow
2021-08-06,If I Didn't Love You,Jason Aldean & Carrie Underwood
2021-08-06,Not Sober,The Kid LAROI Featuring Polo G & Stunna Gambino
2021-08-06,Don't Go Yet,Camila Cabello
2021-08-06,Over The Top,Smiley Featuring Drake
2021-08-06,Pepas,Farruko
2021-08-06,Better Believe,"Belly, The Weeknd & Young Thug"
2021-08-06,Lick Back,EST Gee
2021-08-06,Memory I Don't Mess With,Lee Brice
2021-08-06,5500 Degrees,"EST Gee Featuring Lil Baby, 42 Dugg & Rylo Rodriguez"
2021-08-06,Still Chose You,The Kid LAROI Featuring Mustard
2021-08-13,Happier Than Ever,Billie Eilish
2021-08-13,Skate,Silk Sonic (Bruno Mars & Anderson .Paak)
2021-08-13,Volvi,Aventura x Bad Bunny
2021-08-13,Getting Older,Billie Eilish
2021-08-13,Billie Bossa Nova,Billie Eilish
2021-08-13,Oxytocin,Billie Eilish
2021-08-13,I Didn't Change My Number,Billie Eilish
2021-08-13,Baddest,"Yung Bleu, Chris Brown & 2 Chainz"
2021-08-13,Halley's Comet,Billie Eilish
2021-08-13,Gyalis,Capella Grey
2021-08-13,You Time,Scotty McCreery
2021-08-13,From The Garden,Isaiah Rashad Featuring Lil Uzi Vert
2021-08-20,Take My Breath,The Weeknd
2021-08-20,SUVs (Black On Black),Jack Harlow & Pooh Shiesty
2021-08-20,EPMD 2,Nas Featuring Eminem & EPMD
2021-08-20,Repeat It,Lil Tecca & Gunna
2021-08-20,Buy Dirt,Jordan Davis Featuring Luke Bryan
2021-08-20,Lose,KSI x Lil Wayne
2021-08-20,I Hope Ur Miserable Until Ur Dead,Nessa Barrett
2021-08-20,Knowing You,Kenny Chesney
2021-08-20,Rare,Nas
2021-08-27,Rumors,Lizzo Featuring Cardi B
2021-08-27,Paralyzed,Sueco
2021-08-27,Mind Of Melvin,YNW Melly Featuring Lil Uzi Vert
2021-08-27,Papercuts,Machine Gun Kelly
2021-08-27,Cold Heart (PNAU Remix),Elton John & Dua Lipa
2021-08-27,Brainwashed,Tom MacDonald
2021-08-27,Thinking 'Bout You,Dustin Lynch Featuring Lauren Alaina Or MacKenzie Porter
2021-08-27,I Like Dat,T-Pain & Kehlani
2021-08-27,Steal My Love,Dan + Shay
2021-09-03,Summer Of Love,Shawn Mendes & Tainy
2021-09-03,Matt Hardy 999,Trippie Redd Featuring Juice WRLD
2021-09-03,Rich MF,Trippie Redd Featuring Lil Durk & Polo G
2021-09-03,Already Won,Rod Wave Featuring Lil Durk
2021-09-03,Betrayal,Trippie Redd Featuring Drake
2021-09-03,Don't Go,"Skrillex, Justin Bieber & Don Toliver"
2021-09-03,One Mississippi,Kane Brown
2021-09-03,Visiting Hours,Ed Sheeran
2021-09-03,MP5,Trippie Redd Featuring SoFaygo
2021-09-03,I Guess I'm In Love,Clinton Kane
2021-09-03,Get Ready,Rod Wave Featuring Kodak Black
2021-09-03,Danny Phantom,Trippie Redd Featuring XXXTENTACION
2021-09-03,What's Wrong,Rod Wave
2021-09-03,Demon Time,Trippie Redd Featuring Ski Mask The Slump God
2021-09-03,Tick Tock,Young Thug
2021-09-03,Time Heals,Rod Wave
2021-09-10,Hurricane,Kanye West
2021-09-10,Jail,Kanye West
2021-09-10,Off The Grid,Kanye West
2021-09-10,Ok Ok,Kanye West
2021-09-10,Junya,Kanye West
2021-09-10,Moon,Kanye West
2021-09-10,Family Ties,Baby Keem & Kendrick Lamar
2021-09-10,Praise God,Kanye West
2021-09-10,Sharing Locations,Meek Mill Featuring Lil Baby & Lil Durk
2021-09-10,Jesus Lord,Kanye West
2021-09-10,Jonah,Kanye West
2021-09-10,Believe What I Say,Kanye West
2021-09-10,God Breathed,Kanye West
2021-09-10,Remote Control,Kanye West
2021-09-10,Heaven And Hell,Kanye West
2021-09-10,24,Kanye West
2021-09-10,Pure Souls,Kanye West
2021-09-10,No Child Left Behind,Kanye West
2021-09-10,Donda,Kanye West
2021-09-10,Keep My Spirit Alive,Kanye West
2021-09-10,Jail Pt 2,Kanye West
2021-09-10,"I Am Not A Woman, I'm A God",Halsey
2021-09-10,New Again,Kanye West
2021-09-10,Lord I Need You,Kanye West
2021-09-10,Come To Life,Kanye West
2021-09-10,Tell The Vision,Kanye West
2021-09-10,In Da Getto,J Balvin & Skrillex
2021-09-17,Way 2 Sexy,Drake Featuring Future & Young Thug
2021-09-17,Girls Want Girls,Drake Featuring Lil Baby
2021-09-17,Fair Trade,Drake Featuring Travis Scott
2021-09-17,Champagne Poetry,Drake
2021-09-17,Knife Talk,Drake Featuring 21 Savage & Project Pat
2021-09-17,In The Bible,Drake Featuring Lil Durk & Giveon
2021-09-17,Papi's Home,Drake
2021-09-17,TSU,Drake
2021-09-17,Love All,Drake Featuring JAY-Z
2021-09-17,No Friends In The Industry,Drake
2021-09-17,N 2 Deep,Drake Featuring Future
2021-09-17,Pipe Down,Drake
2021-09-17,7am On Bridle Path,Drake
2021-09-17,Race My Mind,Drake
2021-09-17,IMY2,Drake Featuring Kid Cudi
2021-09-17,Yebba's Heartbreak,Drake & Yebba
2021-09-17,You Only Live Twice,Drake Featuring Lil Wayne & Rick Ross
2021-09-17,Fountains,Drake Featuring Tems
2021-09-17,Get Along Better,Drake Featuring Ty Dolla $ign
2021-09-17,Fucking Fans,Drake
2021-09-17,The Remorse,Drake
2021-09-17,Blue Note$ II,Meek Mill Featuring Lil Uzi Vert
2021-09-24,Shivers,Ed Sheeran
2021-09-24,Have Mercy,Chloe
2021-09-24,Range Brothers,Baby Keem & Kendrick Lamar
2021-09-24,Life Support,YoungBoy Never Broke Again
2021-09-24,Meet Me At Our Spot,THE ANXIETY: WILLOW & Tyler Cole
2021-09-24,Lonely,DaBaby X Lil Wayne
2021-09-24,Lalisa,LISA
2021-10-01,Thats What I Want,Lil Nas X
2021-10-01,Wildest Dreams (Taylor's Version),Taylor Swift
2021-10-01,Scoop,Lil Nas X Featuring Doja Cat
2021-10-01,Dolla Sign Slime,Lil Nas X Featuring Megan Thee Stallion
2021-10-01,On My Side,YoungBoy Never Broke Again
2021-10-01,Dead Right Now,Lil Nas X
2021-10-01,Love Nwantiti (Ah Ah Ah),CKay
2021-10-01,Tales Of Dominica,Lil Nas X
2021-10-01,One Of Me,Lil Nas X Featuring Elton John
2021-10-01,Lost In The Citadel,Lil Nas X
2021-10-01,Am I Dreaming,Lil Nas X Featuring Miley Cyrus
2021-10-01,Same Boat,Zac Brown Band
2021-10-08,My Universe,Coldplay x BTS
2021-10-08,Bad Morning,YoungBoy Never Broke Again
2021-10-08,Your Heart,Joyner Lucas & J. Cole
2021-10-08,Too Easy,Gunna & Future
2021-10-08,No Where,YoungBoy Never Broke Again
2021-10-08,Hold Me Down,YoungBoy Never Broke Again
2021-10-08,Nevada,YoungBoy Never Broke Again
2021-10-08,50 Shots,YoungBoy Never Broke Again
2021-10-08,Smoke Strong,YoungBoy Never Broke Again
2021-10-08,Break Or Make Me,YoungBoy Never Broke Again
2021-10-08,Sincerely,YoungBoy Never Broke Again
2021-10-08,I Can't Take It Back,YoungBoy Never Broke Again
2021-10-08,Forgiato,YoungBoy Never Broke Again
2021-10-08,Rich Shit,YoungBoy Never Broke Again
2021-10-08,For Tonight,Giveon
2021-10-08,Baddest Thing,YoungBoy Never Broke Again
2021-10-08,Chosen,Blxst & Tyga Featuring Ty Dolla $ign
2021-10-08,Toxic Punk,YoungBoy Never Broke Again
2021-10-15,Intro (Hate On Me),Meek Mill
2021-10-15,Hot,Meek Mill Featuring Moneybagg Yo
2021-10-15,Expensive Pain,Meek Mill
2021-10-15,On My Soul,Meek Mill
2021-10-15,Jugaste y Sufri,Eslabon Armado Featuring DannyLux
2021-10-15,Outside (100 MPH),Meek Mill
2021-10-15,Last One Standing,"Skylar Grey, Polo G, Mozzy & Eminem"
2021-10-15,The Feels,TWICE
2021-10-15,Me (FWM),Meek Mill Featuring A$AP Ferg
2021-10-15,Love Train,Meek Mill
2021-10-15,Feelin Like Tunechi,Lil Wayne Featuring Rich The Kid
2021-10-15,Ride For You,Meek Mill Featuring Kehlani
2021-10-15,Esta Danada,Ivan Cornejo
2021-10-15,Whiskey And Rain,Michael Ray
2021-10-22,Who Want Smoke??,"Nardo Wick Featuring G Herbo, Lil Durk & 21 Savage"
2021-10-22,Lo Siento BB:/,"Tainy, Bad Bunny & Julieta Venegas"
2021-10-22,Flocky Flocky,Don Toliver Featuring Travis Scott
2021-10-22,Easy On Me,Adele
2021-10-22,WFM,RealestK
2021-10-22,Tequila Little Time,Jon Pardi
2021-10-22,Freedom Was A Highway,Jimmie Allen & Brad Paisley
2021-10-22,Like A Lady,Lady A
2021-10-22,Life Goes On,Oliver Tree
2021-10-22,'Til You Can't,Cody Johnson
2021-10-22,Who's In Your Head,Jonas Brothers
2021-10-22,Just About Over You,Priscilla Block
2021-10-29,Bubbly,Young Thug With Drake & Travis Scott
2021-10-29,Pissed Me Off,Lil Durk
2021-10-29,Lets Go Brandon,Loza Alexander
2021-10-29,Ex For A Reason,Summer Walker & JT
2021-10-29,Better Days,NEIKED X Mae Muller X Polo G
2021-10-29,Livin It Up,Young Thug With Post Malone & A$AP Rocky
2021-10-29,Stressed,Young Thug With J. Cole & T-Shyne
2021-10-29,Rich N***a Shit,Young Thug With Juice WRLD
2021-10-29,Let Somebody Go,Coldplay X Selena Gomez
2021-10-29,"Ya Superame (En Vivo Desde Culiacan, Sinaloa)",Grupo Firme
2021-10-29,Peepin Out The Window,Young Thug With Future & BSlime
2021-11-05,Moth To A Flame,Swedish House Mafia & The Weeknd
2021-11-05,Let's Go Brandon,Bryson Gray Featuring Tyson James & Chandler Crump
2021-11-05,Not In The Mood,"Lil Tjay, Fivio Foreign & Kay Flock"
2021-11-05,Switches & Dracs,Moneybagg Yo Featuring Lil Durk & EST Gee
2021-11-05,Poke It Out,Wale Featuring J. Cole
2021-11-05,Scorpio,Moneybagg Yo
2021-11-05,Big Energy,Latto
2021-11-05,Half Of My Hometown,Kelsea Ballerini Featuring Kenny Chesney
2021-11-05,Money,LISA
2021-11-05,To Be Loved By You,Parker McCollum
2021-11-12,Monster Mash,"Bobby ""Boris"" Pickett And The Crypt-Kickers"
2021-11-12,Ghostbusters,Ray Parker Jr.
2021-11-12,Overpass Graffiti,Ed Sheeran
2021-11-12,Somebody's Watching Me,Rockwell
2021-11-12,Demon High,Lil Uzi Vert
2021-11-12,Rap Freaks,Yung Miami
2021-11-12,Eat It,Megan Thee Stallion
2021-11-12,Ghost Town,Benson Boone
2021-11-19,One Right Now,Post Malone & The Weeknd
2021-11-19,Smokin Out The Window,Silk Sonic (Bruno Mars & Anderson .Paak)
2021-11-19,Escape Plan,Travis Scott
2021-11-19,No Love,Summer Walker & SZA
2021-11-19,Bitter,Summer Walker & Cardi B
2021-11-19,Mafia,Travis Scott
2021-11-19,Throw It Away,Summer Walker
2021-11-19,Reciprocate,Summer Walker
2021-11-19,Toxic,Summer Walker Featuring Lil Durk
2021-11-19,Unloyal,Summer Walker & Ari Lennox
2021-11-19,Constant Bulls**t,Summer Walker
2021-11-19,You Don't Know Me,Summer Walker
2021-11-19,Insane,Summer Walker
2021-11-19,Circus,Summer Walker
2021-11-19,4th Baby Mama,Summer Walker
2021-11-19,Switch A N*gga Out,Summer Walker
2021-11-19,Closure,Summer Walker
2021-11-19,Session 33,Summer Walker
2021-11-19,Screwin,Summer Walker & Omarion
2021-11-19,Broken Promises,Summer Walker
2021-11-19,Dat Right There,"Summer Walker, Pharrell Williams & The Neptunes"
2021-11-19,Sad Girlz Luv Money,Amaarae & Moliy Featuring Kali Uchis
2021-11-19,Slow Down Summer,Thomas Rhett
2021-11-19,Jumpin,NLE Choppa Featuring Polo G
2021-11-19,Super Gremlin,Kodak Black
2021-11-26,All Too Well (Taylor's Version),Taylor Swift
2021-11-26,State Of Grace (Taylor's Version),Taylor Swift
2021-11-26,Already Dead,Juice WRLD
2021-11-26,I Bet You Think About Me (Taylor's Version) (From The Vault),Taylor Swift Featuring Chris Stapleton
2021-11-26,Red (Taylor's Version),Taylor Swift
2021-11-26,Nothing New (Taylor's Version) (From The Vault),Taylor Swift Featuring Phoebe Bridgers
2021-11-26,Message In A Bottle (Taylor's Version) (From The Vault),Taylor Swift
2021-11-26,I Knew You Were Trouble (Taylor's Version),Taylor Swift
2021-11-26,Run (Taylor's Version) (From The Vault),Taylor Swift Featuring Ed Sheeran
2021-11-26,Bad Man (Smooth Criminal),Polo G
2021-11-26,Better Man (Taylor's Version) (From The Vault),Taylor Swift
2021-11-26,22 (Taylor's Version),Taylor Swift
2021-11-26,Doin' This,Luke Combs
2021-11-26,Treacherous (Taylor's Version),Taylor Swift
2021-11-26,We Are Never Ever Getting Back Together (Taylor's Version),Taylor Swift
2021-11-26,I Almost Do (Taylor's Version),Taylor Swift
2021-11-26,The Very First Night (Taylor's Version) (From The Vault),Taylor Swift
2021-11-26,Everything Has Changed (Taylor's Version),Taylor Swift Featuring Ed Sheeran
2021-11-26,The Last Time (Taylor's Version),Taylor Swift Featuring Gary Lightbody Of Snow Patrol
2021-11-26,Stay Stay Stay (Taylor's Version),Taylor Swift
2021-11-26,After Last Night,Silk Sonic (Bruno Mars & Anderson .Paak) With Thundercat & Bootsy Collins
2021-11-26,Babe (Taylor's Version) (From The Vault),Taylor Swift
2021-11-26,Blast Off,Silk Sonic (Bruno Mars & Anderson .Paak)
2021-11-26,Holy Ground (Taylor's Version),Taylor Swift
2021-11-26,Begin Again (Taylor's Version),Taylor Swift
2021-11-26,Put On A Smile,Silk Sonic (Bruno Mars & Anderson .Paak)
2021-11-26,Forever Winter (Taylor's Version) (From The Vault),Taylor Swift
2021-11-26,Fly As Me,Silk Sonic (Bruno Mars & Anderson .Paak)
2021-11-26,The Moment I Knew (Taylor's Version),Taylor Swift
2021-11-26,The Lucky One (Taylor's Version),Taylor Swift
2021-11-26,Sad Beautiful Tragic (Taylor's Version),Taylor Swift
2021-11-26,Come Back...Be Here (Taylor's Version),Taylor Swift
2021-11-26,Starlight (Taylor's Version),Taylor Swift
2021-11-26,La Fama,Rosalia Featuring The Weeknd
2021-12-03,Oh My God,Adele
2021-12-03,I Drink Wine,Adele
2021-12-03,My Little Love,Adele
2021-12-03,Can I Get It,Adele
2021-12-03,To Be Loved,Adele
2021-12-03,Strangers By Nature,Adele
2021-12-03,Cry Your Heart Out,Adele
2021-12-03,Hold On,Adele
2021-12-03,abcdefu,GAYLE
2021-12-03,All Night Parking (Interlude),Adele With Erroll Garner
2021-12-03,Woman Like Me,Adele
2021-12-03,Love Is A Game,Adele
2021-12-03,God's Country,State Of Mine & Drew Jacobs
2021-12-03,Enemy,Imagine Dragons X JID
2021-12-03,Heart On Fire,Eric Church
2021-12-10,By Your Side,Rod Wave
2021-12-10,Pick Out A Christmas Tree,Dan + Shay
2021-12-10,Christmas Tree Farm (Old Timey Version),Taylor Swift
2021-12-10,Always Been You,Jessie Murph
2021-12-17,I Hate U,SZA
2021-12-17,Wandered To LA.,Juice WRLD & Justin Bieber
2021-12-17,Don't Play,Polo G Featuring Lil Baby
2021-12-17,Merry Christmas,Ed Sheeran & Elton John
2021-12-17,Me Or Sum,"Nardo Wick, Lil Baby & Future"
2021-12-17,Young N Dumb,Polo G
2021-12-17,Start Up Again,Polo G Featuring Moneybagg Yo
2021-12-17,I'll Be Home For Christmas,Camila Cabello
2021-12-17,Mercedes,Brent Faiyaz
2021-12-17,Partin Ways,Polo G
2021-12-24,Girl Of My Dreams,Juice WRLD & SUGA
2021-12-24,Burn,Juice WRLD
2021-12-24,Santa Baby,Eartha Kitt With Henri Rene And His Orchestra
2021-12-24,Feline,"Juice WRLD, Polo G & Trippie Redd"
2021-12-24,Rockstar In His Prime,Juice WRLD
2021-12-24,You Wouldn't Understand,Juice WRLD
2021-12-24,Doom,Juice WRLD
2021-12-24,Go Hard,Juice WRLD
2021-12-24,Not Enough,Juice WRLD
2021-12-24,Man In The Mirror,A Boogie Wit da Hoodie
2021-12-24,From My Window,Juice WRLD
2021-12-24,Relocate,Juice WRLD
2021-12-24,Feel Alone,Juice WRLD
2021-12-31,Broadway Girls,Lil Durk Featuring Morgan Wallen
2021-12-31,Linus And Lucy (Peanuts Theme),Vince Guaraldi Trio
2021-12-31,Christmastime Is Here,Vince Guaraldi Trio
2021-12-31,25 Million,Roddy Ricch
2021-12-31,Christmas Isn't Canceled (Just You),Kelly Clarkson
2021-12-31,Moved To Miami,Roddy Ricch Featuring Lil Baby
2021-12-31,Hibachi,Roddy Ricch Featuring Kodak Black & 21 Savage
2021-12-31,Thailand,Roddy Ricch
2021-12-31,Do It To It,Acraze Featuring Cherish
2022-01-08,We Don't Talk About Bruno,"Carolina Gaitan, Mauro Castillo, Adassa, Rhenzy Feliz, Diane Guerrero, Stephanie Beatriz & Encanto Cast"
2022-01-08,Surface Pressure,Jessica Darrow
2022-01-08,Christmas Tree,V
2022-01-08,Hrs And Hrs,Muni Long
2022-01-08,I Am Woman,Emmy Meli
2022-01-08,Pressure,Ari Lennox
2022-01-08,Beers On Me,"Dierks Bentley, BRELAND & HARDY"
2022-01-08,23,Sam Hunt
2022-01-15,The Family Madrigal,"Stephanie Beatriz, Olga Merediz & Encanto Cast"
2022-01-15,What Else Can I Do?,Diane Guerrero & Stephanie Beatriz
2022-01-15,Flower Shops,ERNEST Featuring Morgan Wallen
2022-01-15,Fingers Crossed,Lauren Spencer Smith
2022-01-15,Waiting On A Miracle,Stephanie Beatriz
2022-01-15,Dos Oruguitas,Sebastian Yatra
2022-01-15,AA,Walker Hayes
2022-01-15,Home Sweet,Russell Dickerson
2022-01-15,Come Back As A Country Boy,Blake Shelton
2022-01-15,Black Ball,YoungBoy Never Broke Again & Birdman
2022-01-15,I Love You So,The Walters
2022-01-15,Never Wanted To Be That Girl,Carly Pearce & Ashley McBryde
2022-01-22,Pushin P,Gunna & Future Featuring Young Thug
2022-01-22,Sacrifice,The Weeknd
2022-01-22,Thought I Was Playing,Gunna & 21 Savage
2022-01-22,25k Jacket,Gunna Featuring Lil Baby
2022-01-22,Gasoline,The Weeknd
2022-01-22,Is There Someone Else?,The Weeknd
2022-01-22,Out Of Time,The Weeknd
2022-01-22,How Do I Make You Love Me?,The Weeknd
2022-01-22,Poochie Gown,Gunna
2022-01-22,Mop,Gunna Featuring Young Thug
2022-01-22,Alotta Cake,Gunna
2022-01-22,How You Did That,Gunna Featuring Kodak Black
2022-01-22,Here We Go... Again,"The Weeknd Featuring Tyler, The Creator"
2022-01-22,Less Than Zero,The Weeknd
2022-01-22,IDK That Bitch,Gunna Featuring G Herbo
2022-01-22,Best Friends,The Weeknd
2022-01-22,Livin Wild,Gunna
2022-01-22,I Heard You're Married,The Weeknd Featuring Lil Wayne
2022-01-22,Circles Around This Town,Maren Morris
2022-01-22,Dawn FM,The Weeknd
2022-01-22,Private Island,Gunna
2022-01-22,South To West,Gunna
2022-01-22,You & Me,Gunna & Chloe
2022-01-22,Starry Eyes,The Weeknd
2022-01-22,Don't Break My Heart,The Weeknd
2022-01-22,Flooded,Gunna
2022-01-22,Die Alone,Gunna & Chris Brown Featuring Yung Bleu
2022-01-22,Every Angel Is Terrifying,The Weeknd
2022-01-29,P Power,Gunna Featuring Drake
2022-01-29,Eazy,The Game & Kanye West
2022-01-29,Cold December,Rod Wave
2022-01-29,Bring The Hook,YoungBoy Never Broke Again
2022-01-29,Iffy,Chris Brown
2022-01-29,Never Say Never,Cole Swindell / Lainey Wilson
2022-01-29,Fish Scale,YoungBoy Never Broke Again
2022-01-29,Trouble With A Heartbreak,Jason Aldean
2022-01-29,Surround Sound,JID Featuring 21 Savage & Baby Tate
2022-01-29,All Of You,"Stephanie Beatriz, Olga Merediz, John Leguizamo, Adassa, Maluma & Encanto Cast"
2022-02-05,Light Switch,Charlie Puth
2022-02-05,No Switch,YoungBoy Never Broke Again
2022-02-05,Bring It On,YoungBoy Never Broke Again
2022-02-05,Flossin',Internet Money Featuring YoungBoy Never Broke Again
2022-02-05,Proud,Key Glock
2022-02-05,Know Like I Know,YoungBoy Never Broke Again
2022-02-05,2Hoo,YoungBoy Never Broke Again
2022-02-05,Long Live,YoungBoy Never Broke Again
2022-02-05,Dis & That,YoungBoy Never Broke Again
2022-02-05,Beautiful Lies,Yung Bleu & Kehlani
2022-02-05,Smoke One,YoungBoy Never Broke Again
2022-02-12,Rumors,Gucci Mane Featuring Lil Durk
2022-02-12,High,The Chainsmokers
2022-02-12,Johnny P's Caddy,Benny The Butcher & J. Cole
2022-02-12,Peru,Fireboy DML & Ed Sheeran
2022-02-12,If I Was A Cowboy,Miranda Lambert
2022-02-12,Shotta Flow 6,NLE Choppa
2022-02-12,Vice City,XXXTENTACION
2022-02-12,Numb Little Bug,Em Beihold
2022-02-12,Infinity,Jaymes Young
2022-02-12,The Motto,Tiesto & Ava Max
2022-02-12,Megan's Piano,Megan Thee Stallion
2022-02-12,"Colombia, Mi Encanto",Carlos Vives
2022-02-19,Do We Have A Problem?,Nicki Minaj X Lil Baby
2022-02-19,Don't Play That,King Von & 21 Savage
2022-02-19,Cigarettes,Juice WRLD
2022-02-19,She's All I Wanna Be,Tate McRae
2022-02-19,Scared Money,YG Featuring J. Cole & Moneybagg Yo
2022-02-19,Emo Girl,Machine Gun Kelly & WILLOW
2022-02-19,Black Summer,Red Hot Chili Peppers
2022-02-19,Doja,$NOT & A$AP Rocky
2022-02-19,Hate Our Love,Queen Naija & Big Sean
2022-02-19,When I'm Gone,Alesso / Katy Perry
2022-02-26,MAMIII,Becky G X Karol G
2022-02-26,Bussin,Nicki Minaj X Lil Baby
2022-02-26,The Joker And The Queen,Ed Sheeran Featuring Taylor Swift
2022-02-26,Worst Day,Future
2022-02-26,City Of Gods,"Fivio Foreign, Kanye West & Alicia Keys"
2022-02-26,Boyfriend,Dove Cameron
2022-02-26,Good Morning Gorgeous,Mary J. Blige
2022-02-26,Closer,Saweetie Featuring H.E.R.
2022-02-26,Stay Alive,Jung Kook
2022-03-05,Nail Tech,Jack Harlow
2022-03-05,Ahhh Ha,Lil Durk
2022-03-05,Banking On Me,Gunna
2022-03-05,Poppin,Yeat
2022-03-05,Pray,Jessie Murph
2022-03-05,Give Heaven Some Hell,HARDY
2022-03-12,Freaky Deaky,Tyga X Doja Cat
2022-03-12,I'm Tired,Labrinth & Zendaya
2022-03-12,I Hate YoungBoy,YoungBoy Never Broke Again
2022-03-12,Usain Boo,Kodak Black
2022-03-12,I Wish,Kodak Black
2022-03-12,To The Moon!,JNR CHOI & Sam Tompkins
2022-03-12,Rocking A Cardigan In Atlanta,Lil Shordie Scott
2022-03-19,Bam Bam,Camila Cabello Featuring Ed Sheeran
2022-03-19,Handsomer,Russ Featuring Ktlyn
2022-03-19,Publicity Stunt,Gucci Mane
2022-03-19,War,King Von
2022-03-19,Ay!,Machine Gun Kelly & Lil Wayne
2022-03-19,Neighborhood Superstar,DaBaby & YoungBoy Never Broke Again
2022-03-19,Facetime,King Von Featuring G Herbo
2022-03-19,Straight To It,King Von Featuring Fivio Foreign
2022-03-19,Evil Twins,King Von & Lil Durk
2022-03-19,Trust Nothing,King Von Featuring Moneybagg Yo
2022-03-26,Sweetest Pie,Megan Thee Stallion & Dua Lipa
2022-03-26,What Happened To Virgil,Lil Durk Featuring Gunna
2022-03-26,Petty Too,Lil Durk Featuring Future
2022-03-26,No Interviews,Lil Durk
2022-03-26,Golden Child,Lil Durk
2022-03-26,Thinking With My Dick,Kevin Gates Featuring Juicy J
2022-03-26,Something In The Way,Nirvana
2022-03-26,Barbarian,Lil Durk
2022-03-26,Shootout @ My Crib,Lil Durk
2022-03-26,Started From,Lil Durk
2022-03-26,Headtaps,Lil Durk
2022-03-26,Smoking & Thinking,Lil Durk
2022-03-26,Grow Up/Keep It On Speaker,Lil Durk
2022-03-26,Blocklist,Lil Durk
2022-03-26,Difference Is,Lil Durk Featuring Summer Walker
2022-03-26,Federal Nightmares,Lil Durk
2022-03-26,Bones,Imagine Dragons
2022-04-02,Blick Blick!,Coi Leray & Nicki Minaj
2022-04-02,Nobody Like U,4*TOWN (From Disney And Pixar's Turning Red)
2022-04-02,Sometimes,Juice WRLD
2022-04-02,Computer Murderers,Lil Durk
2022-04-02,Ghost Story,Carrie Underwood
2022-04-02,Tom's Diner,AnnenMayKantereit & Giant Rooks
2022-04-02,Maybe,Machine Gun Kelly & Bring Me The Horizon
2022-04-02,Over,Lucky Daye
2022-04-02,Money So Big,Yeat
2022-04-02,She Likes It,Russell Dickerson & Jake Scott
2022-04-02,IDGAF,BoyWithUke X blackbear
2022-04-09,Soy El Unico,Yahritza y Su Esencia
2022-04-09,We Go Up,Nicki Minaj & Fivio Foreign
2022-04-09,Make Up Sex,Machine Gun Kelly X blackbear
2022-04-09,X Ultima Vez,Daddy Yankee & Bad Bunny
2022-04-09,Envolver,Anitta
2022-04-09,Chaotic,Tate McRae
2022-04-09,Sigue,J Balvin & Ed Sheeran
2022-04-16,As It Was,Harry Styles
2022-04-16,In My Head,Lil Tjay
2022-04-16,When You're Gone,Shawn Mendes
2022-04-16,Stick,JID & J. Cole Featuring Kenny Mason & Sheck Wes
2022-04-16,Damn Strait,Scotty McCreery
2022-04-16,Take My Name,Parmalee
2022-04-16,Complete Mess,5 Seconds Of Summer
2022-04-16,4KT Baby,YoungBoy Never Broke Again
2022-04-16,Blood All On It,Gucci Mane Featuring Key Glock & Young Dolph
2022-04-16,Desesperados,Rauw Alejandro & Chencho Corleone
2022-04-23,First Class,Jack Harlow
2022-04-23,Right On,Lil Baby
2022-04-23,In A Minute,Lil Baby
2022-04-23,London,BIA Featuring J. Cole
2022-04-23,Psychofreak,Camila Cabello Featuring WILLOW
2022-04-23,Thump Shit,42 Dugg & EST Gee
2022-04-23,Treat Me,Chloe
2022-04-23,Neck & Wrist,Pusha T Featuring JAY-Z & Pharrell Williams
2022-04-23,Praise The Lord,BRELAND Featuring Thomas Rhett
2022-04-30,Don't Think Jesus,Morgan Wallen
2022-04-30,About Damn Time,Lizzo
2022-04-30,Shake It,"Kay Flock, Cardi B, Dougie B & Bory300"
2022-04-30,Flowers,Lauren Spencer Smith
2022-04-30,GINE,6ix9ine
2022-04-30,Leave You Alone,Kane Brown
2022-04-30,Fall In Love,Bailey Zimmerman
2022-05-07,Thousand Miles,The Kid LAROI
2022-05-07,Plan B,Megan Thee Stallion
2022-05-07,Provenza,Karol G
2022-05-07,2step,Ed Sheeran Featuring Lil Baby
2022-05-07,Something In The Orange,Zach Bryan
2022-05-07,Hold That Heat,"Southside, Travis Scott & Future"
2022-05-07,Scrape It Off,Pusha T Featuring Lil Uzi Vert & Don Toliver
2022-05-07,Tomorrow Me,Luke Combs
2022-05-07,Rock N Roll,Pusha T Featuring Kanye West & Kid Cudi
2022-05-07,Dreamin Of The Past,Pusha T Featuring Kanye West
2022-05-07,Brambleton,Pusha T
2022-05-14,Wait For U,Future Featuring Drake & Tems
2022-05-14,Puffin On Zootiez,Future
2022-05-14,712PM,Future
2022-05-14,I'm Dat N***a,Future
2022-05-14,I'm On One,Future Featuring Drake
2022-05-14,Love You Better,Future
2022-05-14,Keep It Burnin,Future Featuring Kanye West
2022-05-14,Massaging Me,Future
2022-05-14,For A Nut,Future Featuring Gunna & Young Thug
2022-05-14,Chickens,Future Featuring EST Gee
2022-05-14,Gold Stacks,Future
2022-05-14,Voodoo,Future Featuring Kodak Black
2022-05-14,Honest,Justin Bieber & Don Toliver
2022-05-14,We Jus Wanna Get High,Future
2022-05-14,Holy Ghost,Future
2022-05-14,Frozen,Lil Baby
2022-05-14,Back To The Basics,Future
2022-05-14,The Way Things Going,Future
2022-05-14,That That,PSY Featuring SUGA
2022-05-14,In The Stars,Benson Boone
2022-05-14,Love Me More,Sam Smith
2022-05-21,Moscow Mule,Bad Bunny
2022-05-21,Titi Me Pregunto,Bad Bunny
2022-05-21,Despues de La Playa,Bad Bunny
2022-05-21,Me Porto Bonito,Bad Bunny & Chencho Corleone
2022-05-21,Thought You Should Know,Morgan Wallen
2022-05-21,Party,Bad Bunny & Rauw Alejandro
2022-05-21,The Heart Part 5,Kendrick Lamar
2022-05-21,Un Ratito,Bad Bunny
2022-05-21,Tarot,Bad Bunny & Jhay Cortez
2022-05-21,Dua Lipa,Jack Harlow
2022-05-21,Yo No Soy Celoso,Bad Bunny
2022-05-21,Churchill Downs,Jack Harlow Featuring Drake
2022-05-21,Ojitos Lindos,Bad Bunny & Bomba Estereo
2022-05-21,Neverita,Bad Bunny
2022-05-21,La Corriente,Bad Bunny & Tony Dize
2022-05-21,Efecto,Bad Bunny
2022-05-21,Aguacero,Bad Bunny
2022-05-21,Dos Mil 16,Bad Bunny
2022-05-21,Otro Atardecer,Bad Bunny & The Marias
2022-05-21,This Love (Taylor's Version),Taylor Swift
2022-05-21,Andrea,Bad Bunny & Buscabulla
2022-05-21,El Apagon,Bad Bunny
2022-05-21,Un Verano Sin Ti,Bad Bunny
2022-05-21,Un Coco,Bad Bunny
2022-05-21,Me Fui de Vacaciones,Bad Bunny
2022-05-21,Ensename A Bailar,Bad Bunny
2022-05-21,Agosto,Bad Bunny
2022-05-21,Hold My Hand,Lady Gaga
2022-05-21,Whiskey On You,Nate Smith
2022-05-21,I'd Do Anything To Make You Smile,Jack Harlow
2022-05-21,Young Harleezy,Jack Harlow
2022-05-21,Poison,Jack Harlow Featuring Lil Wayne
2022-05-28,N95,Kendrick Lamar
2022-05-28,Die Hard,"Kendrick Lamar, Blxst & Amanda Reifer"
2022-05-28,You Proof,Morgan Wallen
2022-05-28,Silent Hill,Kendrick Lamar & Kodak Black
2022-05-28,United In Grief,Kendrick Lamar
2022-05-28,Father Time,Kendrick Lamar Featuring Sampha
2022-05-28,Rich Spirit,Kendrick Lamar
2022-05-28,We Cry Together,Kendrick Lamar & Taylour Paige
2022-05-28,Worldwide Steppers,Kendrick Lamar
2022-05-28,Count Me Out,Kendrick Lamar
2022-05-28,Purple Hearts,"Kendrick Lamar, Summer Walker & Ghostface Killah"
2022-05-28,Savior,"Kendrick Lamar, Baby Keem, & Sam Dew"
2022-05-28,Cooped Up,Post Malone Featuring Roddy Ricch
2022-05-28,Rich (Interlude),Kendrick Lamar
2022-05-28,Mr. Morale,Kendrick Lamar & Tanna Leone
2022-05-28,Crown,Kendrick Lamar
2022-05-28,Auntie Diaries,Kendrick Lamar
2022-05-28,Savior (Interlude),Kendrick Lamar
2022-05-28,Mirror,Kendrick Lamar
2022-05-28,Mother I Sober,Kendrick Lamar Featuring Beth Gibbons
2022-06-04,Late Night Talking,Harry Styles
2022-06-04,Music For A Sushi Restaurant,Harry Styles
2022-06-04,Matilda,Harry Styles
2022-06-04,Daylight,Harry Styles
2022-06-04,Little Freak,Harry Styles
2022-06-04,Grapejuice,Harry Styles
2022-06-04,Satellite,Harry Styles
2022-06-04,Cinema,Harry Styles
2022-06-04,Daydreaming,Harry Styles
2022-06-04,Keep Driving,Harry Styles
2022-06-04,Love Of My Life,Harry Styles
2022-06-04,Boyfriends,Harry Styles
2022-06-04,Hotel Lobby (Unc And Phew),Quavo & Takeoff
2022-06-04,Like I Love Country Music,Kane Brown
2022-06-04,DFMU,Ella Mai
2022-06-11,Running Up That Hill (A Deal With God),Kate Bush
2022-06-11,True Love,Kanye West & XXXTENTACION
2022-06-11,Sleazy Flow,SleazyWorld Go Featuring Lil Baby
2022-06-11,See Wat I'm Sayin,Moneybagg Yo
2022-06-11,Die Young,Sleepy Hallow Featuring 347aidan
2022-06-11,Potion,"Calvin Harris, Dua Lipa & Young Thug"
2022-06-11,She Had Me At Heads Carolina,Cole Swindell
2022-06-11,Sunroof,Nicky Youre & dazy
2022-06-11,F.N.F. (Let's Go),Hitkidd & GloRilla
2022-06-11,Wild Hearts,Keith Urban
2022-06-11,Last Night Lonely,Jon Pardi
2022-06-11,7500 OBO,Tim McGraw
2022-06-11,Until I Found You,Stephen Sanchez
2022-06-18,I Like You (A Happier Song),Post Malone Featuring Doja Cat
2022-06-18,Distraction,Polo G
2022-06-18,I Cannot Be (A Sadder Song),Post Malone Featuring Gunna
2022-06-18,Wrapped Around Your Finger,Post Malone
2022-06-18,Lemon Tree,Post Malone
2022-06-18,Reputation,Post Malone
2022-06-18,Wasting Angels,Post Malone Featuring The Kid LAROI
2022-06-18,Insane,Post Malone
2022-06-18,Love/Hate Letter To Alcohol,Post Malone Featuring Fleet Foxes
2022-06-18,Vegas,Doja Cat
2022-06-18,Te Felicito,Shakira & Rauw Alejandro
2022-06-18,When I'm Alone,Post Malone
2022-06-18,Euthanasia,Post Malone
2022-06-25,Glimpse Of Us,Joji
2022-06-25,Yet To Come,BTS
2022-06-25,Rock And A Hard Place,Bailey Zimmerman
2022-06-25,Cash In Cash Out,"Pharrell Williams Featuring 21 Savage & Tyler, The Creator"
2022-06-25,So Good,Halsey
2022-06-25,Run BTS,BTS
2022-06-25,I Ain't Worried,OneRepublic
2022-06-25,5 Foot 9,Tyler Hubbard
2022-06-25,New Truck,Dylan Scott
2022-07-02,Jimmy Cooks,Drake Featuring 21 Savage
2022-07-02,Sticky,Drake
2022-07-02,Falling Back,Drake
2022-07-02,Texts Go Green,Drake
2022-07-02,Massive,Drake
2022-07-02,Break My Soul,Beyonce
2022-07-02,The Kind Of Love We Make,Luke Combs
2022-07-02,Calling My Name,Drake
2022-07-02,A Keeper,Drake
2022-07-02,Currents,Drake
2022-07-02,Flight's Booked,Drake
2022-07-02,Overdrive,Drake
2022-07-02,Liability,Drake
2022-07-02,U-Digg,"Lil Baby, 42 Dugg & Veeze"
2022-07-02,Down Hill,Drake
2022-07-02,Tie That Binds,Drake
2022-07-02,Wild As Her,Corey Kent
2022-07-09,Left And Right,Charlie Puth Featuring Jung Kook
2022-07-09,Carolina,Taylor Swift
2022-07-09,Late To Da Party (F*CK BET),Lil Nas X & Youngboy Never Broke Again
2022-07-09,From The D 2 The LBC,Eminem & Snoop Dogg
2022-07-09,Call Me Everyday,Chris Brown Featuring WizKid
2022-07-09,Psychic,Chris Brown Featuring Jack Harlow
2022-07-09,WE (Warm Embrace),Chris Brown
2022-07-09,Burglars & Murderers,Lil Durk Featuring EST Gee
2022-07-09,Addicted,Chris Brown Featuring Lil Baby
2022-07-09,Did Shit To Me,Lil Durk Featuring Doodie Lo
2022-07-09,Possessive,Chris Brown Featuring Lil Wayne & BLEU
2022-07-16,Hot Shit,"Cardi B, Ye & Lil Durk"
2022-07-16,Master Of Puppets,Metallica
2022-07-16,Son Of A Sinner,Jelly Roll
2022-07-16,Good Love,City Girls & Usher
2022-07-16,Wishful Drinking,Ingrid Andress With Sam Hunt
2022-07-16,Country On,Luke Bryan
2022-07-16,More,j-hope
2022-07-16,Numb,Marshmello & Khalid
2022-07-16,Best Thing Since Backroads,Jake Owen
2022-07-16,Unstoppable,Sia
2022-07-16,Rich Minion,Yeat
2022-07-16,Bad Habit,Steve Lacy
2022-07-23,All Mine,Brent Faiyaz
2022-07-23,Loose Change,Brent Faiyaz
2022-07-23,Price Of Fame,Brent Faiyaz
2022-07-23,Betty (Get Money),Yung Gravy
2022-07-23,Rolling Stone,Brent Faiyaz
2022-07-23,Last Last,Burna Boy
2022-07-23,Ghetto Gatsby,Brent Faiyaz Featuring Alicia Keys
2022-07-23,Heal Your Heart (Interlude),Brent Faiyaz
2022-07-23,FYTB,Brent Faiyaz Featuring Joony
2022-07-30,2 Be Loved (Am I Ready),Lizzo
2022-07-30,Truth About You,Mitchell Tenpenny
2022-07-30,Free Mind,Tems
2022-07-30,At The End Of A Bar,Chris Young With Mitchell Tenpenny
2022-07-30,Arson,j-hope
2022-07-30,Pick Me Up,Gabby Barrett
2022-08-06,TV,Billie Eilish
2022-08-06,Pressurelicious,Megan Thee Stallion Featuring Future
2022-08-06,Progress,John Rich
2022-08-06,The 30th,Billie Eilish
2022-08-06,With A Woman You Love,Justin Moore
2022-08-06,Love Lost,Mac Miller
2022-08-06,Vette Motors,YoungBoy Never Broke Again
2022-08-06,Are You Entertained,Russ & Ed Sheeran
2022-08-06,"Bzrp Music Sessions, Vol. 52",Bizarrap & Quevedo
2022-08-13,Cuff It,Beyonce
2022-08-13,Alien Superstar,Beyonce
2022-08-13,Church Girl,Beyonce
2022-08-13,I'm That Girl,Beyonce
2022-08-13,Energy,Beyonce Featuring BEAM
2022-08-13,Cozy,Beyonce
2022-08-13,Plastic Off The Sofa,Beyonce
2022-08-13,Virgo's Groove,Beyonce
2022-08-13,Summer Renaissance,Beyonce
2022-08-13,Never Sleep,"NAV, Travis Scott & Lil Baby"
2022-08-13,Heated,Beyonce
2022-08-13,Thique,Beyonce
2022-08-13,Move,Beyonce Featuring Grace Jones & Tems
2022-08-13,Pure/Honey,Beyonce
2022-08-13,America Has A Problem,Beyonce Featuring Kendrick Lamar
2022-08-13,All Up In Your Mind,Beyonce
2022-08-13,Victoria's Secret,Jax
2022-08-13,Dah Dah DahDah,Nardo Wick
2022-08-20,Staying Alive,DJ Khaled Featuring Drake & Lil Baby
2022-08-20,Bad Decisions,"benny blanco, BTS & Snoop Dogg"
2022-08-20,Umm Hmm,YoungBoy Never Broke Again
2022-08-20,I Know,YoungBoy Never Broke Again
2022-08-20,Home Ain't Home,YoungBoy Never Broke Again Featuring Rod Wave
2022-08-20,Fuck Da Industry,YoungBoy Never Broke Again
2022-08-20,Free Dem 5's,YoungBoy Never Broke Again
2022-08-20,Lost Soul Survivor,YoungBoy Never Broke Again
2022-08-20,Hold Your Own,YoungBoy Never Broke Again
2022-08-20,Top Sound,YoungBoy Never Broke Again
2022-08-20,Kamikaze,YoungBoy Never Broke Again
2022-08-20,My Time,YoungBoy Never Broke Again
2022-08-20,Big 14,"Trippie Redd, Moneybagg Yo & Offset"
2022-08-20,Despecha,Rosalia
2022-08-20,7 Days,YoungBoy Never Broke Again
2022-08-27,Super Freaky Girl,Nicki Minaj
2022-08-27,Alone,Rod Wave
2022-08-27,Yungen,Rod Wave Featuring Jack Harlow
2022-08-27,Never Get Over Me,Rod Wave
2022-08-27,Sweet Little Lies,Rod Wave
2022-08-27,Forever,Rod Wave
2022-08-27,Her,Megan Thee Stallion
2022-08-27,Stone Rolling,Rod Wave
2022-08-27,No Deal,Rod Wave
2022-08-27,I Know It,Rod Wave
2022-08-27,Ungrateful,Megan Thee Stallion Featuring Key Glock
2022-08-27,Pieces,Rod Wave
2022-08-27,Budget,Megan Thee Stallion Featuring Latto
2022-08-27,Rockstar Heart,Rod Wave
2022-08-27,Time Kills (Love Birds),Rod Wave
2022-08-27,Fading,Rod Wave
2022-08-27,What My World Spins Around,Jordan Davis
2022-09-03,Pink Venom,BLACKPINK
2022-09-03,Where It Ends,Bailey Zimmerman
2022-09-03,54321,Offset
2022-09-03,Don't Come Lookin',Jackson Dean
2022-09-03,Half Of Me,Thomas Rhett Featuring Riley Green
2022-09-03,29,Demi Lovato
2022-09-03,Snap,Rosa Linn
2022-09-03,Soul,Lee Brice
2022-09-03,La Bachata,Manuel Turizo
2022-09-10,Hold Me Closer,Elton John & Britney Spears
2022-09-10,God Did,"DJ Khaled Featuring Rick Ross, Lil Wayne, JAY-Z, John Legend & Fridayy"
2022-09-10,Beautiful,DJ Khaled Featuring Future & SZA
2022-09-10,Big Time,DJ Khaled Featuring Future & Lil Baby
2022-09-10,Beat The Odds,Lil Tjay
2022-09-10,Gatubela,Karol G x Maldy
2022-09-10,Use This Gospel (Remix),DJ Khaled Featuring Kanye West & Eminem
2022-09-10,Juice WRLD Did,DJ Khaled Featuring Juice WRLD
2022-09-10,Keep Going,"DJ Khaled Featuring Lil Durk, 21 Savage & Roddy Ricch"
2022-09-10,Party,DJ Khaled Featuring Quavo & Takeoff
2022-09-10,Golden Hour,JVKE
2022-09-10,It Ain't Safe,DJ Khaled Featuring Nardo Wick & Kodak Black
2022-09-10,No Secret,DJ Khaled Featuring Drake
2022-09-10,I'm Good (Blue),David Guetta & Bebe Rexha
2022-09-10,Let's Pray,DJ Khaled Featuring Don Toliver & Travis Scott
2022-09-10,Wait In The Truck,HARDY Featuring Lainey Wilson
2022-09-17,Detox,Lil Baby
2022-09-17,Talk,Yeat
2022-09-17,Romantic Homicide,d4vd
2022-09-17,Calm Down,Rema & Selena Gomez
2022-09-17,Static,Steve Lacy
2022-09-17,Billie Eilish.,Armani White
2022-09-17,Sin Fin,Romeo Santos & Justin Timberlake
2022-09-24,Thank God,Kane Brown With Katelyn Brown
2022-09-24,Under The Influence,Chris Brown
2022-09-24,Put It On Me,YoungBoy Never Broke Again
2022-09-24,Freestyle,Lil Baby
2022-09-24,Flawless,Yeat Featuring Lil Uzi Vert
2022-09-24,Mary On A Cross,Ghost
2022-09-24,Purge Me,YoungBoy Never Broke Again
2022-09-24,"Burn, Burn, Burn",Zach Bryan
2022-10-01,Shut Down,BLACKPINK
2022-10-01,Evergreen,Omar Apollo
2022-10-01,Hell Yeah,Little Big Town
2022-10-01,Love In The Way,BLEU & Nicki Minaj
2022-10-01,Dark Red,Steve Lacy
2022-10-01,Backstage Passes,EST Gee Featuring Jack Harlow
2022-10-08,Unholy,Sam Smith & Kim Petras
2022-10-08,Tomorrow 2,GloRilla & Cardi B
2022-10-08,Star Walkin' (League Of Legends Worlds Anthem),Lil Nas X
2022-10-08,Out In The Middle,Zac Brown Band
2022-10-08,Blow,Moneybagg Yo
2022-10-08,World's Smallest Violin,AJR
2022-10-08,Oklahoma Smokeshow,Zach Bryan
2022-10-08,No Se Va,Grupo Frontera
2022-10-08,Down Home,Jimmie Allen
2022-10-15,Toxic,YG
2022-10-15,Tennessee Orange,Megan Moroney
2022-10-15,Gotta Move On,Diddy & Bryson Tiller
2022-10-15,Forget Me,Lewis Capaldi
2022-10-15,What He Didn't Do,Carly Pearce
2022-10-22,Poland,Lil Yachty
2022-10-22,Heyy,Lil Baby
2022-10-22,To The Bone,"Quavo, Takeoff & YoungBoy Never Broke Again"
2022-10-22,Lokera,"Rauw Alejandro, Lyanno & Brray"
2022-10-22,Walk,Kodak Black
2022-10-29,California Breeze,Lil Baby
2022-10-29,Forever,Lil Baby Featuring Fridayy
2022-10-29,Real Spill,Lil Baby
2022-10-29,Pop Out,Lil Baby & Nardo Wick
2022-10-29,Never Hating,Lil Baby & Young Thug
2022-10-29,Stand On It,Lil Baby
2022-10-29,Not Finished,Lil Baby
2022-10-29,Perfect Timing,Lil Baby
2022-10-29,From Now On,Lil Baby Featuring Future
2022-10-29,Waterfall Flow,Lil Baby
2022-10-29,Everything,Lil Baby
2022-10-29,Bye Bye,Marshmello & Juice WRLD
2022-10-29,Double Down,Lil Baby
2022-10-29,Cost To Be Alive,Lil Baby & Rylo Rodriguez
2022-10-29,Shiest Talk,Lil Baby Featuring Pooh Shiesty
2022-10-29,Edging,blink-182
2022-10-29,Top Priority,Lil Baby
2022-10-29,Back And Forth,Lil Baby & EST Gee
2022-10-29,Danger,Lil Baby
2022-10-29,Russian Roulette,Lil Baby
2022-10-29,FR,Lil Baby
2022-10-29,No Fly Zone,Lil Baby
2022-10-29,Stop Playin,Lil Baby Featuring Jeremih
2022-10-29,Just Wanna Rock,Lil Uzi Vert
2022-11-05,Anti-Hero,Taylor Swift
2022-11-05,Lavender Haze,Taylor Swift
2022-11-05,Maroon,Taylor Swift
2022-11-05,Snow On The Beach,Taylor Swift Featuring Lana Del Rey
2022-11-05,Midnight Rain,Taylor Swift
2022-11-05,Bejeweled,Taylor Swift
2022-11-05,Question...?,Taylor Swift
2022-11-05,"You're On Your Own, Kid",Taylor Swift
2022-11-05,Karma,Taylor Swift Featuring Ice Spice
2022-11-05,Vigilante Shit,Taylor Swift
2022-11-05,Mastermind,Taylor Swift
2022-11-05,Labyrinth,Taylor Swift
2022-11-05,Sweet Nothing,Taylor Swift
2022-11-05,"Would've, Could've, Should've",Taylor Swift
2022-11-05,Bigger Than The Whole Sky,Taylor Swift
2022-11-05,The Great War,Taylor Swift
2022-11-05,Paris,Taylor Swift
2022-11-05,High Infidelity,Taylor Swift
2022-11-05,Glitch,Taylor Swift
2022-11-05,Dear Reader,Taylor Swift
2022-11-05,Monotonia,Shakira + Ozuna
2022-11-05,Made You Look,Meghan Trainor
2022-11-05,Miss You,Oliver Tree & Robin Schulz
2022-11-12,Lift Me Up,Rihanna
2022-11-12,Shirt,SZA
2022-11-12,In My Head,Juice WRLD
2022-11-12,The Astronaut,JIN
2022-11-12,Ain't Safe,Trippie Redd & Don Toliver
2022-11-12,300 Blackout,Kodak Black
2022-11-19,Rich Flex,Drake & 21 Savage
2022-11-19,Major Distribution,Drake & 21 Savage
2022-11-19,On BS,Drake & 21 Savage
2022-11-19,Spin Bout U,Drake & 21 Savage
2022-11-19,Pussy & Millions,Drake & 21 Savage Featuring Travis Scott
2022-11-19,Privileged Rappers,Drake & 21 Savage
2022-11-19,Circo Loco,Drake & 21 Savage
2022-11-19,BackOutsideBoyz,Drake
2022-11-19,Hours In Silence,Drake & 21 Savage
2022-11-19,Broke Boys,Drake & 21 Savage
2022-11-19,Treacherous Twins,Drake & 21 Savage
2022-11-19,Middle Of The Ocean,Drake
2022-11-19,Jumbotron Shit Poppin,Drake
2022-11-19,More M's,Drake & 21 Savage
2022-11-19,I Guess It's Fuck Me,Drake
2022-11-19,3AM On Glenwood,21 Savage
2022-11-19,Die For You,Joji
2022-11-19,My Mind & Me,Selena Gomez
2022-11-26,Heart Like A Truck,Lainey Wilson
2022-11-26,Break My Heart,Rod Wave
2022-11-26,"Going, Going, Gone",Luke Combs
2022-12-03,Down In Atlanta,Pharrell Williams & Travis Scott
2022-12-03,Got It Right,Rod Wave
2022-12-10,Last Christmas,Lauren Spencer Smith
2022-12-10,Someday At Christmas,Lizzo
2022-12-17,Creepin',"Metro Boomin, The Weeknd & 21 Savage"
2022-12-17,Superhero (Heroes & Villains),"Metro Boomin, Future & Chris Brown"
2022-12-17,Too Many Nights,Metro Boomin Featuring Don Toliver & Future
2022-12-17,Umbrella,"Metro Boomin, 21 Savage & Young Nudy"
2022-12-17,Niagara Falls (Foot Or 2),"Metro Boomin, Travis Scott & 21 Savage"
2022-12-17,Raindrops (Insane),Metro Boomin & Travis Scott
2022-12-17,One Thing At A Time,Morgan Wallen
2022-12-17,Trance,"Metro Boomin, Travis Scott & Young Thug"
2022-12-17,Metro Spider,Metro Boomin & Young Thug
2022-12-17,On Time,Metro Boomin & John Legend
2022-12-17,Tennessee Fan,Morgan Wallen
2022-12-17,Walk Em Down (Don't Kill Civilians),Metro Boomin & 21 Savage Featuring Mustafa
2022-12-17,Around Me,Metro Boomin Featuring Don Toliver
2022-12-17,I Can't Save You (Interlude),Metro Boomin & Future Featuring Don Toliver
2022-12-17,Days That End In Why,Morgan Wallen
2022-12-17,Feel The Fiyaaaah,Metro Boomin & A$AP Rocky Featuring Takeoff
2022-12-17,All The Money (Bonus),Metro Boomin & Gunna
2022-12-17,La Jumpa,Arcangel & Bad Bunny
2022-12-17,Lock On Me,"Metro Boomin, Travis Scott & Future"
2022-12-17,Wild Flower,RM With Youjeen
2022-12-17,"Santa, Can't You Hear Me",Kelly Clarkson & Ariana Grande
2022-12-17,Blue Christmas,Kane Brown
2022-12-17,Escapism,RAYE Featuring 070 Shake
2022-12-24,Kill Bill,SZA
2022-12-24,Nobody Gets Me,SZA
2022-12-24,Blind,SZA
2022-12-24,Low,SZA
2022-12-24,Love Language,SZA
2022-12-24,Seek & Destroy,SZA
2022-12-24,Snooze,SZA
2022-12-24,Used,SZA Featuring Don Toliver
2022-12-24,SOS,SZA
2022-12-24,Special,SZA
2022-12-24,Ghost In The Machine,SZA Featuring Phoebe Bridgers
2022-12-24,Gone Girl,SZA
2022-12-24,Notice Me,SZA
2022-12-24,Smoking On My Ex Pack,SZA
2022-12-24,Open Arms,SZA Featuring Travis Scott
2022-12-24,F2F,SZA
2022-12-24,Conceited,SZA
2022-12-24,Far,SZA
2022-12-24,Too Late,SZA
2022-12-24,Forgiveless,SZA Featuring Ol' Dirty Bastard
2022-12-24,Water (Drowning Pt. 2),A Boogie Wit da Hoodie Featuring Kodak Black
2022-12-31,Face 2 Face,Juice WRLD
2022-12-31,Kid On Christmas,Pentatonix Featuring Meghan Trainor
2023-01-01,Gato de Noche,Nengo Flow & Bad Bunny
2023-01-01,Que Vuelvas,Carin Leon X Grupo Frontera
2023-01-01,Bebe Dame,Fuerza Regida X Grupo Frontera
2023-01-08,Bloody Mary,Lady Gaga
2023-01-08,Handle On You,Parker McCollum
2023-01-08,The Color Violet,Tory Lanez
2023-01-08,Here With Me,d4vd
2023-01-08,Shut Up My Moms Calling,Hotel Ugly
2023-01-08,Players,Coi Leray
2023-01-15,Black,YoungBoy Never Broke Again
2023-01-15,Ditto,NewJeans
2023-01-15,That's What Tequila Does,Jason Aldean
2023-01-15,You Didn't,Brett Young
2023-01-22,Flowers,Miley Cyrus
2023-01-22,"Bzrp Music Sessions, Vol. 53",Bizarrap & Shakira
2023-01-22,On Wat U On,Moneybagg Yo x GloRilla
2023-01-22,Nonsense,Sabrina Carpenter
2023-01-22,Vibe,TAEYANG Featuring Jimin
2023-01-22,OMG,NewJeans
2023-01-22,Human,Cody Johnson
2023-01-22,Heart To Heart,Mac DeMarco
2023-01-22,King Snipe,Gucci Mane & Kodak Black
2023-01-29,Knight Crawler,Trippie Redd & Juice WRLD
2023-01-29,Red,HARDY Featuring Morgan Wallen
2023-01-29,10:35,Tiesto Featuring Tate McRae
2023-01-29,I Wish You Roses,Kali Uchis
2023-01-29,Gangsta Boo,Ice Spice & Lil Tjay
2023-01-29,Moonlight Sunrise,TWICE
2023-01-29,Fully Loaded,"Trippie Redd, Future & Lil Baby"
2023-01-29,Krzy Train,Trippie Redd & Travis Scott
2023-01-29,Next Thing You Know,Jordan Davis
2023-01-29,AMG,"Gabito Ballesteros, Peso Pluma & Natanael Cano"
2023-01-29,Do It Again,NLE Choppa & 2Rare
2023-01-29,Back End,Finesse2Tymes
2023-01-29,Spit In My Face!,ThxSoMch
2023-02-05,Last Night,Morgan Wallen
2023-02-05,Love Again,The Kid LAROI
2023-02-05,Dawns,Zach Bryan Featuring Maggie Rogers
2023-02-05,I Wrote The Book,Morgan Wallen
2023-02-05,Everything I Love,Morgan Wallen
2023-02-05,Growin' Up And Gettin' Old,Luke Combs
2023-02-05,I'm Not Here To Make Friends,Sam Smith
2023-02-05,The Black Seminole.,Lil Yachty
2023-02-05,Fin de Semana,Junior H X Oscar Maydon
2023-02-05,Hey Mor,Ozuna Featuring Feid
2023-02-05,Never Gonna Not Dance Again,P!nk
2023-02-05,Dancin' In The Country,Tyler Hubbard
2023-02-12,"Boy's A Liar, Pt. 2",PinkPantheress & Ice Spice
2023-02-12,X Si Volvemos,Karol G x Romeo Santos
2023-02-12,PRC,Peso Pluma X Natanael Cano
2023-02-12,Watch The World Burn,Falling In Reverse
2023-02-12,In Ha Mood,Ice Spice
2023-02-12,Yandel 150,Yandel & Feid
2023-02-19,Love You Anyway,Luke Combs
2023-02-19,Lost,Linkin Park
2023-02-19,Special,Lizzo Featuring SZA
2023-02-19,Fix'n To Break,Bailey Zimmerman
2023-02-19,Painting Pictures,Superstar Pride
2023-02-26,Hope,NF
2023-02-26,Favorite Song,Toosii
2023-02-26,Watch This (ARIZONATEARS Pluggnb Remix),Lil Uzi Vert
2023-02-26,Heaven,Niall Horan
2023-02-26,No Time Wasted,Polo G & Future
2023-02-26,Ceilings,Lizzy McAlpine
2023-02-26,Lottery,Latto Featuring LU KALA
2023-02-26,Trustfall,P!nk
2023-02-26,Slut Me Out,NLE Choppa
2023-02-26,Gold,Dierks Bentley
2023-03-05,TQG,Karol G x Shakira
2023-03-05,Kant Nobody,Lil Wayne Featuring DMX
2023-03-05,Mientras Me Curo del Cora,Karol G
2023-03-05,Gucci Los Panos,Karol G
2023-03-05,Private Landing,Don Toliver Featuring Justin Bieber & Future
2023-03-05,Tus Gafitas,Karol G
2023-03-05,No More Talk,Yeat
2023-03-05,Split,Yeat
2023-03-05,Cairo,Karol G & Ovy On The Drums
2023-03-05,Shmunk,Yeat Featuring YoungBoy Never Broke Again
2023-03-05,Pero Tu,Karol G & Quevedo
2023-03-05,Dirt,Key Glock
2023-03-05,Joe,Luke Combs
2023-03-05,Ojos Ferrari,"Karol G, Justin Quiles & Angel Dior"
2023-03-05,Besties,Karol G
2023-03-05,Manana Sera Bonito,Karol G & Carla Morrison
2023-03-05,Die 4 Me,Halsey
2023-03-12,Thinkin' Bout Me,Morgan Wallen
2023-03-12,Ain't That Some,Morgan Wallen
2023-03-12,Red Ruby Da Sleeze,Nicki Minaj
2023-03-12,Man Made A Bar,Morgan Wallen Featuring Eric Church
2023-03-12,'98 Braves,Morgan Wallen
2023-03-12,Devil Don't Know,Morgan Wallen
2023-03-12,Sunrise,Morgan Wallen
2023-03-12,Born With A Beer In My Hand,Morgan Wallen
2023-03-12,Whiskey Friends,Morgan Wallen
2023-03-12,Tennessee Numbers,Morgan Wallen
2023-03-12,Cowgirls,Morgan Wallen Featuring ERNEST
2023-03-12,Hope That's True,Morgan Wallen
2023-03-12,Dying Man,Morgan Wallen
2023-03-12,Keith Whitley,Morgan Wallen
2023-03-12,In The Bible,Morgan Wallen Featuring HARDY
2023-03-12,Neon Star (Country Boy Lullaby),Morgan Wallen
2023-03-12,Me + All Your Reasons,Morgan Wallen
2023-03-12,I Deserve A Drink,Morgan Wallen
2023-03-12,F150-50,Morgan Wallen
2023-03-12,Single Than She Was,Morgan Wallen
2023-03-12,Wine Into Water,Morgan Wallen
2023-03-12,On The Street,j-hope With J. Cole
2023-03-12,180 (Lifestyle),Morgan Wallen
2023-03-12,Last Drive Down Main,Morgan Wallen
2023-03-12,Good Girl Gone Missin',Morgan Wallen
2023-03-12,Me To Me,Morgan Wallen
2023-03-12,Money On Me,Morgan Wallen
2023-03-12,Had It,Morgan Wallen
2023-03-12,Outlook,Morgan Wallen
2023-03-19,River,Miley Cyrus
2023-03-19,Jaded,Miley Cyrus
2023-03-19,Thousand Miles,Miley Cyrus Featuring Brandi Carlile
2023-03-19,Rose Colored Lenses,Miley Cyrus
2023-03-19,Por Las Noches,Peso Pluma
2023-03-26,All Of The Girls You Loved Before,Taylor Swift
2023-03-26,Ella Baila Sola,Eslabon Armado X Peso Pluma
2023-03-26,"Set Me Free, Pt. 2",Jimin
2023-03-26,5 Leaf Clover,Luke Combs
2023-03-26,Eat Your Young,Hozier
2023-03-26,La Bebe,Yng Lvcas x Peso Pluma
2023-03-26,El Gordo Trae El Mando,Chino Pacas
2023-03-26,Coco Chanel,Eladio Carrion & Bad Bunny
2023-03-26,ICU,Coco Jones
2023-03-26,Moonlight,Kali Uchis
2023-03-26,Death,Melanie Martinez
2023-03-26,Nasty,Russ
2023-03-26,Cupid,Fifty Fifty
2023-04-02,Like Crazy,Jimin
2023-04-02,Eyes Closed,Ed Sheeran
2023-04-02,Fast Car,Luke Combs
2023-04-02,Beso,Rosalia & Rauw Alejandro
2023-04-02,Don't Play With It,Lola Brooke X Latto X Yung Miami Or Featuring Billy B
2023-04-02,Dogtooth,"Tyler, The Creator"
2023-04-02,The Light,Juice WRLD
2023-04-02,Ch y La Pizza,Fuerza Regida X Natanael Cano
2023-04-02,Memory Lane,Old Dominion
2023-04-09,Fight The Feeling,Rod Wave
2023-04-09,Sorry Not Sorry,"Tyler, The Creator"
2023-04-09,Void,Melanie Martinez
2023-04-09,Need A Favor,Jelly Roll
2023-04-09,WHARF TALK,"Tyler, The Creator Featuring A$AP Rocky"
2023-04-09,I Know,Kanii
2023-04-09,Hot Boy,Nardo Wick Featuring Lil Baby
2023-04-16,Search & Rescue,Drake
2023-04-16,Happy,NF
2023-04-16,Strike (Holster),Lil Yachty
2023-04-16,Peaches,Jack Black
2023-04-16,Careful,NF & Cordae
2023-04-16,El Azul,Junior H x Peso Pluma
2023-04-16,Never Felt So Alone,Labrinth
2023-04-16,WTF,YoungBoy Never Broke Again Featuring Nicki Minaj
2023-04-23,Princess Diana,Ice Spice & Nicki Minaj
2023-04-23,Chemical,Post Malone
2023-04-23,Un x100to,Grupo Frontera X Bad Bunny
2023-04-23,Daylight,David Kushner
2023-04-23,See You Again,"Tyler, The Creator Featuring Kali Uchis"
2023-04-23,Chanel,Becky G & Peso Pluma
2023-04-23,Igualito A Mi Apa,Fuerza Regida & Peso Pluma
2023-04-23,Di Que Si,Grupo Marca Registrada X Grupo Frontera
2023-04-23,It Matters To Her,Scotty McCreery
2023-04-30,Double Fantasy,The Weeknd Featuring Future
2023-04-30,Alone,Kim Petras Featuring Nicki Minaj
2023-04-30,Haegeum,Agust D
2023-04-30,Fragil,Yahritza y Su Esencia x Grupo Frontera
2023-04-30,Big Truck,YoungBoy Never Broke Again
2023-05-07,They Don't Love It,Jack Harlow
2023-05-07,Wreckage,Nate Smith
2023-05-07,Waffle House,Jonas Brothers
2023-05-07,People,Libianca
2023-05-07,Common Ground,Jack Harlow
2023-05-14,Area Codes,Kaliii
2023-05-14,Go Hard,Lil Baby
2023-05-14,Religiously,Bailey Zimmerman
2023-05-14,Mejor Que Yo,"Anuel AA, Mambo Kingz & DJ Luian"
2023-05-14,"You, Me, & Whiskey",Justin Moore & Priscilla Block
2023-05-14,Mathematical Disrespect,Lil Mabu
2023-05-14,Shake Sumn,DaBaby
2023-05-14,Curtains,Ed Sheeran
2023-05-14,What It Is (Block Boy),Doechii Featuring Kodak Black
2023-05-21,All My Life,Lil Durk Featuring J. Cole
2023-05-21,Bitch Let's Do It,YoungBoy Never Broke Again
2023-05-21,Life Goes On,Ed Sheeran Featuring Luke Combs
2023-05-21,Acrostico,Shakira
2023-05-21,Bury Me In Georgia,Kane Brown
2023-05-21,F**k The Industry Pt. 2,YoungBoy Never Broke Again
2023-05-21,Everything She Ain't,Hailey Whitters
2023-05-21,Your Heart Or Mine,Jon Pardi
2023-05-21,I Heard,YoungBoy Never Broke Again
2023-05-28,Where She Goes,Bad Bunny
2023-05-28,TQM,Fuerza Regida
2023-05-28,Mourning,Post Malone
2023-05-28,Say Yes To Heaven,Lana Del Rey
2023-05-28,"To Summer, From Cole (Audio Hug)",Summer Walker & J. Cole
2023-05-28,"Angel, Pt. 1","Kodak Black, NLE Choppa, Jimin, JVKE & Muni Long"
2023-05-28,You,Dan + Shay
2023-05-28,Baby Don't Hurt Me,"David Guetta, Anne-Marie & Coi Leray"
2023-06-04,Stand By Me,Lil Durk Featuring Morgan Wallen
2023-06-04,Hits Different,Taylor Swift
2023-06-04,Pelle Coat,Lil Durk
2023-06-04,War Bout It,Lil Durk Featuring 21 Savage
2023-06-04,Dance The Night,Dua Lipa
2023-06-04,Bye,Peso Pluma
2023-06-04,Never Imagined,Lil Durk Featuring Future
2023-06-04,Never Again,Lil Durk
2023-06-04,Pound Town 2,Sexyy Red & Tay Keith & Nicki Minaj
2023-06-04,Big Dawg,Lil Durk & Chief Wuk
2023-06-04,Cross The Globe,Lil Durk Featuring Juice WRLD
2023-06-04,Put Em On Ice,Lil Durk
2023-06-04,300 Urus,Lil Durk
2023-06-04,Sad Songs,Lil Durk
2023-06-04,Grandson,Lil Durk Featuring Kodak Black
2023-06-04,Before Fajr,Lil Durk
2023-06-04,B12,Lil Durk
2023-06-04,You Got Em,Lil Durk
2023-06-11,Put It On Da Floor Again,Latto Featuring Cardi B
2023-06-11,"Bzrp Music Sessions, Vol. 55",Bizarrap & Peso Pluma
2023-06-11,Calling,"Metro Boomin, Swae Lee & NAV Featuring A Boogie Wit da Hoodie"
2023-06-11,Popular,"The Weeknd, Playboi Carti & Madonna"
2023-06-11,Annihilate,"Metro Boomin, Swae Lee, Lil Wayne & Offset"
2023-06-11,Bread & Butter,Gunna
2023-06-11,Am I Dreaming,"Metro Boomin, A$AP Rocky & Roisee"
2023-06-11,Keep It Low,Moneybagg Yo Featuring Future
2023-06-11,All The Way Live,"Metro Boomin, Future & Lil Uzi Vert"
2023-06-11,Self Love,Metro Boomin & Coi Leray
2023-06-11,Ocean Spray,Moneybagg Yo
2023-06-11,Save Me,Jelly Roll With Lainey Wilson
2023-06-11,Hummingbird,Metro Boomin & James Blake
2023-06-11,Peaches & Eggplants,Young Nudy Featuring 21 Savage
2023-06-11,Danger (Spider),Offset & JID
2023-06-18,Dial Drunk,Noah Kahan With Post Malone
2023-06-18,Take Two,BTS
2023-06-18,Plebada,El Alfa x Peso Pluma
2023-06-18,Truck Bed,HARDY
2023-06-18,The Hillbillies,Baby Keem & Kendrick Lamar
2023-06-25,Fukumean,Gunna
2023-06-25,Back To The Moon,Gunna
2023-06-25,Attention,Doja Cat
2023-06-25,Rodeo Dr,Gunna
2023-06-25,Back At It,Gunna
2023-06-25,Ca$h $hit,Gunna
2023-06-25,Bottom,Gunna
2023-06-25,IDK NoMore,Gunna
2023-06-25,P Angels,Gunna
2023-06-25,Paybach,Gunna
2023-06-25,Go Crazy,Gunna
2023-06-25,Girl In Mine,Parmalee
2023-06-25,Classy 101,Feid x Young Miko
2023-06-25,Bluffin,Gucci Mane & Lil Baby
2023-07-02,Barbie World,Nicki Minaj & Ice Spice With Aqua
2023-07-02,Oh U Went,Young Thug Featuring Drake
2023-07-02,Sabor Fresa,Fuerza Regida
2023-07-02,Luna,Peso Pluma & Junior H
2023-07-02,Lady Gaga,"Peso Pluma, Gabito Ballesteros & Junior H"
2023-07-02,Parade On Cleveland,Young Thug Featuring Drake
2023-07-02,Cars Bring Me Out,Young Thug Featuring Future
2023-07-02,VVS,"Peso Pluma, Edgardo Nunez & Los Dareyes de La Sierra"
2023-07-02,Wit Da Racks,"Young Thug Featuring 21 Savage, Travis Scott & Yak Gotti"
2023-07-02,Doomsday.,"Lyrical Lemonade, Juice WRLD & Cordae"
2023-07-02,Want Me Dead,Young Thug Featuring 21 Savage
2023-07-02,Rubicon,Peso Pluma
2023-07-02,Hellcat Kenny,Young Thug Featuring Lil Uzi Vert
2023-07-02,Money On The Dresser,Young Thug
2023-07-02,Uncle M,Young Thug
2023-07-02,Nueva Vida,Peso Pluma
2023-07-02,Watermelon Moonshine,Lainey Wilson
2023-07-02,Lagunas,Peso Pluma & Jasiel Nunez
2023-07-02,Rosa Pastel,Peso Pluma & Jasiel Nunez
2023-07-02,Abracadabra,Young Thug Featuring Travis Scott
2023-07-02,Gucci Grocery Bag,Young Thug
2023-07-09,Vampire,Olivia Rodrigo
2023-07-09,Flooded The Face,Lil Uzi Vert
2023-07-09,Endless Fashion,Lil Uzi Vert Featuring Nicki Minaj
2023-07-09,Suicide Doors,Lil Uzi Vert
2023-07-09,Aye,Lil Uzi Vert Featuring Travis Scott
2023-07-09,Tulum,Peso Pluma & Grupo Frontera
2023-07-09,I Gotta,Lil Uzi Vert
2023-07-09,Spin Again,Lil Uzi Vert
2023-07-09,Crush Em,Lil Uzi Vert
2023-07-09,X2,Lil Uzi Vert
2023-07-09,Mojabi Ghost,Tainy & Bad Bunny
2023-07-09,Pluto To Mars,Lil Uzi Vert
2023-07-09,"Mama, I'm Sorry",Lil Uzi Vert
2023-07-09,Amped,Lil Uzi Vert
2023-07-09,Patience,Lil Uzi Vert Featuring Don Toliver
2023-07-09,Nakamura,Lil Uzi Vert
2023-07-09,All Alone,Lil Uzi Vert
2023-07-09,Died And Came Back,Lil Uzi Vert
2023-07-09,Werewolf,Lil Uzi Vert Featuring Bring Me The Horizon
2023-07-09,Zoom,Lil Uzi Vert
2023-07-09,That Fiya,Lil Uzi Vert
2023-07-09,We Didn't Start The Fire,Fall Out Boy
2023-07-16,I Can See You (Taylor's Version) (From The Vault),Taylor Swift
2023-07-16,Mine (Taylor's Version),Taylor Swift
2023-07-16,Back To December (Taylor's Version),Taylor Swift
2023-07-16,Enchanted (Taylor's Version),Taylor Swift
2023-07-16,Sparks Fly (Taylor's Version),Taylor Swift
2023-07-16,Dear John (Taylor's Version),Taylor Swift
2023-07-16,Better Than Revenge (Taylor's Version),Taylor Swift
2023-07-16,Castles Crumbling (Taylor's Version) (From The Vault),Taylor Swift Featuring Hayley Williams
2023-07-16,Speak Now (Taylor's Version),Taylor Swift
2023-07-16,When Emma Falls In Love (Taylor's Version) (From The Vault),Taylor Swift
2023-07-16,Electric Touch (Taylor's Version) (From The Vault),Taylor Swift Featuring Fall Out Boy
2023-07-16,Mean (Taylor's Version),Taylor Swift
2023-07-16,Foolish One (Taylor's Version) (From The Vault),Taylor Swift
2023-07-16,The Story Of Us (Taylor's Version),Taylor Swift
2023-07-16,Timeless (Taylor's Version) (From The Vault),Taylor Swift
2023-07-16,Haunted (Taylor's Version),Taylor Swift
2023-07-16,Long Live (Taylor's Version),Taylor Swift
2023-07-16,Last Kiss (Taylor's Version),Taylor Swift
2023-07-16,Never Grow Up (Taylor's Version),Taylor Swift
2023-07-16,Innocent (Taylor's Version),Taylor Swift
2023-07-16,Super Shy,NewJeans
2023-07-16,Ours (Taylor's Version),Taylor Swift
2023-07-16,Superman (Taylor's Version),Taylor Swift
2023-07-16,Point Me 2,FendiDa Rappa With Cardi B
2023-07-16,LaLa,Myke Towers
2023-07-23,Seven,Jung Kook Featuring Latto
2023-07-23,Try That In A Small Town,Jason Aldean
2023-07-23,What Was I Made For?,Billie Eilish
2023-07-23,Overdrive,Post Malone
2023-07-23,S91,Karol G
2023-07-23,Rush,Troye Sivan
2023-07-23,Save Me The Trouble,Dan + Shay
2023-07-23,Turn Yo Clic Up,Quavo & Future
2023-07-23,Quema,Ryan Castro x Pe$o Pluma
2023-07-23,Angels Don't Always Have Wings,Thomas Rhett
2023-07-23,Thang For You,Rylo Rodriguez Featuring NoCap
2023-07-23,Johnny Dang,"That Mexican OT, Paul Wall & DRODi"
2023-07-30,K-POP,"Travis Scott, Bad Bunny & The Weeknd"
2023-07-30,White Horse,Chris Stapleton
2023-07-30,Deli,Ice Spice
2023-07-30,Heartbroken,"Diplo, Jessie Murph & Polo G"
2023-07-30,Speed Drive,Charli xcx
2023-07-30,ETA,NewJeans
2023-07-30,I'm Just Ken,Ryan Gosling
2023-07-30,But I Got A Beer In My Hand,Luke Bryan
2023-07-30,Cool With You,NewJeans
2023-07-30,Talibans II,Burna Boy & Byron Messia
2023-07-30,Equal Dirt,Rylo Rodriguez
2023-08-06,Meltdown,Travis Scott Featuring Drake
2023-08-06,FE!N,Travis Scott Featuring Playboi Carti
2023-08-06,I Know ?,Travis Scott
2023-08-06,Hyaena,Travis Scott
2023-08-06,Thank God,Travis Scott
2023-08-06,Topia Twins,Travis Scott Featuring Rob49 & 21 Savage
2023-08-06,My Eyes,Travis Scott
2023-08-06,Modern Jam,Travis Scott Featuring Teezo Touchdown
2023-08-06,Delresto (Echoes),Travis Scott & Beyonce
2023-08-06,Telekinesis,Travis Scott Featuring SZA & Future
2023-08-06,Sirens,Travis Scott
2023-08-06,God's Country,Travis Scott
2023-08-06,Skitzo,Travis Scott Featuring Young Thug
2023-08-06,Circus Maximus,Travis Scott Featuring The Weeknd & Swae Lee
2023-08-06,Til Further Notice,Travis Scott Featuring James Blake & 21 Savage
2023-08-06,In Your Love,Tyler Childers
2023-08-06,Lost Forever,Travis Scott Featuring Westside Gunn
2023-08-06,Looove,Travis Scott Featuring Kid Cudi
2023-08-06,Parasail,Travis Scott Featuring Yung Lean & Dave Chappelle
2023-08-06,Jealousy,Offset & Cardi B
2023-08-06,Enough Is Enough,Post Malone
2023-08-06,Something Real,Post Malone
2023-08-06,On The Radar Freestyle,Drake & Central Cee
2023-08-06,Too Cool To Die,Post Malone
2023-08-06,Don't Understand,Post Malone
2023-08-06,Aqui Te Espero,Ivan Cornejo
2023-08-06,Novacandy,Post Malone
2023-08-13,Paint The Town Red,Doja Cat
2023-08-13,Good Good,"Usher, Summer Walker & 21 Savage"
2023-08-13,El Amor de Su Vida,Grupo Frontera & Grupo Firme
2023-08-20,Rich Men North Of Richmond,Oliver Anthony Music
2023-08-20,Bad Idea Right?,Olivia Rodrigo
2023-08-20,Mi Ex Tenia Razon,Karol G
2023-08-20,Qlona,Karol G & Peso Pluma
2023-08-20,Supposed To Be Loved,"DJ Khaled, Lil Baby, Future & Lil Uzi Vert"
2023-08-20,The Painter,Cody Johnson
2023-08-20,Una Noche En Medellin (Remix),"Karol G, Cris Mj & Ryan Castro"
2023-08-20,Aint Gotta Dollar,Oliver Anthony Music
2023-08-20,Oki Doki,Karol G
2023-08-20,Pretty Little Poison,Warren Zeiders
2023-08-20,Amargura,Karol G
2023-08-20,Love Me Again,V
2023-08-20,Mona Lisa,Dominic Fike
2023-08-20,Lose Control,Teddy Swims
2023-08-27,Call Your Friends,Rod Wave
2023-08-27,Standing Room Only,Tim McGraw
2023-08-27,Barely Holdin' On,Polo G
2023-08-27,F*ck U Thought,Lil Durk
2023-08-27,Summer Too Hot,Chris Brown
2023-09-03,I Remember Everything,Zach Bryan Featuring Kacey Musgraves
2023-09-03,Used To Be Young,Miley Cyrus
2023-09-03,Hey Driver,Zach Bryan Featuring The War And Treaty
2023-09-03,Spotless,Zach Bryan Featuring The Lumineers
2023-09-03,East Side Of Sorrow,Zach Bryan
2023-09-03,Single Soon,Selena Gomez
2023-09-03,Tourniquet,Zach Bryan
2023-09-03,Overtime,Zach Bryan
2023-09-03,Summertime's Close,Zach Bryan
2023-09-03,Fear And Friday's,Zach Bryan
2023-09-03,Ticking,Zach Bryan
2023-09-03,El Dorado,Zach Bryan
2023-09-03,Holy Roller,Zach Bryan Featuring Sierra Ferrell
2023-09-03,Smaller Acts,Zach Bryan
2023-09-03,Fear And Friday's (Poem),Zach Bryan
2023-09-03,Jake's Piano - Long Island,Zach Bryan
2023-09-03,Tradesman,Zach Bryan
2023-09-03,Oklahoman Son,Zach Bryan
2023-09-03,Sittin' On Top Of The World,Burna Boy
2023-09-03,There I Go,Gucci Mane Featuring J. Cole & Mike WiLL Made-It
2023-09-03,Primera Cita,Carin Leon
2023-09-03,On My Mama,Victoria Monet
2023-09-10,Last Time I Saw You,Nicki Minaj
2023-09-10,Margaritaville,Jimmy Buffett
2023-09-10,Demons,Doja Cat
2023-09-10,Come See Me,Rod Wave
2023-09-10,Que Onda,Calle 24 x Chino Pacas x Fuerza Regida
2023-09-10,SkeeYee,Sexyy Red
2023-09-10,Keep Going Up!,"Timbaland, Nelly Furtado & Justin Timberlake"
2023-09-17,Get Him Back!,Olivia Rodrigo
2023-09-17,All-American Bitch,Olivia Rodrigo
2023-09-17,Bongos,Cardi B & Megan Thee Stallion
2023-09-17,The Grudge,Olivia Rodrigo
2023-09-17,Making The Bed,Olivia Rodrigo
2023-09-17,Logical,Olivia Rodrigo
2023-09-17,Lacy,Olivia Rodrigo
2023-09-17,Ballad Of A Homeschooled Girl,Olivia Rodrigo
2023-09-17,Love Is Embarrassing,Olivia Rodrigo
2023-09-17,Pretty Isn't Pretty,Olivia Rodrigo
2023-09-17,Teenage Dream,Olivia Rodrigo
2023-09-17,Slow Dancing,V
2023-09-17,Bipolar,Peso Pluma x Jasiel Nunez x Junior H
2023-09-24,Slime You Out,Drake Featuring SZA
2023-09-24,Turks & Caicos,Rod Wave Featuring 21 Savage
2023-09-24,Boyz Don't Cry,Rod Wave
2023-09-24,Great Gatsby,Rod Wave
2023-09-24,Greedy,Tate McRae
2023-09-24,Long Journey,Rod Wave
2023-09-24,Nostalgia,Rod Wave & Wet
2023-09-24,Crazy,Rod Wave
2023-09-24,HG4,Rod Wave
2023-09-24,Checkmate,Rod Wave
2023-09-24,Love For A Thug,Rod Wave
2023-09-24,2018,Rod Wave & Sadie Jean
2023-09-24,Keep It G,Rod Wave
2023-09-24,Pass You By,Rod Wave
2023-09-24,Love Story/Interlude,Rod Wave
2023-09-24,Back Lit,Rod Wave
2023-09-24,Another One Of Me,"Diddy, French Montana & The Weeknd Featuring 21 Savage"
2023-09-24,Strangers,Kenya Grace
2023-09-24,Rap Beef,Rod Wave
2023-09-24,Lil Boo Thang,Paul Russell
2023-10-01,Sarah's Place,Zach Bryan Featuring Noah Kahan
2023-10-01,Agora Hills,Doja Cat
2023-10-01,Boys Of Faith,Zach Bryan Featuring Bon Iver
2023-10-01,Deep Satin,Zach Bryan
2023-10-01,Nine Ball,Zach Bryan
2023-10-01,El Jefe,Shakira X Fuerza Regida
2023-10-01,500lbs,Lil Tecca
2023-10-01,One More Time,blink-182
2023-10-01,Un Preview,Bad Bunny
2023-10-01,"Pain, Sweet, Pain",Zach Bryan
2023-10-01,My Love Mine All Mine,Mitski
2023-10-01,Segun Quien,Maluma & Carin Leon
2023-10-01,HVN On Earth,Lil Tecca & Kodak Black
2023-10-01,Can't Have Mine,Dylan Scott
2023-10-08,3D,Jung Kook & Jack Harlow
2023-10-08,Better Place,*NSYNC
2023-10-08,Mamaw's House,Thomas Rhett Featuring Morgan Wallen
2023-10-08,Water,Tyla
2023-10-08,Stick Season,Noah Kahan
2023-10-08,Shaq & Kobe,Rick Ross & Meek Mill
2023-10-08,Stars Like Confetti,Dustin Lynch
2023-10-08,God Gave Me A Girl,Russell Dickerson
2023-10-08,The Secret Recipe,Lil Yachty & J. Cole
2023-10-15,First Person Shooter,Drake Featuring J. Cole
2023-10-15,IDGAF,Drake Featuring Yeat
2023-10-15,Virginia Beach,Drake
2023-10-15,Calling For You,Drake Featuring 21 Savage
2023-10-15,Daylight,Drake
2023-10-15,Fear Of Heights,Drake
2023-10-15,Rich Baby Daddy,Drake Featuring Sexyy Red & SZA
2023-10-15,Gently,Drake Featuring Bad Bunny
2023-10-15,Amen,Drake Featuring Teezo Touchdown
2023-10-15,7969 Santa,Drake
2023-10-15,8am In Charlotte,Drake
2023-10-15,What Would Pluto Do,Drake
2023-10-15,Bahamas Promises,Drake
2023-10-15,Tried Our Best,Drake
2023-10-15,Members Only,Drake Featuring PARTYNEXTDOOR
2023-10-15,All The Parties,Drake Featuring Chief Keef
2023-10-15,Drew A Picasso,Drake
2023-10-15,Another Late Night,Drake Featuring Lil Yachty
2023-10-15,Away From Home,Drake
2023-10-15,BBL Love Interlude,Drake
2023-10-15,Polar Opposites,Drake
2023-10-15,Screw The World Interlude,Drake
2023-10-15,Wild Ones,Jessie Murph & Jelly Roll
2023-10-15,She Calls Me Back,Noah Kahan With Kacey Musgraves
2023-10-15,Y Lloro,Junior H
2023-10-22,Monaco,Bad Bunny
2023-10-22,Fina,Bad Bunny & Young Miko
2023-10-22,Perro Negro,Bad Bunny & Feid
2023-10-22,Nadie Sabe,Bad Bunny
2023-10-22,Hibiki,Bad Bunny & Mora
2023-10-22,Mr. October,Bad Bunny
2023-10-22,Cybertruck,Bad Bunny
2023-10-22,Telefono Nuevo,Bad Bunny & Luar La L
2023-10-22,Baby Nueva,Bad Bunny
2023-10-22,Seda,Bad Bunny & Bryant Myers
2023-10-22,Say My Grace,Offset Featuring Travis Scott
2023-10-22,Gracias Por Nada,Bad Bunny
2023-10-22,Vou 787,Bad Bunny
2023-10-22,Mercedes Carota,Bad Bunny & YOVNGCHIMI
2023-10-22,Los Pits,Bad Bunny
2023-10-22,No Me Quiero Casar,Bad Bunny
2023-10-22,Vuelve Candy B,Bad Bunny
2023-10-22,Baticano,Bad Bunny
2023-10-22,Thunder y Lightning,Bad Bunny & Eladio Carrion
2023-10-22,Acho PR,"Bad Bunny, Arcangel, De La Ghetto & Nengo Flow"
2023-10-22,Worth It,Offset & Don Toliver
2023-10-29,Too Much,"The Kid LAROI, Jung Kook & Central Cee"
2023-10-29,Burn It Down,Parker McCollum
2023-10-29,One Of Your Girls,Troye Sivan
2023-11-05,Is It Over Now? (Taylor's Version) [From The Vault],Taylor Swift
2023-11-05,Now That We Don't Talk (Taylor's Version) [From The Vault],Taylor Swift
2023-11-05,Slut! (Taylor's Version) [From The Vault],Taylor Swift
2023-11-05,Say Don't Go (Taylor's Version) [From The Vault],Taylor Swift
2023-11-05,Bad Blood (Taylor's Version),Taylor Swift
2023-11-05,Style (Taylor's Version),Taylor Swift
2023-11-05,Suburban Legends (Taylor's Version) [From The Vault],Taylor Swift
2023-11-05,Blank Space (Taylor's Version),Taylor Swift
2023-11-05,Welcome To New York (Taylor's Version),Taylor Swift
2023-11-05,Out Of The Woods (Taylor's Version),Taylor Swift
2023-11-05,All You Had To Do Was Stay (Taylor's Version),Taylor Swift
2023-11-05,Shake It Off (Taylor's Version),Taylor Swift
2023-11-05,New Romantics (Taylor's Version),Taylor Swift
2023-11-05,Clean (Taylor's Version),Taylor Swift
2023-11-05,I Wish You Would (Taylor's Version),Taylor Swift
2023-11-05,I Know Places (Taylor's Version),Taylor Swift
2023-11-05,Wonderland (Taylor's Version),Taylor Swift
2023-11-05,How You Get The Girl (Taylor's Version),Taylor Swift
2023-11-05,This Is Halloween,The Citizens of Halloween
2023-11-05,You Are In Love (Taylor's Version),Taylor Swift
2023-11-05,World On Fire,Nate Smith
2023-11-05,Mr. Take Ya B*tch,Lil Mabu & chriseanrock
2023-11-12,Standing Next To You,Jung Kook
2023-11-12,Now And Then,The Beatles
2023-11-12,Cobra,Megan Thee Stallion
2023-11-12,Harley Quinn,Fuerza Regida & Marshmello
2023-11-12,Can't Catch Me Now,Olivia Rodrigo
2023-11-12,Bleed,The Kid LAROI
2023-11-12,We Don't Fight Anymore,Carly Pearce Featuring Chris Stapleton
2023-11-19,Lovin On Me,Jack Harlow
2023-11-19,Houdini,Dua Lipa
2023-11-19,Northern Attitude,Noah Kahan With Hozier
2023-11-19,LALALALA,Stray Kids
2023-11-19,Smurk Carter,Lil Durk
2023-11-19,Different 'Round Here,Riley Green Featuring Luke Combs
2023-11-19,Better Than Ever,YoungBoy Never Broke Again & Rod Wave
2023-11-19,Soak City,310babii
2023-11-26,You Broke My Heart,Drake
2023-11-26,Evil Ways,Drake Featuring J. Cole
2023-11-26,Exes,Tate McRae
2023-11-26,Red Button,Drake
2023-11-26,The Shoe Fits,Drake
2023-11-26,Stories About My Brother,Drake
2023-11-26,Wick Man,Drake
2023-11-26,Where The Wild Things Are,Luke Combs
2023-11-26,"I Swear, I Really Wanted To Make A ""Rap"" Album But...",Andre 3000
2023-12-03,You're Losing Me (From The Vault),Taylor Swift
2023-12-03,Labios Mordidos,Kali Uchis & Karol G
2023-12-10,My House,Beyonce
2023-12-10,"Everywhere, Everything",Noah Kahan With Gracie Abrams
2023-12-10,Mmhmm,BigXthaPlug
2023-12-10,Feather,Sabrina Carpenter
2023-12-17,Everybody,Nicki Minaj Featuring Lil Uzi Vert
2023-12-17,Needle,Nicki Minaj Featuring Drake
2023-12-17,FTCU,Nicki Minaj
2023-12-17,Barbie Dangerous,Nicki Minaj
2023-12-17,Are You Gone Already,Nicki Minaj
2023-12-17,Let Me Calm Down,Nicki Minaj Featuring J. Cole
2023-12-17,Beep Beep,Nicki Minaj
2023-12-17,Run For The Hills,Tate McRae
2023-12-17,Big Difference,Nicki Minaj
2023-12-17,Fallin 4 U,Nicki Minaj
2023-12-17,RNB,Nicki Minaj Featuring Lil Wayne & Tate Kobang
2023-12-17,Pink Friday Girls,Nicki Minaj
2023-12-17,Cowgirl,Nicki Minaj Featuring Lourdiz
2023-12-17,Pink Birthday,Nicki Minaj
2023-12-17,Bahm Bahm,Nicki Minaj
2023-12-24,Bellakeo,Peso Pluma & Anitta
2023-12-24,La Diabla,Xavi
2023-12-24,Jingle Bells,Meghan Trainor
2023-12-24,Crazy,Lil Baby
2023-12-24,Never Lose Me,Flo Milli
2023-12-24,Lace It,"Juice WRLD, Eminem & benny blanco"
2023-12-24,Mind On You,George Birge
2023-12-24,La Victima,Xavi
2023-12-24,Wondering Why,The Red Clay Strays
2023-12-24,DJ Play A Christmas Song,Cher
2023-12-24,Winter Wonderland,Chloe
2023-12-24,One Of The Girls,"The Weeknd, Jennie & Lily-Rose Depp"
2023-12-31,I Saw Mommy Kissing Santa Claus,Jackson 5
2023-12-31,(There's No Place Like) Home For The Holidays (1954),Perry Como With Mitchell Ayers And His Orchestra
